pipeline_id,project_id,organization_id,created_at,updated_at,status,branch,trigger_type
pipeline_000001,project_00164,org_0006,2026-08-08T15:18:37+00:00,2026-08-08T15:45:37+00:00,canceled,develop,api
pipeline_000002,project_00191,org_0076,2026-01-31T05:12:37+00:00,2026-01-31T06:13:37+00:00,success,feature/auth,webhook
pipeline_000003,project_00163,org_0017,2026-02-04T10:59:10+00:00,2026-02-04T13:51:10+00:00,success,feature/auth,scheduled
pipeline_000004,project_00003,org_0015,2026-04-13T23:57:32+00:00,2026-04-14T00:51:32+00:00,success,main,api
pipeline_000005,project_00066,org_0081,2026-02-11T22:57:19+00:00,2026-02-11T22:58:19+00:00,success,feature/api,scheduled
pipeline_000006,project_00043,org_0095,2026-06-10T18:56:17+00:00,2026-06-10T21:03:17+00:00,failed,feature/auth,manual
pipeline_000007,project_00097,org_0073,2026-02-09T09:22:57+00:00,2026-02-09T11:25:57+00:00,failed,release,webhook
pipeline_000008,project_00042,org_0070,2026-06-25T06:18:13+00:00,2026-06-25T06:37:13+00:00,failed,main,api
pipeline_000009,project_00006,org_0057,2026-05-04T18:39:24+00:00,2026-05-04T19:46:24+00:00,canceled,main,api
pipeline_000010,project_00044,org_0058,2026-05-26T19:31:16+00:00,2026-05-26T20:13:16+00:00,failed,release,push
pipeline_000011,project_00087,org_0094,2026-08-19T16:45:57+00:00,2026-08-19T19:23:57+00:00,failed,main,scheduled
pipeline_000012,project_00168,org_0036,2026-03-06T01:53:07+00:00,2026-03-06T04:29:07+00:00,failed,develop,push
pipeline_000013,project_00026,org_0048,2026-05-09T14:01:30+00:00,2026-05-09T14:54:30+00:00,on_hold,feature/api,manual
pipeline_000014,project_00185,org_0064,2026-07-29T18:20:02+00:00,2026-07-29T19:28:02+00:00,success,feature/auth,webhook
pipeline_000015,project_00025,org_0031,2026-01-20T06:38:09+00:00,2026-01-20T08:19:09+00:00,success,feature/api,webhook
pipeline_000016,project_00014,org_0026,2026-05-21T03:10:09+00:00,2026-05-21T03:11:09+00:00,success,feature/auth,manual
pipeline_000017,project_00123,org_0071,2026-03-19T13:06:14+00:00,2026-03-19T13:31:14+00:00,success,develop,api
pipeline_000018,project_00021,org_0079,2026-07-03T21:59:54+00:00,2026-07-03T22:29:54+00:00,success,feature/api,scheduled
pipeline_000019,project_00126,org_0016,2026-04-13T22:01:12+00:00,2026-04-13T22:25:12+00:00,success,feature/api,webhook
pipeline_000020,project_00095,org_0082,2026-05-29T03:19:36+00:00,2026-05-29T04:54:36+00:00,success,main,api
pipeline_000021,project_00113,org_0017,2026-06-30T14:39:15+00:00,2026-06-30T15:47:15+00:00,success,feature/auth,manual
pipeline_000022,project_00016,org_0027,2026-02-28T16:38:23+00:00,2026-02-28T19:37:23+00:00,success,main,api
pipeline_000023,project_00139,org_0092,2026-06-10T18:38:06+00:00,2026-06-10T21:09:06+00:00,success,main,scheduled
pipeline_000024,project_00134,org_0053,2026-06-12T13:56:01+00:00,2026-06-12T16:14:01+00:00,success,feature/api,manual
pipeline_000025,project_00061,org_0082,2026-07-04T23:05:10+00:00,2026-07-05T00:22:10+00:00,success,main,manual
pipeline_000026,project_00147,org_0018,2026-07-20T17:05:14+00:00,2026-07-20T19:32:14+00:00,success,release,webhook
pipeline_000027,project_00031,org_0041,2026-06-24T09:21:13+00:00,2026-06-24T10:06:13+00:00,canceled,develop,webhook
pipeline_000028,project_00050,org_0077,2026-02-19T00:08:19+00:00,2026-02-19T00:19:19+00:00,success,feature/api,webhook
pipeline_000029,project_00161,org_0075,2026-02-27T10:19:30+00:00,2026-02-27T12:52:30+00:00,success,main,push
pipeline_000030,project_00100,org_0028,2026-08-05T01:41:24+00:00,2026-08-05T03:23:24+00:00,success,feature/auth,manual
pipeline_000031,project_00118,org_0073,2026-01-05T19:14:20+00:00,2026-01-05T22:14:20+00:00,success,release,scheduled
pipeline_000032,project_00029,org_0089,2026-06-10T22:52:59+00:00,2026-06-10T23:31:59+00:00,success,release,manual
pipeline_000033,project_00195,org_0082,2026-02-08T21:58:08+00:00,2026-02-08T22:26:08+00:00,success,main,api
pipeline_000034,project_00138,org_0054,2026-05-14T13:05:34+00:00,2026-05-14T14:51:34+00:00,success,feature/api,manual
pipeline_000035,project_00156,org_0034,2026-07-03T17:06:50+00:00,2026-07-03T17:16:50+00:00,success,feature/api,webhook
pipeline_000036,project_00159,org_0008,2026-08-25T09:04:41+00:00,2026-08-25T11:59:41+00:00,success,main,scheduled
pipeline_000037,project_00085,org_0088,2026-04-03T06:23:58+00:00,2026-04-03T06:36:58+00:00,failed,feature/auth,api
pipeline_000038,project_00006,org_0057,2026-05-12T05:08:24+00:00,2026-05-12T06:26:24+00:00,success,feature/api,push
pipeline_000039,project_00059,org_0059,2026-02-22T04:33:49+00:00,2026-02-22T05:50:49+00:00,on_hold,feature/api,api
pipeline_000040,project_00069,org_0084,2026-06-11T20:36:12+00:00,2026-06-11T23:11:12+00:00,success,develop,scheduled
pipeline_000041,project_00055,org_0032,2026-06-08T03:06:10+00:00,2026-06-08T05:11:10+00:00,failed,feature/auth,push
pipeline_000042,project_00132,org_0076,2026-03-03T17:43:50+00:00,2026-03-03T18:00:50+00:00,success,release,scheduled
pipeline_000043,project_00035,org_0054,2026-07-23T14:42:06+00:00,2026-07-23T17:08:06+00:00,success,develop,webhook
pipeline_000044,project_00015,org_0050,2026-04-07T21:25:04+00:00,2026-04-07T21:34:04+00:00,success,feature/auth,webhook
pipeline_000045,project_00071,org_0048,2026-05-24T01:17:19+00:00,2026-05-24T03:16:19+00:00,success,main,push
pipeline_000046,project_00062,org_0051,2026-05-25T15:38:30+00:00,2026-05-25T17:44:30+00:00,success,develop,scheduled
pipeline_000047,project_00151,org_0060,2026-08-03T02:48:09+00:00,2026-08-03T04:18:09+00:00,success,feature/auth,push
pipeline_000048,project_00073,org_0055,2026-01-11T15:51:25+00:00,2026-01-11T17:30:25+00:00,success,release,webhook
pipeline_000049,project_00057,org_0049,2026-03-29T10:11:46+00:00,2026-03-29T13:05:46+00:00,success,feature/api,manual
pipeline_000050,project_00006,org_0057,2026-01-04T10:56:06+00:00,2026-01-04T12:58:06+00:00,canceled,develop,manual
pipeline_000051,project_00003,org_0015,2026-03-28T21:41:16+00:00,2026-03-28T22:46:16+00:00,success,feature/auth,api
pipeline_000052,project_00109,org_0079,2026-05-27T05:00:19+00:00,2026-05-27T06:30:19+00:00,success,develop,scheduled
pipeline_000053,project_00078,org_0062,2026-07-22T04:41:48+00:00,2026-07-22T07:21:48+00:00,success,main,push
pipeline_000054,project_00131,org_0095,2026-05-26T08:04:27+00:00,2026-05-26T10:28:27+00:00,success,release,api
pipeline_000055,project_00077,org_0016,2026-02-11T23:36:26+00:00,2026-02-12T01:40:26+00:00,success,feature/auth,api
pipeline_000056,project_00071,org_0048,2026-04-12T10:03:56+00:00,2026-04-12T12:51:56+00:00,failed,feature/auth,webhook
pipeline_000057,project_00039,org_0096,2026-07-20T21:31:32+00:00,2026-07-20T22:33:32+00:00,failed,release,scheduled
pipeline_000058,project_00170,org_0064,2026-05-05T02:45:17+00:00,2026-05-05T05:40:17+00:00,success,main,scheduled
pipeline_000059,project_00076,org_0002,2026-04-11T18:01:41+00:00,2026-04-11T19:49:41+00:00,success,main,manual
pipeline_000060,project_00182,org_0031,2026-08-11T03:49:18+00:00,2026-08-11T04:38:18+00:00,success,develop,manual
pipeline_000061,project_00164,org_0006,2026-07-04T18:10:24+00:00,2026-07-04T21:02:24+00:00,success,feature/auth,webhook
pipeline_000062,project_00169,org_0005,2026-08-05T19:14:56+00:00,2026-08-05T20:01:56+00:00,success,feature/api,webhook
pipeline_000063,project_00190,org_0042,2026-04-11T10:48:35+00:00,2026-04-11T13:12:35+00:00,failed,develop,api
pipeline_000064,project_00168,org_0036,2026-02-04T16:20:04+00:00,2026-02-04T17:17:04+00:00,success,feature/auth,scheduled
pipeline_000065,project_00085,org_0088,2026-05-25T08:19:52+00:00,2026-05-25T09:26:52+00:00,success,feature/api,push
pipeline_000066,project_00121,org_0032,2026-01-21T20:18:19+00:00,2026-01-21T23:01:19+00:00,success,release,push
pipeline_000067,project_00121,org_0032,2026-03-17T13:16:46+00:00,2026-03-17T15:25:46+00:00,success,feature/api,manual
pipeline_000068,project_00077,org_0016,2026-06-10T10:26:19+00:00,2026-06-10T10:40:19+00:00,failed,develop,webhook
pipeline_000069,project_00052,org_0018,2026-05-14T01:54:53+00:00,2026-05-14T03:39:53+00:00,on_hold,feature/api,webhook
pipeline_000070,project_00081,org_0100,2026-03-12T01:02:48+00:00,2026-03-12T01:23:48+00:00,success,develop,api
pipeline_000071,project_00163,org_0017,2026-01-23T12:43:33+00:00,2026-01-23T12:45:33+00:00,success,develop,webhook
pipeline_000072,project_00148,org_0022,2026-03-03T12:43:20+00:00,2026-03-03T14:49:20+00:00,failed,main,webhook
pipeline_000073,project_00158,org_0014,2026-06-18T10:29:00+00:00,2026-06-18T13:12:00+00:00,success,feature/api,scheduled
pipeline_000074,project_00099,org_0003,2026-01-02T19:31:10+00:00,2026-01-02T19:41:10+00:00,success,feature/auth,push
pipeline_000075,project_00083,org_0057,2026-07-26T05:35:37+00:00,2026-07-26T06:24:37+00:00,success,main,webhook
pipeline_000076,project_00058,org_0052,2026-05-14T17:34:21+00:00,2026-05-14T18:54:21+00:00,success,feature/api,manual
pipeline_000077,project_00151,org_0060,2026-04-29T21:11:58+00:00,2026-04-29T21:54:58+00:00,success,main,api
pipeline_000078,project_00075,org_0017,2026-06-27T01:32:28+00:00,2026-06-27T03:46:28+00:00,success,feature/auth,scheduled
pipeline_000079,project_00176,org_0024,2026-02-21T23:00:28+00:00,2026-02-22T00:28:28+00:00,on_hold,feature/api,api
pipeline_000080,project_00193,org_0076,2026-03-15T04:15:28+00:00,2026-03-15T04:58:28+00:00,canceled,feature/api,push
pipeline_000081,project_00059,org_0059,2026-03-29T02:49:35+00:00,2026-03-29T03:23:35+00:00,success,main,manual
pipeline_000082,project_00130,org_0026,2026-03-07T15:03:07+00:00,2026-03-07T15:35:07+00:00,success,main,scheduled
pipeline_000083,project_00164,org_0006,2026-04-10T08:07:40+00:00,2026-04-10T10:24:40+00:00,success,release,push
pipeline_000084,project_00170,org_0064,2026-02-11T23:41:25+00:00,2026-02-12T02:29:25+00:00,failed,main,push
pipeline_000085,project_00107,org_0094,2026-06-22T13:18:33+00:00,2026-06-22T14:56:33+00:00,success,feature/auth,scheduled
pipeline_000086,project_00180,org_0035,2026-03-01T11:14:52+00:00,2026-03-01T12:07:52+00:00,success,main,api
pipeline_000087,project_00108,org_0012,2026-02-09T05:12:01+00:00,2026-02-09T08:02:01+00:00,success,release,manual
pipeline_000088,project_00180,org_0035,2026-02-23T06:27:24+00:00,2026-02-23T08:15:24+00:00,failed,main,manual
pipeline_000089,project_00185,org_0064,2026-08-28T21:21:44+00:00,2026-08-28T21:52:44+00:00,success,main,scheduled
pipeline_000090,project_00051,org_0038,2026-08-25T12:18:29+00:00,2026-08-25T13:10:29+00:00,failed,release,webhook
pipeline_000091,project_00092,org_0078,2026-06-09T03:12:17+00:00,2026-06-09T04:28:17+00:00,success,release,scheduled
pipeline_000092,project_00054,org_0032,2026-07-06T16:06:45+00:00,2026-07-06T17:31:45+00:00,success,main,push
pipeline_000093,project_00029,org_0089,2026-08-11T23:29:29+00:00,2026-08-12T02:21:29+00:00,success,main,manual
pipeline_000094,project_00020,org_0068,2026-02-09T08:05:44+00:00,2026-02-09T09:11:44+00:00,success,feature/api,api
pipeline_000095,project_00068,org_0055,2026-06-30T07:22:43+00:00,2026-06-30T07:35:43+00:00,success,develop,push
pipeline_000096,project_00075,org_0017,2026-05-20T21:26:38+00:00,2026-05-21T00:20:38+00:00,success,main,push
pipeline_000097,project_00195,org_0082,2026-01-18T19:43:02+00:00,2026-01-18T19:46:02+00:00,failed,develop,api
pipeline_000098,project_00092,org_0078,2026-06-19T23:47:41+00:00,2026-06-20T02:27:41+00:00,success,main,api
pipeline_000099,project_00088,org_0041,2026-03-13T00:27:59+00:00,2026-03-13T00:57:59+00:00,success,feature/api,api
pipeline_000100,project_00099,org_0003,2026-07-05T17:33:59+00:00,2026-07-05T19:21:59+00:00,success,develop,push
pipeline_000101,project_00034,org_0084,2026-01-23T18:37:26+00:00,2026-01-23T19:18:26+00:00,success,release,scheduled
pipeline_000102,project_00146,org_0035,2026-06-20T03:58:24+00:00,2026-06-20T04:45:24+00:00,success,feature/auth,manual
pipeline_000103,project_00008,org_0003,2026-02-20T17:47:45+00:00,2026-02-20T19:51:45+00:00,canceled,main,scheduled
pipeline_000104,project_00113,org_0017,2026-01-18T20:29:35+00:00,2026-01-18T20:46:35+00:00,success,feature/auth,push
pipeline_000105,project_00181,org_0050,2026-07-23T19:39:26+00:00,2026-07-23T22:07:26+00:00,failed,develop,api
pipeline_000106,project_00133,org_0098,2026-07-23T03:40:29+00:00,2026-07-23T06:37:29+00:00,failed,main,scheduled
pipeline_000107,project_00170,org_0064,2026-04-07T12:54:19+00:00,2026-04-07T14:58:19+00:00,success,feature/api,webhook
pipeline_000108,project_00143,org_0010,2026-08-27T00:46:21+00:00,2026-08-27T01:00:21+00:00,success,develop,manual
pipeline_000109,project_00121,org_0032,2026-07-12T13:30:59+00:00,2026-07-12T14:13:59+00:00,success,feature/api,api
pipeline_000110,project_00062,org_0051,2026-05-09T12:09:48+00:00,2026-05-09T13:21:48+00:00,success,develop,manual
pipeline_000111,project_00165,org_0074,2026-05-28T01:09:29+00:00,2026-05-28T02:53:29+00:00,failed,main,scheduled
pipeline_000112,project_00114,org_0099,2026-08-11T13:04:21+00:00,2026-08-11T14:59:21+00:00,success,feature/api,scheduled
pipeline_000113,project_00081,org_0100,2026-02-16T02:25:40+00:00,2026-02-16T04:33:40+00:00,failed,main,push
pipeline_000114,project_00104,org_0040,2026-06-10T03:16:25+00:00,2026-06-10T03:26:25+00:00,success,main,push
pipeline_000115,project_00155,org_0066,2026-08-29T10:06:53+00:00,2026-08-29T12:50:53+00:00,success,release,manual
pipeline_000116,project_00053,org_0084,2026-06-27T04:09:57+00:00,2026-06-27T05:37:57+00:00,success,main,webhook
pipeline_000117,project_00117,org_0066,2026-05-09T22:12:32+00:00,2026-05-10T00:36:32+00:00,failed,release,scheduled
pipeline_000118,project_00184,org_0073,2026-05-22T02:09:02+00:00,2026-05-22T04:05:02+00:00,success,develop,push
pipeline_000119,project_00088,org_0041,2026-05-18T22:08:06+00:00,2026-05-19T00:51:06+00:00,canceled,feature/auth,manual
pipeline_000120,project_00134,org_0053,2026-05-26T04:54:38+00:00,2026-05-26T07:54:38+00:00,success,develop,scheduled
pipeline_000121,project_00036,org_0011,2026-06-08T22:07:14+00:00,2026-06-08T22:35:14+00:00,success,develop,webhook
pipeline_000122,project_00031,org_0041,2026-06-02T14:03:38+00:00,2026-06-02T14:59:38+00:00,success,develop,api
pipeline_000123,project_00028,org_0055,2026-06-10T23:08:37+00:00,2026-06-10T23:20:37+00:00,canceled,release,push
pipeline_000124,project_00198,org_0017,2026-06-24T23:00:25+00:00,2026-06-25T00:58:25+00:00,success,release,webhook
pipeline_000125,project_00128,org_0060,2026-01-02T16:25:46+00:00,2026-01-02T18:41:46+00:00,failed,release,scheduled
pipeline_000126,project_00150,org_0099,2026-07-07T13:15:07+00:00,2026-07-07T15:26:07+00:00,failed,develop,manual
pipeline_000127,project_00045,org_0057,2026-02-19T20:36:17+00:00,2026-02-19T21:03:17+00:00,success,release,manual
pipeline_000128,project_00083,org_0057,2026-07-15T18:38:48+00:00,2026-07-15T20:17:48+00:00,success,release,webhook
pipeline_000129,project_00071,org_0048,2026-06-04T12:25:01+00:00,2026-06-04T13:53:01+00:00,on_hold,feature/api,webhook
pipeline_000130,project_00036,org_0011,2026-06-10T07:03:59+00:00,2026-06-10T09:38:59+00:00,failed,release,api
pipeline_000131,project_00180,org_0035,2026-08-01T17:55:18+00:00,2026-08-01T19:16:18+00:00,failed,release,webhook
pipeline_000132,project_00052,org_0018,2026-03-23T10:39:50+00:00,2026-03-23T13:19:50+00:00,failed,feature/auth,webhook
pipeline_000133,project_00182,org_0031,2026-03-11T01:20:04+00:00,2026-03-11T03:29:04+00:00,success,feature/auth,push
pipeline_000134,project_00195,org_0082,2026-05-17T19:05:39+00:00,2026-05-17T21:29:39+00:00,success,release,scheduled
pipeline_000135,project_00173,org_0032,2026-07-27T08:20:05+00:00,2026-07-27T09:34:05+00:00,failed,feature/api,push
pipeline_000136,project_00134,org_0053,2026-02-11T08:22:36+00:00,2026-02-11T08:29:36+00:00,success,main,push
pipeline_000137,project_00052,org_0018,2026-04-14T16:25:04+00:00,2026-04-14T17:07:04+00:00,on_hold,feature/auth,webhook
pipeline_000138,project_00016,org_0027,2026-04-25T14:54:34+00:00,2026-04-25T15:47:34+00:00,failed,main,api
pipeline_000139,project_00116,org_0081,2026-02-09T19:10:58+00:00,2026-02-09T21:48:58+00:00,failed,release,webhook
pipeline_000140,project_00191,org_0076,2026-08-06T23:25:14+00:00,2026-08-07T01:05:14+00:00,success,feature/auth,push
pipeline_000141,project_00098,org_0088,2026-05-31T12:16:16+00:00,2026-05-31T14:03:16+00:00,canceled,feature/auth,manual
pipeline_000142,project_missing_999,org_0026,2026-01-06T00:50:41+00:00,2026-01-06T01:55:41+00:00,success,feature/api,webhook
pipeline_000143,project_00163,org_0017,2026-05-23T19:35:44+00:00,2026-05-23T22:06:44+00:00,success,release,webhook
pipeline_000144,project_00199,org_0090,2026-03-17T03:31:45+00:00,2026-03-17T04:47:45+00:00,success,main,webhook
pipeline_000145,project_00045,org_0057,2026-07-19T13:23:59+00:00,2026-07-19T13:54:59+00:00,success,feature/api,api
pipeline_000146,project_00143,org_0010,2026-04-13T14:53:29+00:00,2026-04-13T15:27:29+00:00,success,feature/auth,push
pipeline_000147,project_00085,org_0088,2026-07-01T02:31:23+00:00,2026-07-01T03:11:23+00:00,success,feature/auth,manual
pipeline_000148,project_00014,org_0026,2026-08-31T20:50:23+00:00,2026-08-31T23:28:23+00:00,failed,feature/auth,scheduled
pipeline_000149,project_00147,org_0018,2026-08-02T15:51:52+00:00,2026-08-02T17:23:52+00:00,success,feature/auth,manual
pipeline_000150,project_00057,org_0049,2026-03-13T09:47:03+00:00,2026-03-13T12:01:03+00:00,success,release,webhook
pipeline_000151,project_00107,org_0094,2026-07-30T21:52:26+00:00,2026-07-31T00:10:26+00:00,success,feature/auth,webhook
pipeline_000152,project_00055,org_0032,2026-05-09T21:22:42+00:00,2026-05-09T22:47:42+00:00,success,develop,manual
pipeline_000153,project_00136,org_0098,2026-07-04T09:59:23+00:00,2026-07-04T12:23:23+00:00,failed,main,push
pipeline_000154,project_00172,org_0018,2026-05-15T09:01:18+00:00,2026-05-15T10:56:18+00:00,success,release,manual
pipeline_000155,project_00063,org_0064,2026-01-16T11:40:58+00:00,2026-01-16T14:35:58+00:00,failed,feature/api,push
pipeline_000156,project_00099,org_0003,2026-04-10T15:35:50+00:00,2026-04-10T17:54:50+00:00,failed,main,manual
pipeline_000157,project_00198,org_0017,2026-05-26T14:51:44+00:00,2026-05-26T17:03:44+00:00,failed,feature/api,scheduled
pipeline_000158,project_00012,org_0052,2026-04-26T02:57:53+00:00,2026-04-26T05:44:53+00:00,unknown_status,release,push
pipeline_000159,project_00025,org_0031,2026-03-07T00:13:57+00:00,2026-03-07T02:31:57+00:00,success,main,webhook
pipeline_000160,project_00172,org_0018,2026-03-24T18:56:10+00:00,2026-03-24T21:52:10+00:00,success,main,webhook
pipeline_000161,project_00138,org_0054,2026-06-19T00:42:35+00:00,2026-06-19T03:28:35+00:00,failed,main,webhook
pipeline_000162,project_00007,org_0039,2026-06-28T08:17:21+00:00,2026-06-28T09:42:21+00:00,success,main,push
pipeline_000163,project_00046,org_0095,2026-04-08T19:57:09+00:00,2026-04-08T22:20:09+00:00,success,develop,api
pipeline_000164,project_00105,org_0020,2026-05-31T16:43:33+00:00,2026-05-31T18:39:33+00:00,success,feature/api,api
pipeline_000165,project_00005,org_0062,2026-06-01T06:25:13+00:00,2026-06-01T09:18:13+00:00,success,main,manual
pipeline_000166,project_00017,org_0074,2026-08-16T10:15:44+00:00,2026-08-16T10:27:44+00:00,failed,main,api
pipeline_000167,project_00129,org_0012,2026-02-11T05:15:17+00:00,2026-02-11T06:30:17+00:00,failed,feature/auth,manual
pipeline_000168,project_00023,org_0023,2026-04-20T07:55:57+00:00,2026-04-20T09:48:57+00:00,success,main,scheduled
pipeline_000169,project_00041,org_0047,2026-07-27T04:16:47+00:00,2026-07-27T05:13:47+00:00,success,feature/api,manual
pipeline_000170,project_00076,org_0002,2026-02-25T22:52:52+00:00,2026-02-26T00:09:52+00:00,success,feature/auth,push
pipeline_000171,project_00142,org_0065,2026-08-04T13:37:30+00:00,2026-08-04T14:14:30+00:00,success,main,manual
pipeline_000172,project_00153,org_0006,2026-06-03T01:06:27+00:00,2026-06-03T03:24:27+00:00,success,main,api
pipeline_000173,project_00054,org_0032,2026-05-14T12:55:46+00:00,2026-05-14T13:50:46+00:00,success,release,webhook
pipeline_000174,project_00042,org_0070,2026-03-13T10:56:11+00:00,2026-03-13T11:53:11+00:00,success,feature/auth,webhook
pipeline_000175,project_00030,org_0063,2026-03-12T10:22:44+00:00,2026-03-12T13:14:44+00:00,failed,main,manual
pipeline_000176,project_00119,org_0033,2026-08-02T11:14:43+00:00,2026-08-02T11:33:43+00:00,success,main,api
pipeline_000177,project_00026,org_0048,2026-03-18T16:03:55+00:00,2026-03-18T18:32:55+00:00,success,feature/auth,api
pipeline_000178,project_00033,org_0025,2026-04-02T02:00:16+00:00,2026-04-02T02:26:16+00:00,success,main,webhook
pipeline_000179,project_00082,org_0009,2026-07-08T16:33:17+00:00,2026-07-08T18:29:17+00:00,success,feature/auth,manual
pipeline_000180,project_00040,org_0015,2026-08-08T15:19:36+00:00,2026-08-08T17:45:36+00:00,success,feature/auth,scheduled
pipeline_000181,project_00044,org_0058,2026-01-02T21:02:11+00:00,2026-01-02T22:23:11+00:00,success,develop,scheduled
pipeline_000182,project_00071,org_0048,2026-05-20T14:39:08+00:00,2026-05-20T15:14:08+00:00,success,feature/auth,scheduled
pipeline_000183,project_00119,org_0033,2026-06-22T23:02:13+00:00,2026-06-23T00:34:13+00:00,failed,feature/api,manual
pipeline_000184,project_00028,org_0055,2026-03-10T06:17:47+00:00,2026-03-10T09:03:47+00:00,success,feature/auth,webhook
pipeline_000185,project_00138,org_0054,2026-03-18T06:52:41+00:00,2026-03-18T08:00:41+00:00,failed,main,push
pipeline_000186,project_00005,org_0062,2026-07-16T23:14:40+00:00,2026-07-17T01:56:40+00:00,success,release,manual
pipeline_000187,project_00104,org_0040,2026-08-18T03:32:13+00:00,2026-08-18T04:27:13+00:00,unknown_status,release,api
pipeline_000188,project_00140,org_0030,2026-07-29T14:09:19+00:00,2026-07-29T16:10:19+00:00,success,develop,api
pipeline_000189,project_00101,org_0065,2026-03-28T17:22:07+00:00,2026-03-28T19:53:07+00:00,failed,feature/auth,webhook
pipeline_000190,project_00119,org_0033,2026-07-14T14:48:23+00:00,2026-07-14T16:59:23+00:00,success,feature/auth,manual
pipeline_000191,project_00003,org_0015,2026-04-03T18:31:49+00:00,2026-04-03T21:09:49+00:00,success,release,webhook
pipeline_000192,project_00115,org_0035,2026-03-03T20:03:37+00:00,2026-03-03T20:49:37+00:00,success,release,webhook
pipeline_000193,project_00189,org_0026,2026-07-07T18:34:42+00:00,2026-07-07T20:06:42+00:00,success,feature/api,webhook
pipeline_000194,project_00017,org_0074,2026-04-13T15:59:12+00:00,2026-04-13T17:34:12+00:00,success,develop,manual
pipeline_000195,project_00093,org_0038,2026-05-31T17:17:23+00:00,2026-05-31T19:18:23+00:00,canceled,main,push
pipeline_000196,project_00167,org_0023,2026-05-06T20:33:42+00:00,2026-05-06T21:00:42+00:00,failed,release,api
pipeline_000197,project_00190,org_0042,2026-04-13T06:17:01+00:00,2026-04-13T08:46:01+00:00,success,develop,scheduled
pipeline_000198,project_00168,org_0036,2026-05-28T00:02:53+00:00,2026-05-28T01:36:53+00:00,success,main,manual
pipeline_000199,project_00065,org_0044,2026-05-27T03:38:18+00:00,2026-05-27T04:36:18+00:00,success,feature/auth,api
pipeline_000200,project_00125,org_0035,2026-07-07T05:35:30+00:00,2026-07-07T08:10:30+00:00,success,develop,scheduled
pipeline_000201,project_00043,org_0095,2026-03-31T07:40:09+00:00,2026-03-31T08:00:09+00:00,success,feature/auth,webhook
pipeline_000202,project_00039,org_0096,2026-03-14T14:05:13+00:00,2026-03-14T14:46:13+00:00,success,main,webhook
pipeline_000203,project_00107,org_0094,2026-05-09T05:55:04+00:00,2026-05-09T06:25:04+00:00,success,feature/api,scheduled
pipeline_000204,project_00054,org_0032,2026-08-18T10:34:13+00:00,2026-08-18T11:16:13+00:00,success,feature/api,push
pipeline_000205,project_00063,org_0064,2026-01-17T18:08:03+00:00,2026-01-17T18:41:03+00:00,success,develop,webhook
pipeline_000206,project_00162,org_0009,2026-07-19T02:10:38+00:00,2026-07-19T02:21:38+00:00,failed,develop,push
pipeline_000207,project_00043,org_0095,2026-04-11T07:09:15+00:00,2026-04-11T07:56:15+00:00,success,feature/api,manual
pipeline_000208,project_00145,org_0051,2026-01-08T05:33:04+00:00,2026-01-08T08:23:04+00:00,failed,main,webhook
pipeline_000209,project_00115,org_0035,2026-08-24T13:13:51+00:00,2026-08-24T15:14:51+00:00,failed,develop,webhook
pipeline_000210,project_00106,org_0082,2026-08-22T08:13:21+00:00,2026-08-22T08:50:21+00:00,failed,develop,manual
pipeline_000211,project_00169,org_0005,2026-07-18T09:02:48+00:00,2026-07-18T10:10:48+00:00,success,feature/auth,scheduled
pipeline_000212,project_00153,org_0006,2026-08-18T08:45:13+00:00,2026-08-18T09:03:13+00:00,success,feature/api,webhook
pipeline_000213,project_00028,org_0055,2026-01-07T10:22:29+00:00,2026-01-07T11:14:29+00:00,success,release,scheduled
pipeline_000214,project_00039,org_0096,2026-08-24T03:46:18+00:00,2026-08-24T04:11:18+00:00,success,release,manual
pipeline_000215,project_00010,org_0067,2026-07-26T09:17:10+00:00,2026-07-26T11:26:10+00:00,failed,main,scheduled
pipeline_000216,project_00169,org_0005,2026-02-20T14:45:10+00:00,2026-02-20T17:20:10+00:00,success,main,scheduled
pipeline_000217,project_00134,org_0053,2026-06-13T09:03:33+00:00,2026-06-13T10:38:33+00:00,failed,release,scheduled
pipeline_000218,project_00059,org_0059,2026-07-07T05:42:58+00:00,2026-07-07T07:20:58+00:00,success,release,push
pipeline_000219,project_00109,org_0079,2026-02-21T23:52:51+00:00,2026-02-22T00:58:51+00:00,unknown_status,develop,push
pipeline_000220,project_00073,org_0055,2026-08-21T08:29:19+00:00,2026-08-21T10:49:19+00:00,success,develop,push
pipeline_000221,project_00182,org_0031,2026-01-03T18:18:28+00:00,2026-01-03T20:46:28+00:00,success,release,push
pipeline_000222,project_00097,org_0073,2026-03-21T18:38:27+00:00,2026-03-21T21:35:27+00:00,failed,feature/api,api
pipeline_000223,project_00028,org_0055,2026-03-02T02:38:27+00:00,2026-03-02T04:28:27+00:00,success,feature/auth,api
pipeline_000224,project_00138,org_0054,2026-06-14T11:52:47+00:00,2026-06-14T14:17:47+00:00,success,feature/auth,scheduled
pipeline_000225,project_00194,org_0042,2026-03-21T02:33:45+00:00,2026-03-21T04:19:45+00:00,success,release,scheduled
pipeline_000226,project_00046,org_0095,2026-05-24T18:38:05+00:00,2026-05-24T21:02:05+00:00,success,feature/auth,api
pipeline_000227,project_00148,org_0022,2026-05-14T17:38:00+00:00,2026-05-14T19:20:00+00:00,failed,main,webhook
pipeline_000228,project_00115,org_0035,2026-03-04T20:02:23+00:00,2026-03-04T20:28:23+00:00,success,feature/api,api
pipeline_000229,project_00141,org_0059,2026-08-27T11:07:52+00:00,2026-08-27T14:06:52+00:00,success,main,webhook
pipeline_000230,project_00100,org_0028,2026-01-03T01:18:44+00:00,2026-01-03T01:42:44+00:00,failed,feature/api,manual
pipeline_000231,project_00112,org_0045,2026-02-04T05:31:50+00:00,2026-02-04T05:48:50+00:00,success,feature/auth,push
pipeline_000232,project_00156,org_0034,2026-01-15T15:54:18+00:00,2026-01-15T17:33:18+00:00,canceled,feature/api,manual
pipeline_000233,project_00168,org_0036,2026-07-22T08:07:25+00:00,2026-07-22T09:21:25+00:00,failed,release,push
pipeline_000234,project_00199,org_0090,2026-03-10T01:38:43+00:00,2026-03-10T04:22:43+00:00,success,main,webhook
pipeline_000235,project_00169,org_0005,2026-07-21T05:32:19+00:00,2026-07-21T06:46:19+00:00,success,release,manual
pipeline_000236,project_00133,org_0098,2026-03-31T23:19:47+00:00,2026-04-01T01:57:47+00:00,success,main,api
pipeline_000237,project_00062,org_0051,2026-01-01T02:40:39+00:00,2026-01-01T03:21:39+00:00,success,feature/auth,scheduled
pipeline_000238,project_00091,org_0085,2026-06-03T11:00:02+00:00,2026-06-03T12:44:02+00:00,success,release,push
pipeline_000239,project_00189,org_0026,2026-01-27T15:33:30+00:00,2026-01-27T15:57:30+00:00,success,release,manual
pipeline_000240,project_00090,org_0077,2026-05-15T22:42:09+00:00,2026-05-15T23:53:09+00:00,success,develop,scheduled
pipeline_000241,project_00104,org_0040,2026-08-12T06:31:08+00:00,2026-08-12T06:33:08+00:00,success,feature/api,manual
pipeline_000242,project_00028,org_0055,2026-08-05T22:48:56+00:00,2026-08-05T23:07:56+00:00,success,feature/auth,push
pipeline_000243,project_00132,org_0076,2026-04-11T01:52:35+00:00,2026-04-11T04:10:35+00:00,failed,release,api
pipeline_000244,project_00178,org_0061,2026-06-21T22:54:10+00:00,2026-06-22T00:31:10+00:00,success,develop,api
pipeline_000245,project_00199,org_0090,2026-06-28T04:46:38+00:00,2026-06-28T07:41:38+00:00,success,release,push
pipeline_000246,project_00124,org_0032,2026-02-15T03:41:56+00:00,2026-02-15T04:48:56+00:00,success,develop,webhook
pipeline_000247,project_00081,org_0100,2026-06-10T04:05:19+00:00,2026-06-10T05:36:19+00:00,success,main,api
pipeline_000248,project_00064,org_0044,2026-04-22T13:43:58+00:00,2026-04-22T14:07:58+00:00,success,feature/auth,push
pipeline_000249,project_00142,org_0065,2026-03-11T07:36:27+00:00,2026-03-11T09:38:27+00:00,success,develop,manual
pipeline_000250,project_00069,org_0084,2026-03-12T23:40:28+00:00,2026-03-13T02:35:28+00:00,canceled,develop,scheduled
pipeline_000251,project_00189,org_0026,2026-03-19T13:01:37+00:00,2026-03-19T14:02:37+00:00,failed,feature/auth,webhook
pipeline_000252,project_00059,org_0059,2026-03-20T17:55:16+00:00,2026-03-20T18:59:16+00:00,failed,feature/auth,webhook
pipeline_000253,project_00200,org_0024,2026-02-11T10:24:58+00:00,2026-02-11T10:55:58+00:00,canceled,feature/api,manual
pipeline_000254,project_00002,org_0014,2026-07-30T06:54:10+00:00,2026-07-30T07:05:10+00:00,failed,feature/auth,manual
pipeline_000255,project_00081,org_0100,2026-07-11T04:56:41+00:00,2026-07-11T07:24:41+00:00,failed,feature/api,webhook
pipeline_000256,project_00196,org_0023,2026-07-18T12:06:38+00:00,2026-07-18T13:18:38+00:00,success,release,webhook
pipeline_000257,project_00014,org_0026,2026-07-24T04:12:34+00:00,2026-07-24T06:01:34+00:00,success,release,push
pipeline_000258,project_00129,org_0012,2026-05-15T20:58:03+00:00,2026-05-15T22:39:03+00:00,failed,develop,scheduled
pipeline_000259,project_00031,org_0041,2026-07-21T06:01:19+00:00,2026-07-21T07:59:19+00:00,success,main,push
pipeline_000260,project_00173,org_0032,2026-03-23T20:21:16+00:00,2026-03-23T21:59:16+00:00,success,feature/auth,api
pipeline_000261,project_00157,org_0058,2026-04-11T20:35:11+00:00,2026-04-11T21:23:11+00:00,success,develop,api
pipeline_000262,project_00121,org_0032,2026-08-27T02:21:26+00:00,2026-08-27T03:49:26+00:00,success,feature/api,scheduled
pipeline_000263,project_00054,org_0032,2026-06-12T18:13:45+00:00,2026-06-12T21:13:45+00:00,failed,feature/auth,scheduled
pipeline_000264,project_00072,org_0081,2026-06-25T01:05:55+00:00,2026-06-25T01:52:55+00:00,success,release,webhook
pipeline_000265,project_00026,org_0048,2026-04-15T20:06:28+00:00,2026-04-15T21:07:28+00:00,success,feature/api,webhook
pipeline_000266,project_00038,org_0037,2026-02-28T01:53:20+00:00,2026-02-28T03:55:20+00:00,failed,develop,scheduled
pipeline_000267,project_00128,org_0060,2026-02-22T05:22:00+00:00,2026-02-22T08:04:00+00:00,success,feature/auth,scheduled
pipeline_000268,project_00077,org_0016,2026-04-08T11:14:51+00:00,2026-04-08T13:38:51+00:00,failed,main,scheduled
pipeline_000269,project_00026,org_0048,2026-03-05T10:27:24+00:00,2026-03-05T10:43:24+00:00,success,feature/auth,scheduled
pipeline_000270,project_00162,org_0009,2026-02-07T09:35:55+00:00,2026-02-07T11:31:55+00:00,failed,feature/auth,api
pipeline_000271,project_00093,org_0038,2026-08-06T14:50:27+00:00,2026-08-06T17:13:27+00:00,canceled,feature/auth,api
pipeline_000272,project_missing_999,org_0057,2026-06-09T21:53:23+00:00,2026-06-09T22:25:23+00:00,success,release,webhook
pipeline_000273,project_00148,org_0022,2026-08-12T15:43:31+00:00,2026-08-12T18:30:31+00:00,success,develop,api
pipeline_000274,project_00091,org_0085,2026-05-07T06:03:39+00:00,2026-05-07T08:56:39+00:00,success,feature/api,push
pipeline_000275,project_00098,org_0088,2026-08-27T07:45:39+00:00,2026-08-27T08:59:39+00:00,success,develop,webhook
pipeline_000276,project_00164,org_0006,2026-05-12T00:41:13+00:00,2026-05-12T02:29:13+00:00,success,release,scheduled
pipeline_000277,project_00019,org_0015,2026-01-31T17:22:35+00:00,2026-01-31T18:04:35+00:00,success,feature/auth,api
pipeline_000278,project_00168,org_0036,2026-04-24T03:38:16+00:00,2026-04-24T04:47:16+00:00,success,feature/api,api
pipeline_000279,project_00114,org_0099,2026-05-22T00:56:29+00:00,2026-05-22T03:27:29+00:00,success,feature/api,scheduled
pipeline_000280,project_00043,org_0095,2026-03-13T09:56:36+00:00,2026-03-13T10:02:36+00:00,success,develop,api
pipeline_000281,project_00191,org_0076,2026-02-01T02:15:26+00:00,2026-02-01T03:09:26+00:00,success,main,push
pipeline_000282,project_00017,org_0074,2026-07-03T18:24:40+00:00,2026-07-03T20:45:40+00:00,success,feature/api,manual
pipeline_000283,project_00196,org_0023,2026-02-02T07:57:26+00:00,2026-02-02T08:24:26+00:00,success,develop,push
pipeline_000284,project_00168,org_0036,2026-06-01T09:37:48+00:00,2026-06-01T10:57:48+00:00,success,feature/auth,scheduled
pipeline_000285,project_00161,org_0075,2026-02-19T02:14:33+00:00,2026-02-19T02:48:33+00:00,success,develop,push
pipeline_000286,project_00009,org_0087,2026-05-19T14:00:05+00:00,2026-05-19T15:24:05+00:00,failed,feature/api,manual
pipeline_000287,project_00070,org_0012,2026-08-02T00:48:45+00:00,2026-08-02T02:42:45+00:00,success,release,webhook
pipeline_000288,project_00152,org_0021,2026-08-21T01:53:18+00:00,2026-08-21T03:50:18+00:00,success,release,scheduled
pipeline_000289,project_00135,org_0045,2026-07-27T07:13:43+00:00,2026-07-27T08:33:43+00:00,canceled,feature/api,manual
pipeline_000290,project_00059,org_0059,2026-02-04T18:42:14+00:00,2026-02-04T20:36:14+00:00,success,feature/api,api
pipeline_000291,project_00040,org_0015,2026-04-28T21:30:16+00:00,2026-04-28T21:33:16+00:00,success,develop,api
pipeline_000292,project_00074,org_0001,2026-07-02T05:14:30+00:00,2026-07-02T07:31:30+00:00,success,feature/api,scheduled
pipeline_000293,project_00077,org_0016,2026-01-04T13:07:19+00:00,2026-01-04T14:58:19+00:00,failed,release,webhook
pipeline_000294,project_00002,org_0014,2026-08-01T21:42:28+00:00,2026-08-01T23:18:28+00:00,success,release,scheduled
pipeline_000295,project_00102,org_0099,2026-04-08T01:12:02+00:00,2026-04-08T01:54:02+00:00,failed,feature/api,scheduled
pipeline_000296,project_00057,org_0049,2026-04-13T03:09:13+00:00,2026-04-13T03:30:13+00:00,success,develop,manual
pipeline_000297,project_00196,org_0023,2026-08-27T03:35:21+00:00,2026-08-27T06:33:21+00:00,success,feature/auth,manual
pipeline_000298,project_00069,org_0084,2026-06-10T08:32:35+00:00,2026-06-10T09:21:35+00:00,failed,develop,webhook
pipeline_000299,project_00075,org_0017,2026-02-12T20:35:44+00:00,2026-02-12T23:19:44+00:00,success,feature/api,api
pipeline_000300,project_00180,org_0035,2026-08-30T20:29:09+00:00,2026-08-30T22:35:09+00:00,success,main,webhook
pipeline_000301,project_00013,org_0051,2026-07-27T18:17:19+00:00,2026-07-27T18:23:19+00:00,success,main,api
pipeline_000302,project_00069,org_0084,2026-02-18T13:26:59+00:00,2026-02-18T15:19:59+00:00,failed,develop,push
pipeline_000303,project_00039,org_0096,2026-01-06T17:14:43+00:00,2026-01-06T19:21:43+00:00,success,feature/api,api
pipeline_000304,project_00128,org_0060,2026-05-25T05:40:18+00:00,2026-05-25T07:39:18+00:00,success,main,api
pipeline_000305,project_00021,org_0079,2026-02-26T17:38:14+00:00,2026-02-26T17:53:14+00:00,success,feature/api,push
pipeline_000306,project_00140,org_0030,2026-07-02T14:05:08+00:00,2026-07-02T14:52:08+00:00,success,feature/auth,scheduled
pipeline_000307,project_00004,org_0044,2026-02-17T08:45:50+00:00,2026-02-17T09:49:50+00:00,success,feature/api,webhook
pipeline_000308,project_00189,org_0026,2026-01-14T00:20:18+00:00,2026-01-14T01:11:18+00:00,success,main,manual
pipeline_000309,project_00171,org_0008,2026-03-22T22:52:05+00:00,2026-03-23T00:54:05+00:00,success,feature/auth,api
pipeline_000310,project_00041,org_0047,2026-01-17T09:12:04+00:00,2026-01-17T11:33:04+00:00,success,feature/auth,scheduled
pipeline_000311,project_00164,org_0006,2026-04-27T01:08:23+00:00,2026-04-27T01:59:23+00:00,success,main,webhook
pipeline_000312,project_00029,org_0089,2026-04-02T15:21:39+00:00,2026-04-02T18:04:39+00:00,success,main,webhook
pipeline_000313,project_00071,org_0048,2026-08-16T01:46:11+00:00,2026-08-16T02:17:11+00:00,success,develop,push
pipeline_000314,project_00011,org_0043,2026-08-14T16:01:49+00:00,2026-08-14T18:58:49+00:00,success,release,webhook
pipeline_000315,project_00096,org_0047,2026-02-04T18:00:47+00:00,2026-02-04T19:04:47+00:00,success,main,manual
pipeline_000316,project_00087,org_0094,2026-08-31T18:39:20+00:00,2026-08-31T18:55:20+00:00,success,develop,manual
pipeline_000317,project_00028,org_0055,2026-02-18T20:47:48+00:00,2026-02-18T22:52:48+00:00,success,release,api
pipeline_000318,project_00113,org_0017,2026-03-16T22:34:01+00:00,2026-03-16T22:40:01+00:00,success,feature/auth,webhook
pipeline_000319,project_00065,org_0044,2026-01-16T08:03:35+00:00,2026-01-16T10:08:35+00:00,failed,release,api
pipeline_000320,project_00139,org_0092,2026-07-10T07:59:18+00:00,2026-07-10T08:48:18+00:00,success,release,api
pipeline_000321,project_00083,org_0057,2026-07-01T21:45:18+00:00,2026-07-01T22:56:18+00:00,failed,release,manual
pipeline_000322,project_00042,org_0070,2026-01-27T17:58:34+00:00,2026-01-27T20:14:34+00:00,success,feature/auth,api
pipeline_000323,project_00139,org_0092,2026-05-23T13:44:18+00:00,2026-05-23T15:41:18+00:00,success,release,scheduled
pipeline_000324,project_00188,org_0062,2026-03-14T01:18:17+00:00,2026-03-14T01:23:17+00:00,success,feature/auth,manual
pipeline_000325,project_00062,org_0051,2026-05-05T13:05:08+00:00,2026-05-05T13:22:08+00:00,success,release,scheduled
pipeline_000326,project_00049,org_0073,2026-07-23T12:41:03+00:00,2026-07-23T15:36:03+00:00,success,release,webhook
pipeline_000327,project_00157,org_0058,2026-04-20T22:57:15+00:00,2026-04-21T00:20:15+00:00,success,feature/auth,push
pipeline_000328,project_00025,org_0031,2026-07-23T04:34:56+00:00,2026-07-23T07:23:56+00:00,success,develop,webhook
pipeline_000329,project_00009,org_0087,2026-03-20T11:30:47+00:00,2026-03-20T11:58:47+00:00,success,main,push
pipeline_000330,project_00147,org_0018,2026-05-31T22:00:12+00:00,2026-06-01T00:49:12+00:00,success,release,manual
pipeline_000331,project_00066,org_0081,2026-01-20T01:30:40+00:00,2026-01-20T03:04:40+00:00,success,main,push
pipeline_000332,project_00054,org_0032,2026-07-10T20:13:52+00:00,2026-07-10T20:34:52+00:00,success,main,api
pipeline_000333,project_00143,org_0010,2026-06-11T12:57:53+00:00,2026-06-11T14:32:53+00:00,failed,main,manual
pipeline_000334,project_00069,org_0084,2026-07-25T10:49:53+00:00,2026-07-25T11:00:53+00:00,failed,feature/auth,push
pipeline_000335,project_00056,org_0074,2026-07-21T17:57:13+00:00,2026-07-21T18:22:13+00:00,success,develop,manual
pipeline_000336,project_00099,org_0003,2026-03-15T13:53:56+00:00,2026-03-15T14:43:56+00:00,success,develop,manual
pipeline_000337,project_00161,org_0075,2026-03-11T11:26:57+00:00,2026-03-11T13:49:57+00:00,failed,feature/api,push
pipeline_000338,project_00197,org_0023,2026-08-12T21:57:46+00:00,2026-08-12T23:29:46+00:00,success,feature/api,push
pipeline_000339,project_00043,org_0095,2026-03-12T01:25:03+00:00,2026-03-12T03:46:03+00:00,success,feature/auth,webhook
pipeline_000340,project_00137,org_0014,2026-08-21T23:37:11+00:00,2026-08-22T01:31:11+00:00,canceled,feature/auth,manual
pipeline_000341,project_00084,org_0081,2026-05-25T08:40:37+00:00,2026-05-25T10:26:37+00:00,failed,feature/api,api
pipeline_000342,project_00156,org_0034,2026-04-04T11:41:48+00:00,2026-04-04T14:06:48+00:00,success,feature/api,manual
pipeline_000343,project_00191,org_0076,2026-04-09T16:16:56+00:00,2026-04-09T17:49:56+00:00,canceled,feature/api,scheduled
pipeline_000344,project_00001,org_0020,2026-01-14T11:04:53+00:00,2026-01-14T12:17:53+00:00,success,release,webhook
pipeline_000345,project_00078,org_0062,2026-01-03T13:13:33+00:00,2026-01-03T14:30:33+00:00,on_hold,develop,api
pipeline_000346,project_00006,org_0057,2026-04-18T04:06:24+00:00,2026-04-18T06:28:24+00:00,success,release,manual
pipeline_000347,project_00040,org_0015,2026-02-06T14:49:11+00:00,2026-02-06T14:59:11+00:00,success,develop,webhook
pipeline_000348,project_00068,org_0055,2026-05-23T13:27:37+00:00,2026-05-23T15:57:37+00:00,success,feature/auth,api
pipeline_000349,project_00024,org_0011,2026-08-10T13:19:32+00:00,2026-08-10T15:02:32+00:00,success,develop,push
pipeline_000350,project_00186,org_0005,2026-05-07T02:20:57+00:00,2026-05-07T04:24:57+00:00,success,release,push
pipeline_000351,project_00153,org_0006,2026-04-27T15:52:05+00:00,2026-04-27T16:02:05+00:00,failed,release,scheduled
pipeline_000352,project_00021,org_0079,2026-01-22T17:14:14+00:00,2026-01-22T18:40:14+00:00,success,feature/api,scheduled
pipeline_000353,project_00031,org_0041,2026-03-30T01:09:42+00:00,2026-03-30T03:57:42+00:00,failed,main,scheduled
pipeline_000354,project_00014,org_0026,2026-04-29T08:47:13+00:00,2026-04-29T11:02:13+00:00,success,release,manual
pipeline_000355,project_00039,org_0096,2026-05-07T22:17:29+00:00,2026-05-08T00:26:29+00:00,success,develop,push
pipeline_000356,project_00173,org_0032,2026-06-02T13:55:55+00:00,2026-06-02T15:50:55+00:00,failed,release,manual
pipeline_000357,project_00024,org_0011,2026-03-28T05:59:17+00:00,2026-03-28T07:50:17+00:00,success,feature/api,webhook
pipeline_000358,project_00034,org_0084,2026-05-11T13:18:52+00:00,2026-05-11T13:40:52+00:00,success,main,manual
pipeline_000359,project_00103,org_0011,2026-04-12T23:13:03+00:00,2026-04-12T23:35:03+00:00,success,feature/api,webhook
pipeline_000360,project_00196,org_0023,2026-02-22T09:05:11+00:00,2026-02-22T11:09:11+00:00,success,feature/api,scheduled
pipeline_000361,project_00167,org_0023,2026-08-10T21:11:16+00:00,2026-08-10T22:02:16+00:00,success,release,webhook
pipeline_000362,project_00063,org_0064,2026-01-28T19:46:13+00:00,2026-01-28T20:55:13+00:00,failed,feature/auth,manual
pipeline_000363,project_00023,org_0023,2026-02-13T16:51:15+00:00,2026-02-13T19:43:15+00:00,success,feature/auth,api
pipeline_000364,project_00049,org_0073,2026-05-05T13:29:53+00:00,2026-05-05T14:58:53+00:00,success,main,api
pipeline_000365,project_00044,org_0058,2026-05-16T19:35:35+00:00,2026-05-16T22:13:35+00:00,failed,feature/api,manual
pipeline_000366,project_00038,org_0037,2026-06-21T01:25:00+00:00,2026-06-21T01:37:00+00:00,canceled,develop,webhook
pipeline_000367,project_00176,org_0024,2026-05-26T04:15:44+00:00,2026-05-26T04:55:44+00:00,failed,main,push
pipeline_000368,project_00190,org_0042,2026-01-22T04:19:52+00:00,2026-01-22T05:22:52+00:00,canceled,develop,api
pipeline_000369,project_00004,org_0044,2026-05-14T07:31:15+00:00,2026-05-14T10:29:15+00:00,failed,feature/auth,scheduled
pipeline_000370,project_00121,org_0032,2026-01-09T20:01:40+00:00,2026-01-09T21:26:40+00:00,success,release,webhook
pipeline_000371,project_00053,org_0084,2026-08-01T05:02:34+00:00,2026-08-01T07:16:34+00:00,failed,release,scheduled
pipeline_000372,project_00160,org_0052,2026-02-24T21:27:12+00:00,2026-02-25T00:25:12+00:00,success,main,scheduled
pipeline_000373,project_00150,org_0099,2026-07-24T14:07:24+00:00,2026-07-24T14:19:24+00:00,success,main,api
pipeline_000374,project_00052,org_0018,2026-08-28T23:50:57+00:00,2026-08-29T01:00:57+00:00,success,main,push
pipeline_000375,project_00100,org_0028,2026-04-16T08:47:45+00:00,2026-04-16T11:37:45+00:00,failed,feature/auth,push
pipeline_000376,project_00005,org_0062,2026-04-24T14:15:22+00:00,2026-04-24T17:02:22+00:00,success,feature/api,manual
pipeline_000377,project_00182,org_0031,2026-02-08T16:22:25+00:00,2026-02-08T17:43:25+00:00,success,release,manual
pipeline_000378,project_00023,org_0023,2026-03-14T09:32:09+00:00,2026-03-14T10:23:09+00:00,success,feature/api,manual
pipeline_000379,project_00183,org_0076,2026-01-09T08:17:13+00:00,2026-01-09T08:28:13+00:00,success,release,api
pipeline_000380,project_00086,org_0013,2026-07-10T06:30:18+00:00,2026-07-10T08:11:18+00:00,failed,main,api
pipeline_000381,project_00176,org_0024,2026-05-17T16:04:03+00:00,2026-05-17T17:35:03+00:00,success,develop,manual
pipeline_000382,project_00071,org_0048,2026-01-25T01:58:20+00:00,2026-01-25T04:39:20+00:00,success,feature/api,push
pipeline_000383,project_00143,org_0010,2026-04-19T19:35:45+00:00,2026-04-19T20:33:45+00:00,success,feature/api,webhook
pipeline_000384,project_00023,org_0023,2026-05-29T10:25:42+00:00,2026-05-29T12:39:42+00:00,canceled,release,webhook
pipeline_000385,project_00107,org_0094,2026-04-04T08:19:30+00:00,2026-04-04T10:46:30+00:00,success,feature/auth,manual
pipeline_000386,project_00085,org_0088,2026-06-24T10:33:36+00:00,2026-06-24T12:52:36+00:00,success,develop,manual
pipeline_000387,project_00139,org_0092,2026-03-20T13:40:04+00:00,2026-03-20T14:16:04+00:00,success,release,webhook
pipeline_000388,project_00111,org_0090,2026-02-26T08:55:06+00:00,2026-02-26T11:43:06+00:00,canceled,develop,api
pipeline_000389,project_00018,org_0047,2026-08-05T10:47:17+00:00,2026-08-05T13:04:17+00:00,canceled,main,webhook
pipeline_000390,project_00082,org_0009,2026-02-26T12:22:15+00:00,2026-02-26T12:30:15+00:00,failed,feature/api,scheduled
pipeline_000391,project_00078,org_0062,2026-06-22T01:06:03+00:00,2026-06-22T03:50:03+00:00,canceled,feature/auth,webhook
pipeline_000392,project_00200,org_0024,2026-03-14T23:40:05+00:00,2026-03-15T00:08:05+00:00,success,main,manual
pipeline_000393,project_00158,org_0014,2026-04-14T15:20:23+00:00,2026-04-14T17:56:23+00:00,success,develop,manual
pipeline_000394,project_00060,org_0001,2026-03-31T16:15:33+00:00,2026-03-31T19:11:33+00:00,success,main,scheduled
pipeline_000395,project_00035,org_0054,2026-07-15T02:00:16+00:00,2026-07-15T04:35:16+00:00,success,feature/auth,webhook
pipeline_000396,project_00100,org_0028,2026-07-10T20:36:17+00:00,2026-07-10T22:38:17+00:00,success,develop,webhook
pipeline_000397,project_00009,org_0087,2026-06-08T16:19:37+00:00,2026-06-08T16:23:37+00:00,canceled,feature/api,webhook
pipeline_000398,project_00191,org_0076,2026-03-20T18:32:45+00:00,2026-03-20T19:25:45+00:00,success,feature/api,manual
pipeline_000399,project_00126,org_0016,2026-05-07T04:14:48+00:00,2026-05-07T06:12:48+00:00,failed,feature/api,scheduled
pipeline_000400,project_00199,org_0090,2026-01-17T05:50:56+00:00,2026-01-17T08:26:56+00:00,failed,feature/api,api
pipeline_000401,project_00101,org_0065,2026-08-26T11:38:18+00:00,2026-08-26T14:05:18+00:00,success,release,push
pipeline_000402,project_00134,org_0053,2026-02-12T10:54:06+00:00,2026-02-12T12:50:06+00:00,success,main,webhook
pipeline_000403,project_00133,org_0098,2026-07-28T21:18:13+00:00,2026-07-28T23:00:13+00:00,on_hold,main,manual
pipeline_000404,project_00100,org_0028,2026-07-20T10:38:57+00:00,2026-07-20T13:20:57+00:00,canceled,develop,api
pipeline_000405,project_00113,org_0017,2026-06-04T14:00:02+00:00,2026-06-04T15:18:02+00:00,failed,feature/auth,scheduled
pipeline_000406,project_00043,org_0095,2026-06-14T01:37:58+00:00,2026-06-14T02:53:58+00:00,success,main,manual
pipeline_000407,project_00037,org_0005,2026-06-30T00:52:08+00:00,2026-06-30T03:38:08+00:00,success,release,push
pipeline_000408,project_00047,org_0081,2026-08-16T08:46:05+00:00,2026-08-16T11:45:05+00:00,success,feature/api,scheduled
pipeline_000409,project_00083,org_0057,2026-06-25T02:33:38+00:00,2026-06-25T02:40:38+00:00,success,release,webhook
pipeline_000410,project_00117,org_0066,2026-02-05T00:32:07+00:00,2026-02-05T01:37:07+00:00,success,develop,push
pipeline_000411,project_00024,org_0011,2026-02-14T08:05:39+00:00,2026-02-14T10:01:39+00:00,success,main,manual
pipeline_000412,project_00182,org_0031,2026-05-30T03:57:13+00:00,2026-05-30T06:08:13+00:00,success,develop,scheduled
pipeline_000413,project_00141,org_0059,2026-05-28T19:30:52+00:00,2026-05-28T19:42:52+00:00,failed,feature/auth,manual
pipeline_000414,project_00169,org_0005,2026-02-28T06:56:15+00:00,2026-02-28T07:38:15+00:00,failed,develop,push
pipeline_000415,project_00108,org_0012,2026-04-30T15:20:52+00:00,2026-04-30T16:40:52+00:00,failed,feature/api,api
pipeline_000416,project_00161,org_0075,2026-03-12T04:12:32+00:00,2026-03-12T04:43:32+00:00,failed,develop,push
pipeline_000417,project_00160,org_0052,2026-04-09T07:09:55+00:00,2026-04-09T07:13:55+00:00,success,feature/api,manual
pipeline_000418,project_00002,org_0014,2026-08-25T02:49:15+00:00,2026-08-25T04:56:15+00:00,success,release,scheduled
pipeline_000419,project_00117,org_0066,2026-06-09T06:53:16+00:00,2026-06-09T08:47:16+00:00,success,release,push
pipeline_000420,project_00063,org_0064,2026-08-01T13:35:36+00:00,2026-08-01T14:47:36+00:00,success,release,webhook
pipeline_000421,project_00013,org_0051,2026-03-13T18:50:00+00:00,2026-03-13T19:28:00+00:00,success,feature/auth,push
pipeline_000422,project_00038,org_0037,2026-01-13T14:17:20+00:00,2026-01-13T17:08:20+00:00,success,release,api
pipeline_000423,project_00085,org_0088,2026-02-04T01:26:53+00:00,2026-02-04T01:39:53+00:00,success,develop,webhook
pipeline_000424,project_00173,org_0032,2026-04-21T10:37:07+00:00,2026-04-21T13:14:07+00:00,success,release,manual
pipeline_000425,project_00144,org_0031,2026-03-10T21:40:02+00:00,2026-03-10T23:37:02+00:00,failed,feature/auth,push
pipeline_000426,project_00024,org_0011,2026-04-27T05:37:36+00:00,2026-04-27T07:00:36+00:00,success,feature/api,push
pipeline_000427,project_00195,org_0082,2026-06-15T22:56:48+00:00,2026-06-16T01:17:48+00:00,success,feature/api,webhook
pipeline_000428,project_00032,org_0046,2026-04-17T13:45:58+00:00,2026-04-17T15:10:58+00:00,success,release,webhook
pipeline_000429,project_00179,org_0021,2026-03-23T04:29:46+00:00,2026-03-23T07:06:46+00:00,success,release,manual
pipeline_000430,project_00023,org_0023,2026-07-07T20:03:56+00:00,2026-07-07T23:00:56+00:00,success,feature/auth,scheduled
pipeline_000431,project_00156,org_0034,2026-05-03T21:53:13+00:00,2026-05-03T23:00:13+00:00,success,release,api
pipeline_000432,project_00034,org_0084,2026-08-27T13:35:51+00:00,2026-08-27T16:00:51+00:00,success,feature/api,scheduled
pipeline_000433,project_00047,org_0081,2026-08-25T16:04:24+00:00,2026-08-25T17:04:24+00:00,failed,develop,push
pipeline_000434,project_00031,org_0041,2026-01-10T07:34:23+00:00,2026-01-10T09:34:23+00:00,success,main,webhook
pipeline_000435,project_00158,org_0014,2026-06-11T00:39:04+00:00,2026-06-11T02:25:04+00:00,success,feature/auth,manual
pipeline_000436,project_00164,org_0006,2026-03-24T11:07:58+00:00,2026-03-24T11:10:58+00:00,success,feature/auth,api
pipeline_000437,project_00018,org_0047,2026-04-30T12:38:53+00:00,2026-04-30T13:55:53+00:00,success,feature/auth,push
pipeline_000438,project_00030,org_0063,2026-05-10T10:25:18+00:00,2026-05-10T11:53:18+00:00,success,release,manual
pipeline_000439,project_00008,org_0003,2026-03-10T04:58:54+00:00,2026-03-10T05:48:54+00:00,success,feature/auth,scheduled
pipeline_000440,project_00122,org_0050,2026-01-14T19:25:36+00:00,2026-01-14T22:11:36+00:00,success,develop,scheduled
pipeline_000441,project_00138,org_0054,2026-05-11T03:26:54+00:00,2026-05-11T05:25:54+00:00,failed,feature/api,push
pipeline_000442,project_missing_999,org_0053,2026-04-27T06:05:09+00:00,2026-04-27T08:30:09+00:00,failed,feature/auth,manual
pipeline_000443,project_00138,org_0054,2026-01-08T06:28:06+00:00,2026-01-08T07:22:06+00:00,success,feature/auth,api
pipeline_000444,project_00017,org_0074,2026-02-27T23:37:21+00:00,2026-02-28T00:49:21+00:00,failed,feature/auth,scheduled
pipeline_000445,project_00161,org_0075,2026-07-27T11:47:12+00:00,2026-07-27T12:30:12+00:00,success,feature/api,webhook
pipeline_000446,project_00153,org_0006,2026-02-15T09:04:15+00:00,2026-02-15T10:23:15+00:00,failed,feature/auth,push
pipeline_000447,project_00070,org_0012,2026-06-10T17:32:38+00:00,2026-06-10T17:55:38+00:00,success,develop,api
pipeline_000448,project_00116,org_0081,2026-04-28T12:42:14+00:00,2026-04-28T13:38:14+00:00,success,develop,push
pipeline_000449,project_00096,org_0047,2026-01-15T12:32:49+00:00,2026-01-15T13:24:49+00:00,canceled,feature/api,manual
pipeline_000450,project_00007,org_0039,2026-07-07T10:44:49+00:00,2026-07-07T12:53:49+00:00,success,feature/auth,scheduled
pipeline_000451,project_00188,org_0062,2026-07-23T08:33:58+00:00,2026-07-23T09:53:58+00:00,failed,develop,push
pipeline_000452,project_00133,org_0098,2026-02-21T13:00:48+00:00,2026-02-21T13:53:48+00:00,failed,feature/api,scheduled
pipeline_000453,project_00183,org_0076,2026-07-22T20:36:25+00:00,2026-07-22T21:06:25+00:00,success,main,manual
pipeline_000454,project_00023,org_0023,2026-05-10T10:29:08+00:00,2026-05-10T12:29:08+00:00,failed,main,manual
pipeline_000455,project_00197,org_0023,2026-05-02T08:31:55+00:00,2026-05-02T08:37:55+00:00,success,feature/auth,webhook
pipeline_000456,project_00083,org_0057,2026-03-19T21:18:46+00:00,2026-03-19T22:08:46+00:00,success,release,api
pipeline_000457,project_00198,org_0017,2026-06-21T07:29:44+00:00,2026-06-21T10:21:44+00:00,success,develop,webhook
pipeline_000458,project_00071,org_0048,2026-02-14T10:50:53+00:00,2026-02-14T10:54:53+00:00,canceled,release,manual
pipeline_000459,project_00027,org_0054,2026-03-22T05:26:26+00:00,2026-03-22T07:45:26+00:00,success,feature/auth,api
pipeline_000460,project_00037,org_0005,2026-04-21T00:14:46+00:00,2026-04-21T02:41:46+00:00,success,main,api
pipeline_000461,project_00157,org_0058,2026-05-12T13:16:31+00:00,2026-05-12T15:35:31+00:00,success,develop,push
pipeline_000462,project_00121,org_0032,2026-01-20T14:17:02+00:00,2026-01-20T14:45:02+00:00,success,main,scheduled
pipeline_000463,project_00101,org_0065,2026-03-11T12:14:32+00:00,2026-03-11T14:47:32+00:00,failed,feature/api,manual
pipeline_000464,project_00092,org_0078,2026-05-02T08:09:28+00:00,2026-05-02T09:35:28+00:00,failed,release,push
pipeline_000465,project_00194,org_0042,2026-06-30T20:35:43+00:00,2026-06-30T23:01:43+00:00,success,feature/api,push
pipeline_000466,project_00117,org_0066,2026-05-01T13:03:36+00:00,2026-05-01T15:59:36+00:00,success,feature/api,scheduled
pipeline_000467,project_00060,org_0001,2026-03-28T21:54:55+00:00,2026-03-28T22:31:55+00:00,failed,release,api
pipeline_000468,project_00094,org_0050,2026-06-02T06:25:18+00:00,2026-06-02T07:12:18+00:00,success,feature/auth,api
pipeline_000469,project_00117,org_0066,2026-07-09T07:53:31+00:00,2026-07-09T08:01:31+00:00,success,main,api
pipeline_000470,project_00123,org_0071,2026-06-29T03:05:02+00:00,2026-06-29T03:49:02+00:00,success,feature/auth,manual
pipeline_000471,project_00148,org_0022,2026-02-19T11:23:53+00:00,2026-02-19T13:34:53+00:00,success,main,api
pipeline_000472,project_00143,org_0010,2026-01-28T13:03:34+00:00,2026-01-28T14:21:34+00:00,success,feature/api,manual
pipeline_000473,project_00106,org_0082,2026-04-03T15:40:58+00:00,2026-04-03T18:19:58+00:00,success,develop,scheduled
pipeline_000474,project_00099,org_0003,2026-01-26T15:43:23+00:00,2026-01-26T17:11:23+00:00,success,release,scheduled
pipeline_000475,project_00112,org_0045,2026-08-09T06:47:29+00:00,2026-08-09T08:15:29+00:00,success,develop,webhook
pipeline_000476,project_00170,org_0064,2026-01-31T06:01:42+00:00,2026-01-31T08:28:42+00:00,failed,main,manual
pipeline_000477,project_00153,org_0006,2026-06-29T18:37:09+00:00,2026-06-29T20:01:09+00:00,success,feature/api,webhook
pipeline_000478,project_00079,org_0012,2026-06-07T14:16:17+00:00,2026-06-07T14:34:17+00:00,success,release,scheduled
pipeline_000479,project_00084,org_0081,2026-07-11T23:09:52+00:00,2026-07-12T01:55:52+00:00,success,main,webhook
pipeline_000480,project_00036,org_0011,2026-08-14T13:08:56+00:00,2026-08-14T15:51:56+00:00,failed,develop,webhook
pipeline_000481,project_00116,org_0081,2026-07-26T07:39:47+00:00,2026-07-26T08:54:47+00:00,success,release,scheduled
pipeline_000482,project_00051,org_0038,2026-03-21T20:54:20+00:00,2026-03-21T23:49:20+00:00,failed,feature/auth,manual
pipeline_000483,project_00174,org_0062,2026-04-29T06:36:46+00:00,2026-04-29T08:28:46+00:00,failed,feature/auth,push
pipeline_000484,project_00150,org_0099,2026-01-04T03:40:36+00:00,2026-01-04T06:17:36+00:00,on_hold,feature/api,webhook
pipeline_000485,project_00076,org_0002,2026-01-25T05:42:30+00:00,2026-01-25T07:17:30+00:00,canceled,main,push
pipeline_000486,project_00181,org_0050,2026-08-06T11:51:37+00:00,2026-08-06T13:23:37+00:00,success,feature/auth,push
pipeline_000487,project_00061,org_0082,2026-06-17T15:52:48+00:00,2026-06-17T18:52:48+00:00,success,feature/auth,scheduled
pipeline_000488,project_00104,org_0040,2026-05-29T04:26:38+00:00,2026-05-29T06:18:38+00:00,success,develop,scheduled
pipeline_000489,project_00036,org_0011,2026-03-15T02:24:04+00:00,2026-03-15T04:47:04+00:00,success,feature/auth,scheduled
pipeline_000490,project_00040,org_0015,2026-04-23T00:44:36+00:00,2026-04-23T03:36:36+00:00,success,main,push
pipeline_000491,project_00166,org_0064,2026-01-07T02:24:26+00:00,2026-01-07T03:01:26+00:00,failed,feature/api,scheduled
pipeline_000492,project_00035,org_0054,2026-02-02T21:07:13+00:00,2026-02-02T21:43:13+00:00,success,feature/api,scheduled
pipeline_000493,project_00179,org_0021,2026-08-23T17:41:28+00:00,2026-08-23T19:30:28+00:00,success,feature/api,manual
pipeline_000494,project_00109,org_0079,2026-08-03T09:28:45+00:00,2026-08-03T11:24:45+00:00,success,develop,webhook
pipeline_000495,project_00109,org_0079,2026-08-23T19:01:52+00:00,2026-08-23T19:03:52+00:00,success,develop,manual
pipeline_000496,project_00069,org_0084,2026-06-09T13:17:09+00:00,2026-06-09T15:37:09+00:00,success,main,push
pipeline_000497,project_00146,org_0035,2026-07-07T16:23:07+00:00,2026-07-07T17:58:07+00:00,success,feature/api,push
pipeline_000498,project_00037,org_0005,2026-07-24T10:28:43+00:00,2026-07-24T11:40:43+00:00,success,main,manual
pipeline_000499,project_00157,org_0058,2026-02-04T08:22:47+00:00,2026-02-04T09:25:47+00:00,success,main,manual
pipeline_000500,project_00149,org_0053,2026-05-02T08:42:30+00:00,2026-05-02T11:19:30+00:00,success,feature/auth,manual
pipeline_000501,project_00200,org_0024,2026-01-05T04:30:30+00:00,2026-01-05T06:31:30+00:00,success,feature/api,manual
pipeline_000502,project_00188,org_0062,2026-05-09T17:56:03+00:00,2026-05-09T19:44:03+00:00,success,feature/auth,api
pipeline_000503,project_00043,org_0095,2026-01-14T17:15:51+00:00,2026-01-14T20:13:51+00:00,canceled,feature/auth,manual
pipeline_000504,project_00067,org_0021,2026-01-24T20:27:18+00:00,2026-01-24T23:09:18+00:00,success,develop,manual
pipeline_000505,project_00014,org_0026,2026-04-24T07:20:13+00:00,2026-04-24T10:00:13+00:00,success,feature/api,push
pipeline_000506,project_00033,org_0025,2026-07-16T08:29:50+00:00,2026-07-16T08:49:50+00:00,failed,feature/auth,api
pipeline_000507,project_00034,org_0084,2026-08-28T03:39:04+00:00,2026-08-28T04:51:04+00:00,success,feature/auth,push
pipeline_000508,project_00190,org_0042,2026-02-13T07:42:56+00:00,2026-02-13T10:17:56+00:00,success,release,webhook
pipeline_000509,project_00169,org_0005,2026-06-23T11:06:33+00:00,2026-06-23T12:41:33+00:00,failed,feature/auth,webhook
pipeline_000510,project_00125,org_0035,2026-03-12T05:15:49+00:00,2026-03-12T07:31:49+00:00,failed,feature/auth,push
pipeline_000511,project_00038,org_0037,2026-08-20T06:52:23+00:00,2026-08-20T07:32:23+00:00,failed,feature/api,scheduled
pipeline_000512,project_00061,org_0082,2026-06-20T22:49:17+00:00,2026-06-21T01:33:17+00:00,success,release,api
pipeline_000513,project_00014,org_0026,2026-04-13T16:20:40+00:00,2026-04-13T16:50:40+00:00,success,feature/api,scheduled
pipeline_000514,project_00122,org_0050,2026-04-28T00:56:42+00:00,2026-04-28T02:58:42+00:00,failed,release,webhook
pipeline_000515,project_00098,org_0088,2026-06-01T11:43:13+00:00,2026-06-01T13:45:13+00:00,success,release,scheduled
pipeline_000516,project_00004,org_0044,2026-04-23T03:44:18+00:00,2026-04-23T05:39:18+00:00,success,feature/auth,manual
pipeline_000517,project_00175,org_0065,2026-01-16T22:18:42+00:00,2026-01-16T22:43:42+00:00,canceled,feature/auth,scheduled
pipeline_000518,project_00157,org_0058,2026-04-16T20:43:42+00:00,2026-04-16T22:09:42+00:00,success,main,api
pipeline_000519,project_00168,org_0036,2026-08-15T20:55:21+00:00,2026-08-15T22:36:21+00:00,success,develop,manual
pipeline_000520,project_00198,org_0017,2026-03-17T16:50:20+00:00,2026-03-17T19:04:20+00:00,success,develop,api
pipeline_000521,project_00141,org_0059,2026-01-05T02:35:38+00:00,2026-01-05T05:28:38+00:00,success,main,push
pipeline_000522,project_00106,org_0082,2026-02-07T22:37:06+00:00,2026-02-08T00:52:06+00:00,success,feature/api,api
pipeline_000523,project_00057,org_0049,2026-04-21T00:31:10+00:00,2026-04-21T01:36:10+00:00,success,main,manual
pipeline_000524,project_00024,org_0011,2026-01-23T02:10:40+00:00,2026-01-23T04:43:40+00:00,success,develop,manual
pipeline_000525,project_00164,org_0006,2026-02-17T07:09:58+00:00,2026-02-17T07:40:58+00:00,success,release,webhook
pipeline_000526,project_00097,org_0073,2026-08-08T20:08:37+00:00,2026-08-08T20:56:37+00:00,failed,develop,api
pipeline_000527,project_00076,org_0002,2026-07-01T08:20:29+00:00,2026-07-01T11:10:29+00:00,canceled,feature/api,api
pipeline_000528,project_00197,org_0023,2026-06-15T19:46:25+00:00,2026-06-15T22:44:25+00:00,canceled,feature/auth,api
pipeline_000529,project_00042,org_0070,2026-01-29T17:42:09+00:00,2026-01-29T18:53:09+00:00,failed,feature/api,scheduled
pipeline_000530,project_00086,org_0013,2026-01-24T07:47:13+00:00,2026-01-24T08:54:13+00:00,canceled,feature/auth,webhook
pipeline_000531,project_00113,org_0017,2026-01-27T22:50:26+00:00,2026-01-28T00:56:26+00:00,on_hold,develop,manual
pipeline_000532,project_00101,org_0065,2026-03-11T07:12:05+00:00,2026-03-11T09:58:05+00:00,success,develop,manual
pipeline_000533,project_00197,org_0023,2026-06-17T11:34:28+00:00,2026-06-17T12:30:28+00:00,success,main,scheduled
pipeline_000534,project_00184,org_0073,2026-04-11T14:01:12+00:00,2026-04-11T14:28:12+00:00,success,main,manual
pipeline_000535,project_00187,org_0078,2026-04-08T07:43:38+00:00,2026-04-08T09:38:38+00:00,success,feature/api,webhook
pipeline_000536,project_00168,org_0036,2026-01-01T08:05:13+00:00,2026-01-01T08:15:13+00:00,success,feature/auth,webhook
pipeline_000537,project_00180,org_0035,2026-05-09T02:14:47+00:00,2026-05-09T03:55:47+00:00,success,release,scheduled
pipeline_000538,project_00123,org_0071,2026-06-19T08:21:07+00:00,2026-06-19T10:05:07+00:00,failed,main,manual
pipeline_000539,project_00058,org_0052,2026-01-02T06:49:36+00:00,2026-01-02T08:28:36+00:00,canceled,feature/api,push
pipeline_000540,project_00146,org_0035,2026-07-27T21:23:44+00:00,2026-07-27T22:55:44+00:00,success,feature/auth,scheduled
pipeline_000541,project_00015,org_0050,2026-02-05T05:04:38+00:00,2026-02-05T06:38:38+00:00,success,feature/auth,push
pipeline_000542,project_00118,org_0073,2026-04-23T14:36:38+00:00,2026-04-23T17:22:38+00:00,success,release,push
pipeline_000543,project_00099,org_0003,2026-03-16T04:16:42+00:00,2026-03-16T05:33:42+00:00,success,main,api
pipeline_000544,project_00125,org_0035,2026-02-02T22:58:32+00:00,2026-02-03T01:40:32+00:00,success,develop,webhook
pipeline_000545,project_00010,org_0067,2026-03-16T23:45:16+00:00,2026-03-16T23:52:16+00:00,failed,release,webhook
pipeline_000546,project_00126,org_0016,2026-05-31T23:34:33+00:00,2026-05-31T23:51:33+00:00,failed,feature/auth,scheduled
pipeline_000547,project_00137,org_0014,2026-06-24T11:50:50+00:00,2026-06-24T11:55:50+00:00,success,main,api
pipeline_000548,project_00185,org_0064,2026-01-17T15:03:37+00:00,2026-01-17T16:47:37+00:00,success,release,scheduled
pipeline_000549,project_00174,org_0062,2026-07-28T09:06:52+00:00,2026-07-28T09:45:52+00:00,failed,develop,push
pipeline_000550,project_00010,org_0067,2026-02-24T23:43:07+00:00,2026-02-25T01:49:07+00:00,success,feature/api,manual
pipeline_000551,project_00012,org_0052,2026-04-05T05:57:55+00:00,2026-04-05T08:57:55+00:00,success,main,webhook
pipeline_000552,project_00162,org_0009,2026-01-20T09:38:32+00:00,2026-01-20T10:57:32+00:00,failed,main,scheduled
pipeline_000553,project_00157,org_0058,2026-03-08T06:56:25+00:00,2026-03-08T09:28:25+00:00,success,main,push
pipeline_000554,project_00128,org_0060,2026-08-20T01:35:28+00:00,2026-08-20T04:13:28+00:00,success,develop,scheduled
pipeline_000555,project_00087,org_0094,2026-06-06T02:59:30+00:00,2026-06-06T04:23:30+00:00,success,release,manual
pipeline_000556,project_00036,org_0011,2026-05-05T21:26:05+00:00,2026-05-05T22:21:05+00:00,failed,release,webhook
pipeline_000557,project_00086,org_0013,2026-01-25T13:16:14+00:00,2026-01-25T13:47:14+00:00,success,feature/api,webhook
pipeline_000558,project_00179,org_0021,2026-05-24T15:58:21+00:00,2026-05-24T18:20:21+00:00,success,develop,manual
pipeline_000559,project_00011,org_0043,2026-02-21T19:06:24+00:00,2026-02-21T19:32:24+00:00,failed,release,scheduled
pipeline_000560,project_00200,org_0024,2026-03-03T06:22:14+00:00,2026-03-03T06:27:14+00:00,failed,main,push
pipeline_000561,project_00002,org_0014,2026-03-11T16:14:56+00:00,2026-03-11T16:37:56+00:00,failed,release,api
pipeline_000562,project_00107,org_0094,2026-07-04T20:45:28+00:00,2026-07-04T23:43:28+00:00,success,develop,api
pipeline_000563,project_00134,org_0053,2026-06-24T22:12:38+00:00,2026-06-24T23:58:38+00:00,success,develop,manual
pipeline_000564,project_00178,org_0061,2026-01-15T14:39:18+00:00,2026-01-15T17:12:18+00:00,success,feature/api,manual
pipeline_000565,project_00023,org_0023,2026-04-27T23:23:07+00:00,2026-04-28T00:53:07+00:00,success,release,webhook
pipeline_000566,project_00050,org_0077,2026-02-15T15:15:08+00:00,2026-02-15T17:31:08+00:00,on_hold,release,api
pipeline_000567,project_00195,org_0082,2026-07-29T14:34:52+00:00,2026-07-29T16:44:52+00:00,success,develop,api
pipeline_000568,project_00014,org_0026,2026-03-17T05:35:30+00:00,2026-03-17T06:04:30+00:00,failed,feature/api,scheduled
pipeline_000569,project_00046,org_0095,2026-03-04T01:04:02+00:00,2026-03-04T03:56:02+00:00,canceled,main,api
pipeline_000570,project_00073,org_0055,2026-03-23T09:31:05+00:00,2026-03-23T11:23:05+00:00,success,release,scheduled
pipeline_000571,project_00012,org_0052,2026-02-10T13:16:30+00:00,2026-02-10T13:30:30+00:00,canceled,develop,webhook
pipeline_000572,project_00008,org_0003,2026-07-08T09:05:59+00:00,2026-07-08T11:17:59+00:00,success,develop,scheduled
pipeline_000573,project_00152,org_0021,2026-08-14T03:46:17+00:00,2026-08-14T05:10:17+00:00,success,feature/auth,webhook
pipeline_000574,project_00200,org_0024,2026-02-12T18:30:45+00:00,2026-02-12T19:54:45+00:00,success,develop,scheduled
pipeline_000575,project_00052,org_0018,2026-05-26T20:12:55+00:00,2026-05-26T21:09:55+00:00,success,release,scheduled
pipeline_000576,project_00014,org_0026,2026-06-19T06:33:24+00:00,2026-06-19T07:11:24+00:00,success,release,scheduled
pipeline_000577,project_00046,org_0095,2026-05-31T10:10:48+00:00,2026-05-31T11:46:48+00:00,success,develop,api
pipeline_000578,project_00070,org_0012,2026-03-20T12:44:31+00:00,2026-03-20T14:10:31+00:00,success,release,push
pipeline_000579,project_00072,org_0081,2026-02-23T00:17:10+00:00,2026-02-23T00:46:10+00:00,failed,feature/api,scheduled
pipeline_000580,project_00044,org_0058,2026-05-14T10:21:37+00:00,2026-05-14T11:18:37+00:00,failed,release,webhook
pipeline_000581,project_00164,org_0006,2026-08-26T11:51:17+00:00,2026-08-26T12:35:17+00:00,success,release,webhook
pipeline_000582,project_00023,org_0023,2026-06-09T21:17:10+00:00,2026-06-09T23:31:10+00:00,success,develop,manual
pipeline_000583,project_00122,org_0050,2026-06-29T17:15:46+00:00,2026-06-29T18:27:46+00:00,success,feature/api,webhook
pipeline_000584,project_00064,org_0044,2026-05-08T02:37:09+00:00,2026-05-08T04:29:09+00:00,success,release,webhook
pipeline_000585,project_00147,org_0018,2026-01-02T23:19:35+00:00,2026-01-03T01:06:35+00:00,on_hold,main,scheduled
pipeline_000586,project_00188,org_0062,2026-07-15T19:38:12+00:00,2026-07-15T19:47:12+00:00,success,feature/api,scheduled
pipeline_000587,project_00179,org_0021,2026-02-08T01:25:07+00:00,2026-02-08T03:21:07+00:00,success,main,manual
pipeline_000588,project_00193,org_0076,2026-01-05T19:47:26+00:00,2026-01-05T22:45:26+00:00,failed,develop,webhook
pipeline_000589,project_00092,org_0078,2026-04-25T20:57:59+00:00,2026-04-25T21:59:59+00:00,success,main,push
pipeline_000590,project_00123,org_0071,2026-04-29T09:16:59+00:00,2026-04-29T09:58:59+00:00,failed,release,manual
pipeline_000591,project_00007,org_0039,2026-06-26T15:25:24+00:00,2026-06-26T17:24:24+00:00,failed,feature/api,webhook
pipeline_000592,project_00095,org_0082,2026-06-30T07:33:01+00:00,2026-06-30T10:16:01+00:00,success,main,scheduled
pipeline_000593,project_00177,org_0029,2026-05-10T06:54:36+00:00,2026-05-10T09:10:36+00:00,success,feature/api,api
pipeline_000594,project_00179,org_0021,2026-08-26T20:55:31+00:00,2026-08-26T23:14:31+00:00,success,develop,push
pipeline_000595,project_00159,org_0008,2026-05-11T08:54:04+00:00,2026-05-11T09:09:04+00:00,success,feature/auth,push
pipeline_000596,project_00029,org_0089,2026-05-29T17:23:57+00:00,2026-05-29T18:57:57+00:00,success,main,api
pipeline_000597,project_00094,org_0050,2026-03-10T01:36:38+00:00,2026-03-10T04:22:38+00:00,success,main,manual
pipeline_000598,project_00182,org_0031,2026-03-21T12:03:34+00:00,2026-03-21T12:39:34+00:00,on_hold,develop,manual
pipeline_000599,project_00030,org_0063,2026-07-05T19:52:56+00:00,2026-07-05T22:21:56+00:00,failed,develop,webhook
pipeline_000600,project_00083,org_0057,2026-05-17T23:30:39+00:00,2026-05-18T00:39:39+00:00,success,feature/api,api
pipeline_000601,project_00014,org_0026,2026-01-25T14:38:36+00:00,2026-01-25T16:14:36+00:00,success,feature/api,manual
pipeline_000602,project_00135,org_0045,2026-02-17T15:44:05+00:00,2026-02-17T17:45:05+00:00,failed,release,api
pipeline_000603,project_00116,org_0081,2026-08-30T03:41:07+00:00,2026-08-30T05:16:07+00:00,failed,main,webhook
pipeline_000604,project_00118,org_0073,2026-02-03T21:46:35+00:00,2026-02-03T22:07:35+00:00,success,develop,api
pipeline_000605,project_00020,org_0068,2026-02-12T11:21:17+00:00,2026-02-12T12:04:17+00:00,success,develop,scheduled
pipeline_000606,project_00039,org_0096,2026-03-21T07:48:19+00:00,2026-03-21T10:02:19+00:00,canceled,main,api
pipeline_000607,project_missing_999,org_0094,2026-07-30T06:32:22+00:00,2026-07-30T07:06:22+00:00,success,feature/api,scheduled
pipeline_000608,project_00189,org_0026,2026-01-09T08:13:46+00:00,2026-01-09T09:28:46+00:00,success,main,webhook
pipeline_000609,project_00134,org_0053,2026-05-11T10:36:14+00:00,2026-05-11T12:22:14+00:00,success,feature/auth,scheduled
pipeline_000610,project_00152,org_0021,2026-07-25T21:30:26+00:00,2026-07-25T23:51:26+00:00,success,feature/auth,manual
pipeline_000611,project_00034,org_0084,2026-04-30T00:44:25+00:00,2026-04-30T01:28:25+00:00,failed,develop,scheduled
pipeline_000612,project_00096,org_0047,2026-04-22T21:43:05+00:00,2026-04-22T21:56:05+00:00,success,feature/auth,scheduled
pipeline_000613,project_00043,org_0095,2026-08-29T06:03:05+00:00,2026-08-29T06:45:05+00:00,failed,feature/auth,webhook
pipeline_000614,project_00045,org_0057,2026-03-01T14:34:55+00:00,2026-03-01T15:16:55+00:00,success,main,api
pipeline_000615,project_00148,org_0022,2026-02-19T02:49:06+00:00,2026-02-19T04:42:06+00:00,success,develop,webhook
pipeline_000616,project_00144,org_0031,2026-01-14T11:19:32+00:00,2026-01-14T14:10:32+00:00,success,feature/auth,webhook
pipeline_000617,project_00096,org_0047,2026-06-24T03:39:43+00:00,2026-06-24T05:58:43+00:00,on_hold,release,api
pipeline_000618,project_00032,org_0046,2026-01-10T16:19:11+00:00,2026-01-10T18:03:11+00:00,canceled,develop,scheduled
pipeline_000619,project_00082,org_0009,2026-03-02T14:31:18+00:00,2026-03-02T14:33:18+00:00,on_hold,release,manual
pipeline_000620,project_00085,org_0088,2026-04-25T18:47:22+00:00,2026-04-25T20:49:22+00:00,failed,release,webhook
pipeline_000621,project_00145,org_0051,2026-06-21T16:43:20+00:00,2026-06-21T18:10:20+00:00,success,feature/api,push
pipeline_000622,project_00036,org_0011,2026-08-02T23:19:09+00:00,2026-08-02T23:49:09+00:00,success,feature/api,manual
pipeline_000623,project_00057,org_0049,2026-06-23T04:46:00+00:00,2026-06-23T06:18:00+00:00,success,main,manual
pipeline_000624,project_00165,org_0074,2026-03-17T18:55:38+00:00,2026-03-17T21:25:38+00:00,success,feature/auth,webhook
pipeline_000625,project_00006,org_0057,2026-02-02T11:06:39+00:00,2026-02-02T13:24:39+00:00,failed,main,manual
pipeline_000626,project_00101,org_0065,2026-03-17T12:24:20+00:00,2026-03-17T14:30:20+00:00,success,release,manual
pipeline_000627,project_00015,org_0050,2026-05-21T05:22:06+00:00,2026-05-21T07:04:06+00:00,success,feature/api,api
pipeline_000628,project_00099,org_0003,2026-05-25T19:02:17+00:00,2026-05-25T19:06:17+00:00,success,feature/auth,api
pipeline_000629,project_00115,org_0035,2026-08-06T21:12:24+00:00,2026-08-06T21:35:24+00:00,success,feature/api,scheduled
pipeline_000630,project_00114,org_0099,2026-04-23T02:15:50+00:00,2026-04-23T02:57:50+00:00,failed,feature/api,scheduled
pipeline_000631,project_00036,org_0011,2026-08-17T00:54:53+00:00,2026-08-17T03:28:53+00:00,success,develop,api
pipeline_000632,project_00122,org_0050,2026-07-24T00:09:38+00:00,2026-07-24T01:35:38+00:00,success,release,scheduled
pipeline_000633,project_00023,org_0023,2026-01-03T13:41:32+00:00,2026-01-03T15:26:32+00:00,success,feature/auth,scheduled
pipeline_000634,project_00045,org_0057,2026-08-04T20:33:37+00:00,2026-08-04T22:32:37+00:00,failed,develop,webhook
pipeline_000635,project_00048,org_0018,2026-05-29T06:20:59+00:00,2026-05-29T07:35:59+00:00,success,main,api
pipeline_000636,project_00150,org_0099,2026-04-29T00:41:14+00:00,2026-04-29T02:48:14+00:00,success,feature/api,webhook
pipeline_000637,project_00007,org_0039,2026-01-01T22:48:16+00:00,2026-01-01T23:28:16+00:00,success,feature/api,push
pipeline_000638,project_00168,org_0036,2026-04-22T17:27:22+00:00,2026-04-22T19:14:22+00:00,success,develop,push
pipeline_000639,project_00031,org_0041,2026-04-18T15:51:00+00:00,2026-04-18T17:58:00+00:00,on_hold,main,manual
pipeline_000640,project_00191,org_0076,2026-05-21T11:50:34+00:00,2026-05-21T14:19:34+00:00,success,feature/api,api
pipeline_000641,project_00161,org_0075,2026-07-04T21:01:15+00:00,2026-07-04T23:59:15+00:00,failed,feature/auth,manual
pipeline_000642,project_00188,org_0062,2026-08-12T09:50:46+00:00,2026-08-12T09:55:46+00:00,failed,develop,manual
pipeline_000643,project_00015,org_0050,2026-02-26T18:05:48+00:00,2026-02-26T19:27:48+00:00,success,develop,api
pipeline_000644,project_00042,org_0070,2026-01-21T12:57:17+00:00,2026-01-21T14:07:17+00:00,success,feature/auth,push
pipeline_000645,project_00075,org_0017,2026-04-24T06:30:23+00:00,2026-04-24T08:46:23+00:00,success,main,manual
pipeline_000646,project_00050,org_0077,2026-03-13T03:59:25+00:00,2026-03-13T04:24:25+00:00,success,develop,manual
pipeline_000647,project_00083,org_0057,2026-05-03T19:17:41+00:00,2026-05-03T22:13:41+00:00,failed,feature/auth,api
pipeline_000648,project_00025,org_0031,2026-07-27T13:09:30+00:00,2026-07-27T15:38:30+00:00,success,develop,push
pipeline_000649,project_00036,org_0011,2026-07-21T05:42:05+00:00,2026-07-21T06:55:05+00:00,success,feature/api,scheduled
pipeline_000650,project_00088,org_0041,2026-03-05T07:32:30+00:00,2026-03-05T07:59:30+00:00,success,release,webhook
pipeline_000651,project_00049,org_0073,2026-08-05T23:02:38+00:00,2026-08-06T01:40:38+00:00,success,release,manual
pipeline_000652,project_00183,org_0076,2026-08-03T00:44:37+00:00,2026-08-03T03:44:37+00:00,failed,main,scheduled
pipeline_000653,project_00118,org_0073,2026-01-30T16:06:09+00:00,2026-01-30T16:36:09+00:00,failed,main,scheduled
pipeline_000654,project_00090,org_0077,2026-05-02T00:04:30+00:00,2026-05-02T03:01:30+00:00,success,feature/api,manual
pipeline_000655,project_00134,org_0053,2026-05-13T20:05:30+00:00,2026-05-13T20:50:30+00:00,failed,main,push
pipeline_000656,project_00057,org_0049,2026-02-19T23:42:21+00:00,2026-02-20T02:40:21+00:00,success,develop,api
pipeline_000657,project_00033,org_0025,2026-03-23T11:51:35+00:00,2026-03-23T12:25:35+00:00,on_hold,feature/api,push
pipeline_000658,project_00020,org_0068,2026-01-08T07:17:18+00:00,2026-01-08T09:21:18+00:00,failed,main,webhook
pipeline_000659,project_00028,org_0055,2026-01-13T17:39:00+00:00,2026-01-13T20:28:00+00:00,success,main,scheduled
pipeline_000660,project_00031,org_0041,2026-04-09T06:14:49+00:00,2026-04-09T06:26:49+00:00,success,main,push
pipeline_000661,project_00032,org_0046,2026-08-22T17:06:27+00:00,2026-08-22T17:59:27+00:00,success,develop,webhook
pipeline_000662,project_00172,org_0018,2026-05-17T12:31:52+00:00,2026-05-17T12:39:52+00:00,success,feature/auth,manual
pipeline_000663,project_00090,org_0077,2026-05-17T18:46:20+00:00,2026-05-17T19:28:20+00:00,failed,release,webhook
pipeline_000664,project_00130,org_0026,2026-08-10T10:58:43+00:00,2026-08-10T11:16:43+00:00,success,release,push
pipeline_000665,project_00136,org_0098,2026-03-26T06:34:07+00:00,2026-03-26T07:24:07+00:00,canceled,develop,manual
pipeline_000666,project_00002,org_0014,2026-02-08T07:49:03+00:00,2026-02-08T08:44:03+00:00,canceled,feature/api,api
pipeline_000667,project_00179,org_0021,2026-08-17T21:25:30+00:00,2026-08-17T22:13:30+00:00,success,main,webhook
pipeline_000668,project_00091,org_0085,2026-05-28T10:16:07+00:00,2026-05-28T12:05:07+00:00,success,develop,scheduled
pipeline_000669,project_00029,org_0089,2026-05-03T01:18:16+00:00,2026-05-03T01:50:16+00:00,success,release,webhook
pipeline_000670,project_00127,org_0067,2026-05-21T07:05:53+00:00,2026-05-21T08:19:53+00:00,success,main,push
pipeline_000671,project_00084,org_0081,2026-07-11T17:44:12+00:00,2026-07-11T18:14:12+00:00,success,feature/api,manual
pipeline_000672,project_00189,org_0026,2026-05-02T04:06:54+00:00,2026-05-02T07:02:54+00:00,on_hold,feature/api,webhook
pipeline_000673,project_00142,org_0065,2026-06-08T04:08:43+00:00,2026-06-08T05:23:43+00:00,on_hold,feature/api,webhook
pipeline_000674,project_00018,org_0047,2026-07-04T17:37:44+00:00,2026-07-04T20:31:44+00:00,success,main,scheduled
pipeline_000675,project_00173,org_0032,2026-02-10T20:16:22+00:00,2026-02-10T21:58:22+00:00,success,main,push
pipeline_000676,project_00037,org_0005,2026-06-03T07:54:34+00:00,2026-06-03T09:37:34+00:00,success,main,webhook
pipeline_000677,project_00017,org_0074,2026-05-22T06:01:22+00:00,2026-05-22T06:52:22+00:00,success,release,scheduled
pipeline_000678,project_00032,org_0046,2026-04-01T10:30:08+00:00,2026-04-01T12:19:08+00:00,failed,feature/auth,manual
pipeline_000679,project_00152,org_0021,2026-04-17T00:17:26+00:00,2026-04-17T03:02:26+00:00,canceled,feature/auth,scheduled
pipeline_000680,project_00171,org_0008,2026-08-23T05:54:33+00:00,2026-08-23T07:38:33+00:00,on_hold,release,api
pipeline_000681,project_00038,org_0037,2026-06-26T13:30:10+00:00,2026-06-26T13:58:10+00:00,success,feature/api,scheduled
pipeline_000682,project_00060,org_0001,2026-02-22T06:38:27+00:00,2026-02-22T06:46:27+00:00,success,main,push
pipeline_000683,project_00128,org_0060,2026-01-11T09:19:03+00:00,2026-01-11T10:05:03+00:00,success,feature/auth,webhook
pipeline_000684,project_00078,org_0062,2026-08-30T13:09:01+00:00,2026-08-30T15:49:01+00:00,success,main,manual
pipeline_000685,project_00197,org_0023,2026-07-11T03:31:12+00:00,2026-07-11T05:31:12+00:00,success,feature/api,scheduled
pipeline_000686,project_00130,org_0026,2026-04-12T14:53:49+00:00,2026-04-12T17:12:49+00:00,success,release,manual
pipeline_000687,project_00005,org_0062,2026-01-13T06:31:10+00:00,2026-01-13T08:22:10+00:00,failed,main,scheduled
pipeline_000688,project_00116,org_0081,2026-05-03T03:54:15+00:00,2026-05-03T05:31:15+00:00,success,main,push
pipeline_000689,project_00046,org_0095,2026-08-05T04:30:29+00:00,2026-08-05T07:19:29+00:00,failed,feature/auth,webhook
pipeline_000690,project_00126,org_0016,2026-06-17T06:14:20+00:00,2026-06-17T06:49:20+00:00,success,feature/api,scheduled
pipeline_000691,project_00196,org_0023,2026-02-12T11:30:50+00:00,2026-02-12T13:56:50+00:00,success,release,manual
pipeline_000692,project_00147,org_0018,2026-07-02T11:01:28+00:00,2026-07-02T13:03:28+00:00,success,develop,manual
pipeline_000693,project_00015,org_0050,2026-06-01T23:58:15+00:00,2026-06-02T01:06:15+00:00,success,feature/api,manual
pipeline_000694,project_00174,org_0062,2026-05-17T23:59:47+00:00,2026-05-18T01:12:47+00:00,success,main,manual
pipeline_000695,project_00012,org_0052,2026-02-19T18:53:33+00:00,2026-02-19T20:27:33+00:00,success,release,push
pipeline_000696,project_00196,org_0023,2026-08-31T18:50:53+00:00,2026-08-31T20:18:53+00:00,success,feature/api,api
pipeline_000697,project_00092,org_0078,2026-06-09T23:27:43+00:00,2026-06-10T00:57:43+00:00,success,develop,webhook
pipeline_000698,project_00061,org_0082,2026-05-02T04:58:42+00:00,2026-05-02T07:30:42+00:00,success,main,api
pipeline_000699,project_00030,org_0063,2026-05-12T02:36:23+00:00,2026-05-12T03:20:23+00:00,success,feature/auth,push
pipeline_000700,project_00118,org_0073,2026-06-14T01:44:02+00:00,2026-06-14T04:10:02+00:00,success,feature/api,api
pipeline_000701,project_00006,org_0057,2026-07-02T09:55:13+00:00,2026-07-02T12:26:13+00:00,success,feature/auth,scheduled
pipeline_000702,project_00147,org_0018,2026-06-01T13:52:01+00:00,2026-06-01T15:15:01+00:00,success,feature/api,push
pipeline_000703,project_00177,org_0029,2026-03-21T23:12:16+00:00,2026-03-22T00:39:16+00:00,success,feature/auth,webhook
pipeline_000704,project_00158,org_0014,2026-04-27T07:44:13+00:00,2026-04-27T09:18:13+00:00,canceled,develop,scheduled
pipeline_000705,project_00163,org_0017,2026-01-30T06:02:39+00:00,2026-01-30T08:20:39+00:00,success,feature/auth,push
pipeline_000706,project_00077,org_0016,2026-08-11T17:36:01+00:00,2026-08-11T19:19:01+00:00,failed,release,push
pipeline_000707,project_00184,org_0073,2026-08-13T13:09:06+00:00,2026-08-13T13:34:06+00:00,success,feature/auth,push
pipeline_000708,project_00146,org_0035,2026-07-26T05:52:19+00:00,2026-07-26T07:54:19+00:00,success,feature/auth,push
pipeline_000709,project_00167,org_0023,2026-04-28T05:25:05+00:00,2026-04-28T07:35:05+00:00,failed,feature/api,manual
pipeline_000710,project_00081,org_0100,2026-03-19T16:51:09+00:00,2026-03-19T18:38:09+00:00,success,release,manual
pipeline_000711,project_00117,org_0066,2026-08-01T15:39:08+00:00,2026-08-01T16:26:08+00:00,failed,release,webhook
pipeline_000712,project_00148,org_0022,2026-07-13T20:54:54+00:00,2026-07-13T21:49:54+00:00,success,feature/api,api
pipeline_000713,project_00164,org_0006,2026-07-26T21:18:14+00:00,2026-07-26T23:56:14+00:00,failed,feature/api,manual
pipeline_000714,project_00187,org_0078,2026-01-24T06:08:15+00:00,2026-01-24T08:22:15+00:00,success,feature/api,webhook
pipeline_000715,project_missing_999,org_0051,2026-02-28T10:30:24+00:00,2026-02-28T13:26:24+00:00,failed,feature/api,scheduled
pipeline_000716,project_00082,org_0009,2026-01-26T00:30:29+00:00,2026-01-26T03:13:29+00:00,success,feature/api,api
pipeline_000717,project_00074,org_0001,2026-03-04T08:45:15+00:00,2026-03-04T09:51:15+00:00,success,develop,scheduled
pipeline_000718,project_00062,org_0051,2026-02-14T02:26:33+00:00,2026-02-14T03:05:33+00:00,success,develop,api
pipeline_000719,project_00119,org_0033,2026-07-08T12:05:29+00:00,2026-07-08T14:29:29+00:00,on_hold,feature/api,push
pipeline_000720,project_00052,org_0018,2026-03-03T21:19:43+00:00,2026-03-03T22:29:43+00:00,success,feature/auth,api
pipeline_000721,project_00169,org_0005,2026-08-02T20:57:10+00:00,2026-08-02T21:43:10+00:00,success,main,scheduled
pipeline_000722,project_00006,org_0057,2026-01-22T11:41:15+00:00,2026-01-22T12:03:15+00:00,success,feature/auth,push
pipeline_000723,project_00105,org_0020,2026-05-22T03:27:09+00:00,2026-05-22T06:19:09+00:00,success,main,scheduled
pipeline_000724,project_00186,org_0005,2026-02-24T14:06:56+00:00,2026-02-24T15:07:56+00:00,success,release,push
pipeline_000725,project_00134,org_0053,2026-08-14T09:54:14+00:00,2026-08-14T12:09:14+00:00,success,main,webhook
pipeline_000726,project_00154,org_0012,2026-02-17T11:42:09+00:00,2026-02-17T13:03:09+00:00,success,release,scheduled
pipeline_000727,project_00192,org_0047,2026-04-02T15:06:08+00:00,2026-04-02T16:55:08+00:00,success,main,webhook
pipeline_000728,project_00055,org_0032,2026-04-17T14:57:59+00:00,2026-04-17T16:50:59+00:00,success,release,push
pipeline_000729,project_00126,org_0016,2026-07-27T04:18:01+00:00,2026-07-27T05:54:01+00:00,success,main,api
pipeline_000730,project_00140,org_0030,2026-06-14T13:55:41+00:00,2026-06-14T15:57:41+00:00,success,feature/auth,webhook
pipeline_000731,project_00093,org_0038,2026-07-04T13:23:16+00:00,2026-07-04T14:58:16+00:00,failed,main,manual
pipeline_000732,project_00009,org_0087,2026-01-22T05:34:59+00:00,2026-01-22T08:31:59+00:00,canceled,develop,api
pipeline_000733,project_00142,org_0065,2026-05-30T09:34:21+00:00,2026-05-30T10:54:21+00:00,success,feature/auth,push
pipeline_000734,project_00137,org_0014,2026-04-02T19:14:20+00:00,2026-04-02T21:08:20+00:00,success,feature/api,api
pipeline_000735,project_00078,org_0062,2026-02-05T01:11:38+00:00,2026-02-05T02:12:38+00:00,success,develop,scheduled
pipeline_000736,project_00162,org_0009,2026-05-04T04:22:20+00:00,2026-05-04T07:07:20+00:00,success,main,api
pipeline_000737,project_00021,org_0079,2026-07-10T22:54:01+00:00,2026-07-11T00:55:01+00:00,failed,feature/auth,scheduled
pipeline_000738,project_00026,org_0048,2026-03-04T06:30:29+00:00,2026-03-04T09:29:29+00:00,success,main,api
pipeline_000739,project_00108,org_0012,2026-08-22T20:07:38+00:00,2026-08-22T22:28:38+00:00,failed,feature/api,push
pipeline_000740,project_00196,org_0023,2026-01-21T05:35:46+00:00,2026-01-21T08:20:46+00:00,success,feature/api,webhook
pipeline_000741,project_00001,org_0020,2026-06-05T14:26:20+00:00,2026-06-05T15:18:20+00:00,success,feature/auth,manual
pipeline_000742,project_00022,org_0045,2026-02-13T00:59:37+00:00,2026-02-13T01:40:37+00:00,success,develop,manual
pipeline_000743,project_00176,org_0024,2026-06-09T08:25:27+00:00,2026-06-09T09:47:27+00:00,success,develop,api
pipeline_000744,project_00045,org_0057,2026-08-19T07:21:03+00:00,2026-08-19T08:45:03+00:00,failed,develop,push
pipeline_000745,project_00107,org_0094,2026-05-23T18:16:34+00:00,2026-05-23T19:03:34+00:00,success,feature/api,manual
pipeline_000746,project_00058,org_0052,2026-01-09T01:15:38+00:00,2026-01-09T01:21:38+00:00,canceled,release,webhook
pipeline_000747,project_00023,org_0023,2026-06-29T14:06:44+00:00,2026-06-29T14:57:44+00:00,success,develop,push
pipeline_000748,project_00103,org_0011,2026-08-29T00:12:54+00:00,2026-08-29T02:02:54+00:00,success,develop,push
pipeline_000749,project_00095,org_0082,2026-03-08T01:39:36+00:00,2026-03-08T04:05:36+00:00,success,release,scheduled
pipeline_000750,project_00198,org_0017,2026-06-26T04:51:49+00:00,2026-06-26T07:44:49+00:00,success,develop,webhook
pipeline_000751,project_00049,org_0073,2026-04-14T09:11:25+00:00,2026-04-14T10:25:25+00:00,failed,feature/api,webhook
pipeline_000752,project_00111,org_0090,2026-03-22T05:42:25+00:00,2026-03-22T08:16:25+00:00,success,feature/auth,webhook
pipeline_000753,project_00108,org_0012,2026-03-12T01:10:08+00:00,2026-03-12T02:55:08+00:00,failed,main,api
pipeline_000754,project_00068,org_0055,2026-04-02T10:53:06+00:00,2026-04-02T13:32:06+00:00,success,develop,api
pipeline_000755,project_00150,org_0099,2026-06-27T22:23:56+00:00,2026-06-27T22:45:56+00:00,success,develop,api
pipeline_000756,project_00178,org_0061,2026-06-04T09:28:42+00:00,2026-06-04T12:24:42+00:00,success,feature/api,scheduled
pipeline_000757,project_00189,org_0026,2026-08-20T22:16:10+00:00,2026-08-20T23:22:10+00:00,success,release,push
pipeline_000758,project_00014,org_0026,2026-05-10T06:30:13+00:00,2026-05-10T07:31:13+00:00,success,feature/auth,manual
pipeline_000759,project_00172,org_0018,2026-08-21T07:55:37+00:00,2026-08-21T08:07:37+00:00,success,release,manual
pipeline_000760,project_00098,org_0088,2026-04-28T11:34:22+00:00,2026-04-28T13:16:22+00:00,success,develop,manual
pipeline_000761,project_00011,org_0043,2026-08-14T10:31:48+00:00,2026-08-14T11:17:48+00:00,success,release,scheduled
pipeline_000762,project_00087,org_0094,2026-07-01T18:52:01+00:00,2026-07-01T19:26:01+00:00,success,release,scheduled
pipeline_000763,project_00037,org_0005,2026-04-12T03:09:35+00:00,2026-04-12T03:39:35+00:00,success,develop,scheduled
pipeline_000764,project_00072,org_0081,2026-05-21T00:57:46+00:00,2026-05-21T02:48:46+00:00,success,feature/auth,manual
pipeline_000765,project_00195,org_0082,2026-04-13T10:24:07+00:00,2026-04-13T12:37:07+00:00,success,develop,api
pipeline_000766,project_00189,org_0026,2026-07-10T19:00:46+00:00,2026-07-10T19:39:46+00:00,success,feature/api,push
pipeline_000767,project_00049,org_0073,2026-02-27T17:14:46+00:00,2026-02-27T17:28:46+00:00,success,main,scheduled
pipeline_000768,project_00067,org_0021,2026-03-05T12:26:33+00:00,2026-03-05T14:26:33+00:00,success,feature/api,push
pipeline_000769,project_00114,org_0099,2026-05-19T11:00:29+00:00,2026-05-19T13:24:29+00:00,success,feature/api,push
pipeline_000770,project_00185,org_0064,2026-02-27T11:57:38+00:00,2026-02-27T12:29:38+00:00,success,develop,api
pipeline_000771,project_00047,org_0081,2026-03-07T08:37:23+00:00,2026-03-07T10:48:23+00:00,failed,release,manual
pipeline_000772,project_00055,org_0032,2026-08-15T15:03:21+00:00,2026-08-15T15:05:21+00:00,success,release,webhook
pipeline_000773,project_00107,org_0094,2026-01-30T20:09:30+00:00,2026-01-30T21:13:30+00:00,failed,main,api
pipeline_000774,project_00007,org_0039,2026-04-21T09:41:35+00:00,2026-04-21T12:36:35+00:00,on_hold,main,scheduled
pipeline_000775,project_00096,org_0047,2026-08-18T06:21:12+00:00,2026-08-18T06:49:12+00:00,failed,develop,push
pipeline_000776,project_00021,org_0079,2026-06-28T17:41:02+00:00,2026-06-28T20:30:02+00:00,success,feature/auth,manual
pipeline_000777,project_00169,org_0005,2026-01-03T06:06:35+00:00,2026-01-03T07:31:35+00:00,canceled,release,scheduled
pipeline_000778,project_00084,org_0081,2026-08-10T00:56:28+00:00,2026-08-10T01:30:28+00:00,success,main,api
pipeline_000779,project_00083,org_0057,2026-01-22T13:37:26+00:00,2026-01-22T13:56:26+00:00,success,release,scheduled
pipeline_000780,project_00024,org_0011,2026-06-04T21:37:50+00:00,2026-06-04T22:43:50+00:00,success,feature/api,push
pipeline_000781,project_00006,org_0057,2026-03-22T20:46:35+00:00,2026-03-22T21:28:35+00:00,success,feature/api,api
pipeline_000782,project_00166,org_0064,2026-03-01T20:38:21+00:00,2026-03-01T21:09:21+00:00,success,feature/api,api
pipeline_000783,project_00176,org_0024,2026-08-23T09:09:16+00:00,2026-08-23T09:43:16+00:00,success,main,api
pipeline_000784,project_00132,org_0076,2026-03-19T14:56:06+00:00,2026-03-19T17:02:06+00:00,success,feature/api,scheduled
pipeline_000785,project_00069,org_0084,2026-08-07T16:04:20+00:00,2026-08-07T18:38:20+00:00,success,feature/api,api
pipeline_000786,project_00158,org_0014,2026-03-14T08:57:44+00:00,2026-03-14T10:49:44+00:00,success,main,push
pipeline_000787,project_00132,org_0076,2026-05-13T17:17:34+00:00,2026-05-13T19:16:34+00:00,success,develop,scheduled
pipeline_000788,project_00135,org_0045,2026-07-23T18:21:05+00:00,2026-07-23T18:43:05+00:00,success,feature/api,push
pipeline_000789,project_00123,org_0071,2026-04-27T15:52:05+00:00,2026-04-27T16:31:05+00:00,on_hold,feature/auth,webhook
pipeline_000790,project_00134,org_0053,2026-06-16T02:44:57+00:00,2026-06-16T04:00:57+00:00,success,release,push
pipeline_000791,project_00012,org_0052,2026-07-19T09:22:12+00:00,2026-07-19T09:50:12+00:00,success,feature/api,push
pipeline_000792,project_00119,org_0033,2026-08-09T18:36:03+00:00,2026-08-09T19:41:03+00:00,success,release,push
pipeline_000793,project_00197,org_0023,2026-07-15T12:26:36+00:00,2026-07-15T12:31:36+00:00,success,feature/api,webhook
pipeline_000794,project_00047,org_0081,2026-06-02T14:37:40+00:00,2026-06-02T14:49:40+00:00,success,feature/auth,api
pipeline_000795,project_00151,org_0060,2026-06-26T16:53:24+00:00,2026-06-26T19:45:24+00:00,success,feature/auth,api
pipeline_000796,project_00048,org_0018,2026-03-23T23:17:59+00:00,2026-03-24T00:05:59+00:00,success,release,api
pipeline_000797,project_00173,org_0032,2026-02-11T07:04:24+00:00,2026-02-11T08:56:24+00:00,success,main,scheduled
pipeline_000798,project_00030,org_0063,2026-01-06T04:00:28+00:00,2026-01-06T04:44:28+00:00,success,feature/api,scheduled
pipeline_000799,project_00169,org_0005,2026-08-22T17:59:51+00:00,2026-08-22T20:04:51+00:00,success,release,api
pipeline_000800,project_00177,org_0029,2026-06-03T09:38:27+00:00,2026-06-03T10:56:27+00:00,success,develop,push
pipeline_000801,project_00049,org_0073,2026-02-13T11:06:00+00:00,2026-02-13T11:11:00+00:00,success,develop,push
pipeline_000802,project_00054,org_0032,2026-07-06T20:20:14+00:00,2026-07-06T23:07:14+00:00,success,develop,scheduled
pipeline_000803,project_00161,org_0075,2026-07-29T03:57:11+00:00,2026-07-29T04:46:11+00:00,success,feature/api,webhook
pipeline_000804,project_00122,org_0050,2026-06-13T20:11:57+00:00,2026-06-13T20:17:57+00:00,success,develop,scheduled
pipeline_000805,project_00125,org_0035,2026-07-03T02:35:52+00:00,2026-07-03T02:41:52+00:00,failed,release,webhook
pipeline_000806,project_00052,org_0018,2026-04-25T12:01:40+00:00,2026-04-25T14:27:40+00:00,failed,feature/api,push
pipeline_000807,project_00086,org_0013,2026-01-04T01:23:37+00:00,2026-01-04T01:50:37+00:00,success,feature/api,scheduled
pipeline_000808,project_00127,org_0067,2026-08-13T17:30:50+00:00,2026-08-13T20:03:50+00:00,failed,feature/auth,push
pipeline_000809,project_00125,org_0035,2026-06-05T05:17:27+00:00,2026-06-05T07:22:27+00:00,success,release,scheduled
pipeline_000810,project_00060,org_0001,2026-01-24T13:48:31+00:00,2026-01-24T16:04:31+00:00,success,release,api
pipeline_000811,project_00142,org_0065,2026-01-25T15:57:41+00:00,2026-01-25T17:06:41+00:00,failed,feature/api,scheduled
pipeline_000812,project_00030,org_0063,2026-07-12T03:45:57+00:00,2026-07-12T06:25:57+00:00,canceled,feature/auth,scheduled
pipeline_000813,project_00179,org_0021,2026-06-19T09:57:30+00:00,2026-06-19T10:03:30+00:00,success,develop,scheduled
pipeline_000814,project_00089,org_0083,2026-06-20T03:29:15+00:00,2026-06-20T04:29:15+00:00,success,release,api
pipeline_000815,project_00155,org_0066,2026-07-01T22:25:53+00:00,2026-07-01T22:59:53+00:00,failed,feature/api,scheduled
pipeline_000816,project_00173,org_0032,2026-05-20T21:49:30+00:00,2026-05-20T23:50:30+00:00,failed,develop,manual
pipeline_000817,project_00054,org_0032,2026-04-20T16:41:31+00:00,2026-04-20T19:38:31+00:00,failed,feature/api,webhook
pipeline_000818,project_00045,org_0057,2026-03-19T11:19:39+00:00,2026-03-19T12:00:39+00:00,success,main,scheduled
pipeline_000819,project_00127,org_0067,2026-04-28T22:14:26+00:00,2026-04-28T23:15:26+00:00,success,main,push
pipeline_000820,project_00092,org_0078,2026-04-12T06:54:24+00:00,2026-04-12T08:26:24+00:00,success,develop,manual
pipeline_000821,project_00009,org_0087,2026-01-25T17:24:22+00:00,2026-01-25T18:51:22+00:00,success,release,webhook
pipeline_000822,project_00031,org_0041,2026-08-07T06:02:48+00:00,2026-08-07T07:00:48+00:00,success,feature/auth,api
pipeline_000823,project_00197,org_0023,2026-01-19T03:03:18+00:00,2026-01-19T05:26:18+00:00,success,develop,manual
pipeline_000824,project_00155,org_0066,2026-02-10T10:40:26+00:00,2026-02-10T10:53:26+00:00,canceled,feature/api,scheduled
pipeline_000825,project_00194,org_0042,2026-02-13T01:57:01+00:00,2026-02-13T02:25:01+00:00,failed,release,push
pipeline_000826,project_00144,org_0031,2026-01-17T07:11:00+00:00,2026-01-17T09:21:00+00:00,success,main,webhook
pipeline_000827,project_00093,org_0038,2026-03-02T23:38:57+00:00,2026-03-03T00:53:57+00:00,failed,release,scheduled
pipeline_000828,project_00188,org_0062,2026-02-08T13:29:21+00:00,2026-02-08T14:09:21+00:00,success,feature/auth,webhook
pipeline_000829,project_00032,org_0046,2026-03-20T09:45:15+00:00,2026-03-20T11:38:15+00:00,canceled,main,webhook
pipeline_000830,project_00122,org_0050,2026-05-13T13:20:01+00:00,2026-05-13T14:34:01+00:00,success,main,api
pipeline_000831,project_00096,org_0047,2026-06-11T04:09:38+00:00,2026-06-11T05:42:38+00:00,success,develop,webhook
pipeline_000832,project_00193,org_0076,2026-07-25T16:41:54+00:00,2026-07-25T18:29:54+00:00,failed,develop,scheduled
pipeline_000833,project_00106,org_0082,2026-06-08T23:02:21+00:00,2026-06-09T01:00:21+00:00,canceled,release,api
pipeline_000834,project_00008,org_0003,2026-06-21T21:07:56+00:00,2026-06-21T21:45:56+00:00,failed,release,push
pipeline_000835,project_00022,org_0045,2026-05-12T09:13:06+00:00,2026-05-12T10:34:06+00:00,success,develop,scheduled
pipeline_000836,project_00016,org_0027,2026-06-02T17:30:26+00:00,2026-06-02T17:40:26+00:00,success,develop,manual
pipeline_000837,project_00015,org_0050,2026-07-21T20:41:07+00:00,2026-07-21T21:57:07+00:00,success,release,api
pipeline_000838,project_00185,org_0064,2026-05-02T19:51:05+00:00,2026-05-02T21:20:05+00:00,success,feature/auth,manual
pipeline_000839,project_00157,org_0058,2026-02-27T00:51:04+00:00,2026-02-27T03:51:04+00:00,success,develop,manual
pipeline_000840,project_00160,org_0052,2026-08-29T01:55:29+00:00,2026-08-29T04:42:29+00:00,success,feature/auth,scheduled
pipeline_000841,project_00199,org_0090,2026-03-18T14:55:46+00:00,2026-03-18T16:13:46+00:00,success,release,api
pipeline_000842,project_00100,org_0028,2026-02-18T22:27:27+00:00,2026-02-19T00:41:27+00:00,on_hold,feature/auth,webhook
pipeline_000843,project_00024,org_0011,2026-07-18T17:07:30+00:00,2026-07-18T19:29:30+00:00,success,feature/auth,webhook
pipeline_000844,project_00006,org_0057,2026-01-11T19:57:54+00:00,2026-01-11T22:16:54+00:00,success,develop,api
pipeline_000845,project_00186,org_0005,2026-06-14T04:16:37+00:00,2026-06-14T06:26:37+00:00,success,main,api
pipeline_000846,project_00067,org_0021,2026-07-17T02:14:13+00:00,2026-07-17T03:45:13+00:00,success,main,scheduled
pipeline_000847,project_00077,org_0016,2026-08-11T07:29:00+00:00,2026-08-11T07:31:00+00:00,success,develop,manual
pipeline_000848,project_00145,org_0051,2026-07-27T02:36:37+00:00,2026-07-27T05:09:37+00:00,success,feature/auth,api
pipeline_000849,project_00171,org_0008,2026-08-11T10:33:48+00:00,2026-08-11T13:26:48+00:00,success,feature/api,manual
pipeline_000850,project_00189,org_0026,2026-04-07T04:06:35+00:00,2026-04-07T04:33:35+00:00,success,release,webhook
pipeline_000851,project_00200,org_0024,2026-05-21T07:15:26+00:00,2026-05-21T09:12:26+00:00,success,feature/api,scheduled
pipeline_000852,project_missing_999,org_0079,2026-02-05T19:49:09+00:00,2026-02-05T20:05:09+00:00,success,develop,scheduled
pipeline_000853,project_00055,org_0032,2026-06-23T06:33:02+00:00,2026-06-23T06:53:02+00:00,success,release,scheduled
pipeline_000854,project_00151,org_0060,2026-08-06T01:57:48+00:00,2026-08-06T04:10:48+00:00,failed,feature/auth,manual
pipeline_000855,project_00128,org_0060,2026-06-14T10:34:51+00:00,2026-06-14T12:27:51+00:00,success,feature/api,scheduled
pipeline_000856,project_00042,org_0070,2026-02-26T01:24:14+00:00,2026-02-26T03:34:14+00:00,success,feature/api,webhook
pipeline_000857,project_00181,org_0050,2026-07-19T07:14:07+00:00,2026-07-19T09:30:07+00:00,success,develop,scheduled
pipeline_000858,project_00122,org_0050,2026-01-13T15:55:22+00:00,2026-01-13T16:36:22+00:00,canceled,feature/auth,push
pipeline_000859,project_00155,org_0066,2026-06-08T16:36:47+00:00,2026-06-08T17:05:47+00:00,success,release,api
pipeline_000860,project_00011,org_0043,2026-07-23T00:38:22+00:00,2026-07-23T01:18:22+00:00,success,feature/auth,api
pipeline_000861,project_00078,org_0062,2026-04-25T04:06:15+00:00,2026-04-25T06:11:15+00:00,success,develop,webhook
pipeline_000862,project_00151,org_0060,2026-06-13T19:03:35+00:00,2026-06-13T19:16:35+00:00,canceled,feature/auth,api
pipeline_000863,project_00056,org_0074,2026-03-13T02:24:09+00:00,2026-03-13T04:30:09+00:00,success,release,api
pipeline_000864,project_00018,org_0047,2026-01-18T08:28:15+00:00,2026-01-18T10:15:15+00:00,success,feature/auth,manual
pipeline_000865,project_00116,org_0081,2026-05-12T04:44:27+00:00,2026-05-12T06:21:27+00:00,success,release,webhook
pipeline_000866,project_00196,org_0023,2026-02-23T19:07:16+00:00,2026-02-23T21:17:16+00:00,success,feature/api,scheduled
pipeline_000867,project_00039,org_0096,2026-05-07T07:14:07+00:00,2026-05-07T07:37:07+00:00,failed,release,scheduled
pipeline_000868,project_00100,org_0028,2026-04-01T10:03:39+00:00,2026-04-01T11:45:39+00:00,success,main,scheduled
pipeline_000869,project_00189,org_0026,2026-04-18T17:19:23+00:00,2026-04-18T20:05:23+00:00,success,develop,push
pipeline_000870,project_00147,org_0018,2026-04-30T22:40:21+00:00,2026-05-01T01:04:21+00:00,success,release,push
pipeline_000871,project_00050,org_0077,2026-08-29T06:44:23+00:00,2026-08-29T09:03:23+00:00,success,main,manual
pipeline_000872,project_00134,org_0053,2026-03-15T13:17:50+00:00,2026-03-15T15:19:50+00:00,success,main,push
pipeline_000873,project_00169,org_0005,2026-07-26T13:17:21+00:00,2026-07-26T14:04:21+00:00,canceled,feature/auth,webhook
pipeline_000874,project_00063,org_0064,2026-08-14T01:49:23+00:00,2026-08-14T03:43:23+00:00,success,release,manual
pipeline_000875,project_00083,org_0057,2026-06-06T01:01:39+00:00,2026-06-06T03:32:39+00:00,success,main,api
pipeline_000876,project_00112,org_0045,2026-03-12T02:27:23+00:00,2026-03-12T04:14:23+00:00,success,release,api
pipeline_000877,project_00098,org_0088,2026-04-10T21:04:14+00:00,2026-04-10T21:28:14+00:00,success,main,manual
pipeline_000878,project_00044,org_0058,2026-04-21T19:40:15+00:00,2026-04-21T20:17:15+00:00,success,main,webhook
pipeline_000879,project_00079,org_0012,2026-06-08T04:05:29+00:00,2026-06-08T06:59:29+00:00,success,release,api
pipeline_000880,project_00047,org_0081,2026-01-11T13:15:13+00:00,2026-01-11T13:30:13+00:00,success,main,api
pipeline_000881,project_00037,org_0005,2026-06-10T07:47:14+00:00,2026-06-10T09:10:14+00:00,success,main,push
pipeline_000882,project_00052,org_0018,2026-04-04T01:26:52+00:00,2026-04-04T03:59:52+00:00,success,feature/api,manual
pipeline_000883,project_00193,org_0076,2026-07-15T21:32:48+00:00,2026-07-15T23:11:48+00:00,canceled,feature/auth,push
pipeline_000884,project_00082,org_0009,2026-06-30T12:28:09+00:00,2026-06-30T14:50:09+00:00,success,feature/api,push
pipeline_000885,project_00105,org_0020,2026-04-01T18:37:08+00:00,2026-04-01T18:42:08+00:00,success,release,push
pipeline_000886,project_00064,org_0044,2026-08-04T10:14:53+00:00,2026-08-04T13:01:53+00:00,failed,feature/auth,manual
pipeline_000887,project_00105,org_0020,2026-06-23T04:51:21+00:00,2026-06-23T05:13:21+00:00,failed,release,webhook
pipeline_000888,project_00037,org_0005,2026-05-25T23:27:24+00:00,2026-05-26T01:46:24+00:00,on_hold,develop,manual
pipeline_000889,project_00109,org_0079,2026-08-04T14:23:38+00:00,2026-08-04T16:19:38+00:00,success,feature/api,manual
pipeline_000890,project_00075,org_0017,2026-03-07T00:06:37+00:00,2026-03-07T00:07:37+00:00,success,feature/api,api
pipeline_000891,project_00154,org_0012,2026-04-08T10:27:16+00:00,2026-04-08T13:22:16+00:00,success,feature/auth,webhook
pipeline_000892,project_00150,org_0099,2026-07-18T04:36:20+00:00,2026-07-18T05:49:20+00:00,success,release,manual
pipeline_000893,project_00018,org_0047,2026-04-27T18:09:09+00:00,2026-04-27T18:32:09+00:00,success,main,webhook
pipeline_000894,project_00186,org_0005,2026-08-05T02:45:39+00:00,2026-08-05T03:57:39+00:00,failed,develop,manual
pipeline_000895,project_00130,org_0026,2026-05-04T14:48:27+00:00,2026-05-04T17:43:27+00:00,canceled,feature/auth,scheduled
pipeline_000896,project_00070,org_0012,2026-04-06T12:13:03+00:00,2026-04-06T15:03:03+00:00,on_hold,feature/auth,webhook
pipeline_000897,project_00118,org_0073,2026-08-21T19:52:20+00:00,2026-08-21T21:17:20+00:00,success,develop,push
pipeline_000898,project_00156,org_0034,2026-07-05T01:34:18+00:00,2026-07-05T01:36:18+00:00,canceled,develop,scheduled
pipeline_000899,project_00143,org_0010,2026-07-09T21:35:35+00:00,2026-07-09T23:16:35+00:00,success,main,manual
pipeline_000900,project_00008,org_0003,2026-06-22T21:20:53+00:00,2026-06-23T00:13:53+00:00,success,feature/api,manual
pipeline_000901,project_00092,org_0078,2026-05-31T04:46:51+00:00,2026-05-31T05:32:51+00:00,failed,main,push
pipeline_000902,project_00119,org_0033,2026-05-24T21:07:47+00:00,2026-05-24T21:57:47+00:00,success,develop,push
pipeline_000903,project_00195,org_0082,2026-04-20T04:21:47+00:00,2026-04-20T07:16:47+00:00,canceled,feature/auth,webhook
pipeline_000904,project_00024,org_0011,2026-08-27T05:42:01+00:00,2026-08-27T08:23:01+00:00,success,develop,webhook
pipeline_000905,project_00127,org_0067,2026-05-21T23:23:51+00:00,2026-05-21T23:33:51+00:00,unknown_status,release,webhook
pipeline_000906,project_00002,org_0014,2026-03-18T03:39:40+00:00,2026-03-18T06:23:40+00:00,success,feature/auth,manual
pipeline_000907,project_00129,org_0012,2026-07-11T20:31:09+00:00,2026-07-11T21:15:09+00:00,success,release,manual
pipeline_000908,project_00145,org_0051,2026-03-10T04:02:50+00:00,2026-03-10T04:19:50+00:00,success,main,webhook
pipeline_000909,project_00067,org_0021,2026-08-10T07:53:01+00:00,2026-08-10T08:52:01+00:00,failed,feature/auth,webhook
pipeline_000910,project_00174,org_0062,2026-01-09T23:28:14+00:00,2026-01-10T02:26:14+00:00,success,release,api
pipeline_000911,project_00175,org_0065,2026-08-06T12:39:33+00:00,2026-08-06T14:36:33+00:00,success,feature/api,push
pipeline_000912,project_00083,org_0057,2026-06-17T23:38:28+00:00,2026-06-18T01:23:28+00:00,success,release,scheduled
pipeline_000913,project_00127,org_0067,2026-05-21T09:09:42+00:00,2026-05-21T11:22:42+00:00,failed,develop,push
pipeline_000914,project_00072,org_0081,2026-06-13T03:15:44+00:00,2026-06-13T05:32:44+00:00,success,main,scheduled
pipeline_000915,project_00050,org_0077,2026-05-10T23:41:03+00:00,2026-05-11T00:02:03+00:00,failed,main,webhook
pipeline_000916,project_00177,org_0029,2026-06-14T14:17:27+00:00,2026-06-14T14:37:27+00:00,canceled,develop,webhook
pipeline_000917,project_00085,org_0088,2026-05-01T16:55:14+00:00,2026-05-01T17:12:14+00:00,success,main,push
pipeline_000918,project_00123,org_0071,2026-06-17T18:03:21+00:00,2026-06-17T18:10:21+00:00,success,feature/auth,api
pipeline_000919,project_00064,org_0044,2026-02-11T21:08:51+00:00,2026-02-11T23:10:51+00:00,success,feature/auth,push
pipeline_000920,project_00086,org_0013,2026-07-21T19:43:20+00:00,2026-07-21T20:44:20+00:00,canceled,release,manual
pipeline_000921,project_00113,org_0017,2026-02-07T03:42:57+00:00,2026-02-07T06:23:57+00:00,success,main,push
pipeline_000922,project_00016,org_0027,2026-01-13T22:47:08+00:00,2026-01-14T00:24:08+00:00,success,main,webhook
pipeline_000923,project_00016,org_0027,2026-06-21T14:58:41+00:00,2026-06-21T15:13:41+00:00,success,feature/api,push
pipeline_000924,project_00027,org_0054,2026-01-22T16:00:00+00:00,2026-01-22T18:24:00+00:00,success,feature/api,scheduled
pipeline_000925,project_00025,org_0031,2026-08-28T17:40:17+00:00,2026-08-28T19:26:17+00:00,success,release,manual
pipeline_000926,project_00003,org_0015,2026-06-26T02:05:56+00:00,2026-06-26T03:44:56+00:00,success,feature/api,manual
pipeline_000927,project_00159,org_0008,2026-02-09T07:58:43+00:00,2026-02-09T09:25:43+00:00,success,main,scheduled
pipeline_000928,project_00133,org_0098,2026-05-08T10:59:12+00:00,2026-05-08T13:30:12+00:00,success,main,push
pipeline_000929,project_00153,org_0006,2026-01-27T05:33:36+00:00,2026-01-27T08:05:36+00:00,failed,develop,manual
pipeline_000930,project_00033,org_0025,2026-07-17T15:16:23+00:00,2026-07-17T16:22:23+00:00,success,feature/api,manual
pipeline_000931,project_00114,org_0099,2026-03-14T04:55:54+00:00,2026-03-14T05:58:54+00:00,success,main,push
pipeline_000932,project_00033,org_0025,2026-05-02T00:56:44+00:00,2026-05-02T03:26:44+00:00,success,feature/auth,api
pipeline_000933,project_00150,org_0099,2026-07-30T03:49:29+00:00,2026-07-30T04:27:29+00:00,success,feature/auth,manual
pipeline_000934,project_00088,org_0041,2026-04-24T00:54:45+00:00,2026-04-24T02:29:45+00:00,on_hold,release,manual
pipeline_000935,project_00169,org_0005,2026-02-26T03:46:23+00:00,2026-02-26T04:01:23+00:00,success,release,push
pipeline_000936,project_00109,org_0079,2026-05-14T12:35:54+00:00,2026-05-14T13:26:54+00:00,on_hold,develop,push
pipeline_000937,project_00088,org_0041,2026-03-15T12:55:18+00:00,2026-03-15T15:46:18+00:00,success,feature/api,manual
pipeline_000938,project_00178,org_0061,2026-05-09T14:29:56+00:00,2026-05-09T16:58:56+00:00,success,feature/auth,manual
pipeline_000939,project_00077,org_0016,2026-06-12T14:31:22+00:00,2026-06-12T15:56:22+00:00,success,feature/api,push
pipeline_000940,project_00127,org_0067,2026-03-27T05:00:39+00:00,2026-03-27T05:01:39+00:00,success,develop,scheduled
pipeline_000941,project_00160,org_0052,2026-03-24T18:35:41+00:00,2026-03-24T19:37:41+00:00,success,feature/auth,scheduled
pipeline_000942,project_00053,org_0084,2026-06-05T11:11:00+00:00,2026-06-05T11:59:00+00:00,failed,main,api
pipeline_000943,project_00003,org_0015,2026-01-29T15:13:27+00:00,2026-01-29T16:45:27+00:00,success,main,webhook
pipeline_000944,project_00075,org_0017,2026-06-21T00:54:04+00:00,2026-06-21T01:44:04+00:00,success,feature/auth,push
pipeline_000945,project_00008,org_0003,2026-03-19T07:57:34+00:00,2026-03-19T08:48:34+00:00,success,develop,api
pipeline_000946,project_missing_999,org_0064,2026-03-09T16:26:58+00:00,2026-03-09T17:53:58+00:00,failed,develop,webhook
pipeline_000947,project_00051,org_0038,2026-01-09T08:19:12+00:00,2026-01-09T09:05:12+00:00,failed,main,push
pipeline_000948,project_00174,org_0062,2026-02-23T07:12:08+00:00,2026-02-23T08:50:08+00:00,success,main,api
pipeline_000949,project_00054,org_0032,2026-04-29T11:28:50+00:00,2026-04-29T13:25:50+00:00,success,feature/auth,webhook
pipeline_000950,project_00135,org_0045,2026-08-31T00:40:48+00:00,2026-08-31T02:32:48+00:00,failed,main,push
pipeline_000951,project_00037,org_0005,2026-02-20T19:05:41+00:00,2026-02-20T19:54:41+00:00,success,feature/api,api
pipeline_000952,project_00082,org_0009,2026-08-21T20:12:11+00:00,2026-08-21T22:02:11+00:00,on_hold,develop,push
pipeline_000953,project_00196,org_0023,2026-08-28T05:47:49+00:00,2026-08-28T08:18:49+00:00,success,release,api
pipeline_000954,project_00039,org_0096,2026-05-08T06:12:16+00:00,2026-05-08T07:16:16+00:00,success,feature/auth,webhook
pipeline_000955,project_00131,org_0095,2026-08-15T20:02:27+00:00,2026-08-15T22:08:27+00:00,success,main,scheduled
pipeline_000956,project_00170,org_0064,2026-08-27T19:09:25+00:00,2026-08-27T19:26:25+00:00,success,feature/api,manual
pipeline_000957,project_00096,org_0047,2026-07-13T15:10:29+00:00,2026-07-13T17:23:29+00:00,success,feature/auth,api
pipeline_000958,project_00135,org_0045,2026-07-07T16:39:18+00:00,2026-07-07T18:46:18+00:00,success,release,scheduled
pipeline_000959,project_00164,org_0006,2026-08-15T19:06:45+00:00,2026-08-15T21:53:45+00:00,success,develop,webhook
pipeline_000960,project_00116,org_0081,2026-04-02T00:37:21+00:00,2026-04-02T02:19:21+00:00,success,feature/api,scheduled
pipeline_000961,project_00147,org_0018,2026-03-03T01:17:49+00:00,2026-03-03T02:53:49+00:00,success,main,webhook
pipeline_000962,project_00193,org_0076,2026-02-02T15:11:56+00:00,2026-02-02T16:27:56+00:00,success,feature/auth,webhook
pipeline_000963,project_00150,org_0099,2026-01-16T23:28:47+00:00,2026-01-17T01:28:47+00:00,success,feature/auth,scheduled
pipeline_000964,project_00116,org_0081,2026-07-01T13:53:27+00:00,2026-07-01T15:44:27+00:00,success,feature/api,api
pipeline_000965,project_00070,org_0012,2026-05-29T11:57:19+00:00,2026-05-29T12:04:19+00:00,success,develop,api
pipeline_000966,project_00166,org_0064,2026-01-30T11:19:53+00:00,2026-01-30T12:51:53+00:00,canceled,feature/auth,manual
pipeline_000967,project_00132,org_0076,2026-08-01T07:09:53+00:00,2026-08-01T09:54:53+00:00,success,feature/auth,webhook
pipeline_000968,project_00026,org_0048,2026-02-16T01:19:09+00:00,2026-02-16T01:38:09+00:00,success,release,webhook
pipeline_000969,project_00086,org_0013,2026-03-18T08:52:35+00:00,2026-03-18T11:45:35+00:00,success,feature/auth,api
pipeline_000970,project_00049,org_0073,2026-08-23T14:00:19+00:00,2026-08-23T14:36:19+00:00,on_hold,release,api
pipeline_000971,project_00003,org_0015,2026-04-27T07:18:05+00:00,2026-04-27T08:31:05+00:00,failed,feature/api,scheduled
pipeline_000972,project_00149,org_0053,2026-01-05T14:49:46+00:00,2026-01-05T16:50:46+00:00,success,develop,scheduled
pipeline_000973,project_00059,org_0059,2026-03-30T03:06:23+00:00,2026-03-30T04:00:23+00:00,success,release,manual
pipeline_000974,project_00142,org_0065,2026-07-02T00:57:28+00:00,2026-07-02T02:56:28+00:00,success,main,api
pipeline_000975,project_00049,org_0073,2026-06-16T12:38:24+00:00,2026-06-16T15:37:24+00:00,success,feature/api,scheduled
pipeline_000976,project_00143,org_0010,2026-01-12T16:35:25+00:00,2026-01-12T18:11:25+00:00,success,develop,api
pipeline_000977,project_00189,org_0026,2026-01-04T18:14:05+00:00,2026-01-04T20:22:05+00:00,failed,feature/auth,api
pipeline_000978,project_00058,org_0052,2026-06-12T18:44:10+00:00,2026-06-12T20:33:10+00:00,success,feature/api,manual
pipeline_000979,project_00077,org_0016,2026-05-07T15:16:52+00:00,2026-05-07T17:47:52+00:00,success,main,webhook
pipeline_000980,project_00040,org_0015,2026-05-09T06:09:28+00:00,2026-05-09T08:35:28+00:00,success,release,manual
pipeline_000981,project_00147,org_0018,2026-06-01T19:19:13+00:00,2026-06-01T20:57:13+00:00,success,feature/api,push
pipeline_000982,project_00137,org_0014,2026-05-31T01:49:28+00:00,2026-05-31T02:38:28+00:00,success,feature/auth,manual
pipeline_000983,project_00116,org_0081,2026-04-29T07:30:05+00:00,2026-04-29T07:54:05+00:00,success,release,webhook
pipeline_000984,project_00009,org_0087,2026-08-23T07:45:33+00:00,2026-08-23T09:51:33+00:00,success,develop,push
pipeline_000985,project_00099,org_0003,2026-04-21T05:22:19+00:00,2026-04-21T06:15:19+00:00,success,release,push
pipeline_000986,project_00117,org_0066,2026-01-23T07:30:08+00:00,2026-01-23T09:05:08+00:00,success,develop,api
pipeline_000987,project_00106,org_0082,2026-06-01T21:21:55+00:00,2026-06-01T22:02:55+00:00,on_hold,develop,manual
pipeline_000988,project_00108,org_0012,2026-07-05T17:37:25+00:00,2026-07-05T17:55:25+00:00,success,develop,webhook
pipeline_000989,project_00053,org_0084,2026-05-01T07:08:46+00:00,2026-05-01T08:59:46+00:00,failed,feature/api,webhook
pipeline_000990,project_00155,org_0066,2026-08-12T08:14:24+00:00,2026-08-12T09:34:24+00:00,success,release,scheduled
pipeline_000991,project_00071,org_0048,2026-03-20T08:00:20+00:00,2026-03-20T08:02:20+00:00,on_hold,feature/api,push
pipeline_000992,project_00103,org_0011,2026-08-23T21:35:51+00:00,2026-08-23T22:39:51+00:00,success,release,scheduled
pipeline_000993,project_00118,org_0073,2026-06-29T16:38:03+00:00,2026-06-29T19:06:03+00:00,success,main,api
pipeline_000994,project_00166,org_0064,2026-06-27T05:05:09+00:00,2026-06-27T06:34:09+00:00,failed,feature/auth,scheduled
pipeline_000995,project_00157,org_0058,2026-03-10T00:17:43+00:00,2026-03-10T02:04:43+00:00,success,release,scheduled
pipeline_000996,project_00118,org_0073,2026-05-30T09:20:15+00:00,2026-05-30T12:09:15+00:00,success,release,push
pipeline_000997,project_00101,org_0065,2026-01-17T22:58:56+00:00,2026-01-18T00:00:56+00:00,failed,develop,api
pipeline_000998,project_00161,org_0075,2026-07-28T20:04:37+00:00,2026-07-28T21:19:37+00:00,success,main,webhook
pipeline_000999,project_00127,org_0067,2026-06-09T17:23:24+00:00,2026-06-09T19:45:24+00:00,success,feature/auth,push
pipeline_001000,project_00194,org_0042,2026-02-10T20:45:50+00:00,2026-02-10T22:55:50+00:00,failed,feature/auth,scheduled
pipeline_001001,project_00116,org_0081,2026-03-06T00:24:42+00:00,2026-03-06T01:29:42+00:00,success,main,scheduled
pipeline_001002,project_00007,org_0039,2026-01-29T10:13:53+00:00,2026-01-29T12:57:53+00:00,success,feature/api,scheduled
pipeline_001003,project_00088,org_0041,2026-06-05T02:08:08+00:00,2026-06-05T02:58:08+00:00,success,main,api
pipeline_001004,project_00030,org_0063,2026-02-23T00:05:28+00:00,2026-02-23T01:29:28+00:00,success,feature/api,scheduled
pipeline_001005,project_00119,org_0033,2026-01-27T12:00:59+00:00,2026-01-27T12:22:59+00:00,success,develop,scheduled
pipeline_001006,project_00036,org_0011,2026-07-02T20:03:34+00:00,2026-07-02T21:15:34+00:00,failed,develop,push
pipeline_001007,project_00156,org_0034,2026-02-09T00:52:07+00:00,2026-02-09T01:38:07+00:00,success,release,scheduled
pipeline_001008,project_00044,org_0058,2026-01-31T03:08:50+00:00,2026-01-31T06:00:50+00:00,failed,feature/auth,webhook
pipeline_001009,project_00113,org_0017,2026-05-20T01:36:45+00:00,2026-05-20T02:22:45+00:00,success,main,manual
pipeline_001010,project_00056,org_0074,2026-06-21T16:16:49+00:00,2026-06-21T19:15:49+00:00,success,release,push
pipeline_001011,project_00100,org_0028,2026-04-30T17:47:25+00:00,2026-04-30T19:41:25+00:00,success,main,push
pipeline_001012,project_00198,org_0017,2026-05-27T13:34:52+00:00,2026-05-27T14:26:52+00:00,canceled,feature/auth,webhook
pipeline_001013,project_00052,org_0018,2026-02-05T11:46:59+00:00,2026-02-05T11:51:59+00:00,success,main,api
pipeline_001014,project_00050,org_0077,2026-01-25T12:48:03+00:00,2026-01-25T13:45:03+00:00,canceled,main,webhook
pipeline_001015,project_00186,org_0005,2026-03-06T20:59:35+00:00,2026-03-06T21:11:35+00:00,success,main,api
pipeline_001016,project_00083,org_0057,2026-08-07T06:43:26+00:00,2026-08-07T09:24:26+00:00,success,develop,manual
pipeline_001017,project_00102,org_0099,2026-06-16T04:08:00+00:00,2026-06-16T04:39:00+00:00,success,main,api
pipeline_001018,project_00083,org_0057,2026-03-09T10:16:12+00:00,2026-03-09T10:20:12+00:00,success,feature/auth,push
pipeline_001019,project_00100,org_0028,2026-03-24T15:08:27+00:00,2026-03-24T17:06:27+00:00,success,feature/auth,manual
pipeline_001020,project_00095,org_0082,2026-01-18T01:32:26+00:00,2026-01-18T01:50:26+00:00,failed,feature/api,api
pipeline_001021,project_00197,org_0023,2026-08-21T13:51:52+00:00,2026-08-21T15:59:52+00:00,on_hold,main,manual
pipeline_001022,project_00146,org_0035,2026-03-08T14:06:53+00:00,2026-03-08T15:11:53+00:00,canceled,release,api
pipeline_001023,project_00162,org_0009,2026-05-31T21:41:32+00:00,2026-06-01T00:35:32+00:00,canceled,develop,api
pipeline_001024,project_00045,org_0057,2026-05-04T11:40:01+00:00,2026-05-04T14:31:01+00:00,success,feature/auth,push
pipeline_001025,project_00156,org_0034,2026-08-16T04:56:21+00:00,2026-08-16T06:51:21+00:00,success,develop,manual
pipeline_001026,project_00151,org_0060,2026-01-06T03:53:14+00:00,2026-01-06T04:53:14+00:00,success,main,api
pipeline_001027,project_missing_999,org_0082,2026-06-16T09:53:22+00:00,2026-06-16T10:56:22+00:00,success,main,webhook
pipeline_001028,project_00096,org_0047,2026-07-13T16:28:03+00:00,2026-07-13T17:44:03+00:00,success,feature/api,webhook
pipeline_001029,project_00165,org_0074,2026-01-15T17:18:58+00:00,2026-01-15T18:19:58+00:00,canceled,release,scheduled
pipeline_001030,project_00190,org_0042,2026-05-08T15:36:41+00:00,2026-05-08T16:11:41+00:00,success,main,manual
pipeline_001031,project_00107,org_0094,2026-04-23T00:35:47+00:00,2026-04-23T00:42:47+00:00,success,feature/auth,api
pipeline_001032,project_00063,org_0064,2026-03-21T22:21:27+00:00,2026-03-22T00:40:27+00:00,success,develop,webhook
pipeline_001033,project_00156,org_0034,2026-05-29T03:42:23+00:00,2026-05-29T05:56:23+00:00,success,feature/api,push
pipeline_001034,project_00017,org_0074,2026-07-10T22:26:17+00:00,2026-07-10T22:44:17+00:00,canceled,main,webhook
pipeline_001035,project_00053,org_0084,2026-02-18T18:18:48+00:00,2026-02-18T18:42:48+00:00,success,release,webhook
pipeline_001036,project_00061,org_0082,2026-07-17T01:32:22+00:00,2026-07-17T01:53:22+00:00,success,feature/api,api
pipeline_001037,project_00043,org_0095,2026-03-18T17:10:17+00:00,2026-03-18T18:13:17+00:00,success,release,webhook
pipeline_001038,project_00078,org_0062,2026-04-21T19:40:54+00:00,2026-04-21T22:08:54+00:00,success,develop,api
pipeline_001039,project_00124,org_0032,2026-02-01T01:48:10+00:00,2026-02-01T03:21:10+00:00,success,develop,scheduled
pipeline_001040,project_00113,org_0017,2026-06-14T03:49:26+00:00,2026-06-14T05:59:26+00:00,success,feature/api,webhook
pipeline_001041,project_00124,org_0032,2026-01-08T16:39:09+00:00,2026-01-08T18:17:09+00:00,success,main,api
pipeline_001042,project_00153,org_0006,2026-07-28T15:02:43+00:00,2026-07-28T15:42:43+00:00,success,develop,api
pipeline_001043,project_00098,org_0088,2026-06-30T01:32:33+00:00,2026-06-30T02:51:33+00:00,success,feature/api,manual
pipeline_001044,project_00156,org_0034,2026-07-06T17:47:38+00:00,2026-07-06T18:06:38+00:00,success,feature/api,webhook
pipeline_001045,project_00040,org_0015,2026-03-15T15:26:26+00:00,2026-03-15T15:28:26+00:00,success,release,api
pipeline_001046,project_00126,org_0016,2026-06-07T02:43:41+00:00,2026-06-07T04:30:41+00:00,canceled,feature/auth,scheduled
pipeline_001047,project_00126,org_0016,2026-04-30T13:00:17+00:00,2026-04-30T15:45:17+00:00,on_hold,main,scheduled
pipeline_001048,project_00010,org_0067,2026-02-18T08:12:52+00:00,2026-02-18T09:51:52+00:00,canceled,develop,webhook
pipeline_001049,project_00196,org_0023,2026-06-19T10:35:29+00:00,2026-06-19T11:41:29+00:00,failed,feature/auth,manual
pipeline_001050,project_00182,org_0031,2026-07-09T18:17:08+00:00,2026-07-09T21:00:08+00:00,success,main,scheduled
pipeline_001051,project_00109,org_0079,2026-04-06T20:15:59+00:00,2026-04-06T21:18:59+00:00,success,feature/auth,push
pipeline_001052,project_00179,org_0021,2026-02-27T10:22:53+00:00,2026-02-27T11:29:53+00:00,success,develop,api
pipeline_001053,project_00064,org_0044,2026-08-22T20:26:18+00:00,2026-08-22T22:55:18+00:00,canceled,develop,push
pipeline_001054,project_00030,org_0063,2026-02-05T20:21:08+00:00,2026-02-05T23:06:08+00:00,failed,feature/api,scheduled
pipeline_001055,project_00181,org_0050,2026-08-16T15:24:40+00:00,2026-08-16T15:45:40+00:00,success,develop,scheduled
pipeline_001056,project_00043,org_0095,2026-06-15T18:43:49+00:00,2026-06-15T19:48:49+00:00,success,release,manual
pipeline_001057,project_00169,org_0005,2026-05-29T15:50:54+00:00,2026-05-29T18:21:54+00:00,success,feature/api,push
pipeline_001058,project_00028,org_0055,2026-08-11T09:07:40+00:00,2026-08-11T10:36:40+00:00,failed,feature/auth,webhook
pipeline_001059,project_00192,org_0047,2026-06-04T13:21:04+00:00,2026-06-04T16:20:04+00:00,success,develop,scheduled
pipeline_001060,project_00001,org_0020,2026-02-07T14:54:00+00:00,2026-02-07T15:12:00+00:00,failed,feature/api,manual
pipeline_001061,project_00107,org_0094,2026-04-22T23:31:33+00:00,2026-04-23T01:22:33+00:00,success,feature/auth,webhook
pipeline_001062,project_00181,org_0050,2026-02-22T04:03:56+00:00,2026-02-22T04:54:56+00:00,success,release,push
pipeline_001063,project_00116,org_0081,2026-08-09T05:40:54+00:00,2026-08-09T06:35:54+00:00,success,main,webhook
pipeline_001064,project_00195,org_0082,2026-03-16T12:29:46+00:00,2026-03-16T13:36:46+00:00,on_hold,feature/api,scheduled
pipeline_001065,project_00161,org_0075,2026-08-31T12:01:47+00:00,2026-08-31T12:29:47+00:00,failed,develop,push
pipeline_001066,project_00076,org_0002,2026-02-03T06:50:51+00:00,2026-02-03T08:27:51+00:00,success,main,api
pipeline_001067,project_00008,org_0003,2026-08-16T10:37:12+00:00,2026-08-16T11:38:12+00:00,success,main,push
pipeline_001068,project_00016,org_0027,2026-04-14T08:03:08+00:00,2026-04-14T08:05:08+00:00,success,main,push
pipeline_001069,project_00055,org_0032,2026-07-22T20:30:38+00:00,2026-07-22T20:32:38+00:00,success,release,api
pipeline_001070,project_00125,org_0035,2026-07-03T18:50:23+00:00,2026-07-03T20:17:23+00:00,success,feature/auth,api
pipeline_001071,project_00175,org_0065,2026-05-14T05:42:48+00:00,2026-05-14T07:03:48+00:00,failed,feature/auth,scheduled
pipeline_001072,project_00097,org_0073,2026-08-26T05:09:11+00:00,2026-08-26T05:24:11+00:00,on_hold,feature/auth,push
pipeline_001073,project_00001,org_0020,2026-06-27T10:47:46+00:00,2026-06-27T13:46:46+00:00,success,develop,push
pipeline_001074,project_00155,org_0066,2026-02-17T17:27:36+00:00,2026-02-17T19:43:36+00:00,success,develop,api
pipeline_001075,project_00116,org_0081,2026-08-29T03:27:19+00:00,2026-08-29T06:23:19+00:00,success,feature/api,manual
pipeline_001076,project_00106,org_0082,2026-03-14T23:40:50+00:00,2026-03-14T23:41:50+00:00,on_hold,feature/auth,push
pipeline_001077,project_00163,org_0017,2026-05-20T21:21:34+00:00,2026-05-20T21:33:34+00:00,canceled,feature/auth,scheduled
pipeline_001078,project_00060,org_0001,2026-08-24T15:26:28+00:00,2026-08-24T17:31:28+00:00,success,release,push
pipeline_001079,project_00090,org_0077,2026-06-16T04:28:07+00:00,2026-06-16T06:30:07+00:00,on_hold,main,scheduled
pipeline_001080,project_00076,org_0002,2026-08-24T19:16:12+00:00,2026-08-24T20:06:12+00:00,failed,release,manual
pipeline_001081,project_00184,org_0073,2026-07-15T23:33:15+00:00,2026-07-15T23:42:15+00:00,success,main,api
pipeline_001082,project_00173,org_0032,2026-08-02T02:41:22+00:00,2026-08-02T04:41:22+00:00,success,feature/api,push
pipeline_001083,project_00124,org_0032,2026-07-29T23:23:24+00:00,2026-07-30T00:25:24+00:00,success,develop,push
pipeline_001084,project_00028,org_0055,2026-06-18T21:30:01+00:00,2026-06-18T21:38:01+00:00,success,feature/auth,scheduled
pipeline_001085,project_00197,org_0023,2026-04-19T21:07:28+00:00,2026-04-19T22:04:28+00:00,failed,feature/api,push
pipeline_001086,project_00171,org_0008,2026-02-22T17:20:29+00:00,2026-02-22T19:37:29+00:00,success,feature/api,push
pipeline_001087,project_00178,org_0061,2026-05-10T05:55:52+00:00,2026-05-10T06:53:52+00:00,canceled,release,push
pipeline_001088,project_00165,org_0074,2026-05-14T07:05:46+00:00,2026-05-14T08:42:46+00:00,canceled,feature/api,manual
pipeline_001089,project_00112,org_0045,2026-04-01T15:08:32+00:00,2026-04-01T16:06:32+00:00,success,feature/auth,push
pipeline_001090,project_00029,org_0089,2026-02-04T14:50:22+00:00,2026-02-04T16:18:22+00:00,failed,develop,push
pipeline_001091,project_00147,org_0018,2026-05-23T19:33:27+00:00,2026-05-23T20:06:27+00:00,failed,feature/api,manual
pipeline_001092,project_00189,org_0026,2026-01-01T15:38:40+00:00,2026-01-01T16:58:40+00:00,success,release,webhook
pipeline_001093,project_00100,org_0028,2026-06-14T13:09:22+00:00,2026-06-14T14:31:22+00:00,failed,develop,manual
pipeline_001094,project_00170,org_0064,2026-08-22T15:28:58+00:00,2026-08-22T18:00:58+00:00,success,feature/api,push
pipeline_001095,project_00138,org_0054,2026-06-28T21:07:44+00:00,2026-06-28T22:28:44+00:00,success,feature/auth,webhook
pipeline_001096,project_00128,org_0060,2026-06-27T00:13:11+00:00,2026-06-27T00:51:11+00:00,success,develop,push
pipeline_001097,project_00154,org_0012,2026-05-05T07:54:54+00:00,2026-05-05T09:14:54+00:00,success,main,api
pipeline_001098,project_00181,org_0050,2026-08-11T21:48:22+00:00,2026-08-11T23:51:22+00:00,success,develop,scheduled
pipeline_001099,project_00075,org_0017,2026-05-27T07:10:44+00:00,2026-05-27T07:26:44+00:00,on_hold,feature/auth,webhook
pipeline_001100,project_00184,org_0073,2026-03-23T19:03:22+00:00,2026-03-23T20:01:22+00:00,failed,main,webhook
pipeline_001101,project_00125,org_0035,2026-06-02T03:54:50+00:00,2026-06-02T05:11:50+00:00,on_hold,develop,push
pipeline_001102,project_00141,org_0059,2026-06-02T08:21:59+00:00,2026-06-02T09:48:59+00:00,success,feature/api,api
pipeline_001103,project_00194,org_0042,2026-06-01T23:45:53+00:00,2026-06-02T01:26:53+00:00,success,feature/auth,api
pipeline_001104,project_00179,org_0021,2026-03-17T18:23:27+00:00,2026-03-17T21:23:27+00:00,failed,feature/api,push
pipeline_001105,project_00034,org_0084,2026-05-06T14:28:46+00:00,2026-05-06T16:57:46+00:00,failed,main,api
pipeline_001106,project_00118,org_0073,2026-03-05T13:44:34+00:00,2026-03-05T16:12:34+00:00,success,feature/api,api
pipeline_001107,project_00038,org_0037,2026-03-23T11:09:50+00:00,2026-03-23T12:05:50+00:00,failed,develop,push
pipeline_001108,project_00093,org_0038,2026-08-12T13:44:45+00:00,2026-08-12T14:11:45+00:00,success,develop,scheduled
pipeline_001109,project_00110,org_0016,2026-03-07T07:57:04+00:00,2026-03-07T08:12:04+00:00,success,feature/api,webhook
pipeline_001110,project_00014,org_0026,2026-02-15T13:45:06+00:00,2026-02-15T15:57:06+00:00,success,release,scheduled
pipeline_001111,project_00039,org_0096,2026-06-06T21:29:49+00:00,2026-06-06T22:32:49+00:00,success,develop,scheduled
pipeline_001112,project_00126,org_0016,2026-04-28T13:16:17+00:00,2026-04-28T16:13:17+00:00,success,develop,scheduled
pipeline_001113,project_00199,org_0090,2026-02-04T19:14:11+00:00,2026-02-04T21:13:11+00:00,failed,feature/api,api
pipeline_001114,project_00162,org_0009,2026-06-22T20:48:11+00:00,2026-06-22T22:23:11+00:00,success,main,push
pipeline_001115,project_00032,org_0046,2026-07-09T23:50:46+00:00,2026-07-10T02:35:46+00:00,success,release,webhook
pipeline_001116,project_00006,org_0057,2026-08-16T21:50:34+00:00,2026-08-17T00:17:34+00:00,on_hold,feature/api,api
pipeline_001117,project_00178,org_0061,2026-02-06T17:18:00+00:00,2026-02-06T19:50:00+00:00,success,feature/api,scheduled
pipeline_001118,project_00077,org_0016,2026-08-10T22:02:57+00:00,2026-08-10T22:35:57+00:00,success,main,manual
pipeline_001119,project_00048,org_0018,2026-06-07T09:57:15+00:00,2026-06-07T12:57:15+00:00,success,release,manual
pipeline_001120,project_00136,org_0098,2026-07-09T17:44:22+00:00,2026-07-09T18:01:22+00:00,success,release,manual
pipeline_001121,project_00183,org_0076,2026-02-18T04:35:46+00:00,2026-02-18T05:29:46+00:00,canceled,main,webhook
pipeline_001122,project_00154,org_0012,2026-03-11T21:08:22+00:00,2026-03-11T21:10:22+00:00,success,feature/auth,push
pipeline_001123,project_00011,org_0043,2026-02-20T00:39:07+00:00,2026-02-20T03:07:07+00:00,success,develop,push
pipeline_001124,project_00144,org_0031,2026-04-10T17:10:52+00:00,2026-04-10T17:19:52+00:00,success,main,manual
pipeline_001125,project_00077,org_0016,2026-05-22T04:37:17+00:00,2026-05-22T06:57:17+00:00,success,main,webhook
pipeline_001126,project_00077,org_0016,2026-01-18T22:18:02+00:00,2026-01-19T00:31:02+00:00,canceled,feature/auth,manual
pipeline_001127,project_00114,org_0099,2026-02-24T07:32:36+00:00,2026-02-24T10:00:36+00:00,success,feature/auth,manual
pipeline_001128,project_00091,org_0085,2026-08-24T09:56:01+00:00,2026-08-24T12:14:01+00:00,success,main,push
pipeline_001129,project_00061,org_0082,2026-01-15T06:23:06+00:00,2026-01-15T07:12:06+00:00,success,develop,webhook
pipeline_001130,project_00155,org_0066,2026-08-03T09:40:16+00:00,2026-08-03T10:36:16+00:00,success,feature/auth,webhook
pipeline_001131,project_00187,org_0078,2026-08-30T16:22:30+00:00,2026-08-30T18:11:30+00:00,success,feature/auth,api
pipeline_001132,project_00098,org_0088,2026-03-05T10:14:48+00:00,2026-03-05T11:57:48+00:00,success,feature/auth,scheduled
pipeline_001133,project_00178,org_0061,2026-02-25T15:07:49+00:00,2026-02-25T17:25:49+00:00,success,feature/auth,webhook
pipeline_001134,project_00183,org_0076,2026-05-25T12:37:02+00:00,2026-05-25T15:02:02+00:00,success,release,manual
pipeline_001135,project_00042,org_0070,2026-06-12T23:45:41+00:00,2026-06-13T00:25:41+00:00,success,feature/api,scheduled
pipeline_001136,project_00007,org_0039,2026-08-23T10:01:38+00:00,2026-08-23T11:05:38+00:00,success,main,manual
pipeline_001137,project_00029,org_0089,2026-08-01T23:10:03+00:00,2026-08-02T00:55:03+00:00,success,main,api
pipeline_001138,project_00086,org_0013,2026-04-17T02:54:09+00:00,2026-04-17T03:32:09+00:00,failed,develop,api
pipeline_001139,project_00003,org_0015,2026-02-08T00:55:51+00:00,2026-02-08T02:32:51+00:00,on_hold,develop,scheduled
pipeline_001140,project_00027,org_0054,2026-02-17T23:08:09+00:00,2026-02-17T23:53:09+00:00,success,feature/auth,manual
pipeline_001141,project_00126,org_0016,2026-02-07T02:30:09+00:00,2026-02-07T04:46:09+00:00,success,release,api
pipeline_001142,project_00142,org_0065,2026-04-16T06:24:21+00:00,2026-04-16T09:00:21+00:00,success,main,webhook
pipeline_001143,project_00082,org_0009,2026-06-01T06:59:36+00:00,2026-06-01T07:46:36+00:00,success,release,manual
pipeline_001144,project_00153,org_0006,2026-06-06T08:58:54+00:00,2026-06-06T11:01:54+00:00,success,feature/auth,push
pipeline_001145,project_00176,org_0024,2026-07-19T10:46:35+00:00,2026-07-19T11:26:35+00:00,success,develop,scheduled
pipeline_001146,project_00146,org_0035,2026-04-14T20:04:05+00:00,2026-04-14T20:18:05+00:00,canceled,feature/auth,webhook
pipeline_001147,project_00174,org_0062,2026-08-25T09:31:23+00:00,2026-08-25T11:19:23+00:00,failed,develop,scheduled
pipeline_001148,project_00091,org_0085,2026-07-02T00:16:55+00:00,2026-07-02T02:25:55+00:00,success,feature/api,manual
pipeline_001149,project_00184,org_0073,2026-03-30T20:14:09+00:00,2026-03-30T21:33:09+00:00,success,main,api
pipeline_001150,project_00105,org_0020,2026-05-02T10:55:09+00:00,2026-05-02T11:19:09+00:00,success,main,webhook
pipeline_001151,project_00024,org_0011,2026-03-06T02:57:57+00:00,2026-03-06T05:25:57+00:00,success,feature/auth,manual
pipeline_001152,project_00127,org_0067,2026-01-05T03:40:53+00:00,2026-01-05T05:29:53+00:00,success,develop,scheduled
pipeline_001153,project_00128,org_0060,2026-07-20T00:15:17+00:00,2026-07-20T03:11:17+00:00,on_hold,release,push
pipeline_001154,project_00104,org_0040,2026-01-06T09:33:35+00:00,2026-01-06T12:11:35+00:00,success,main,scheduled
pipeline_001155,project_00180,org_0035,2026-07-27T12:16:05+00:00,2026-07-27T13:45:05+00:00,success,release,manual
pipeline_001156,project_00011,org_0043,2026-08-24T21:07:54+00:00,2026-08-24T23:02:54+00:00,canceled,release,webhook
pipeline_001157,project_00045,org_0057,2026-01-30T04:11:28+00:00,2026-01-30T05:45:28+00:00,failed,release,api
pipeline_001158,project_00014,org_0026,2026-06-14T04:03:25+00:00,2026-06-14T06:10:25+00:00,success,feature/auth,push
pipeline_001159,project_00087,org_0094,2026-04-07T23:58:50+00:00,2026-04-08T02:17:50+00:00,failed,main,api
pipeline_001160,project_00077,org_0016,2026-07-07T15:02:54+00:00,2026-07-07T16:18:54+00:00,success,main,manual
pipeline_001161,project_00101,org_0065,2026-03-26T10:54:13+00:00,2026-03-26T12:13:13+00:00,canceled,release,push
pipeline_001162,project_00119,org_0033,2026-08-28T21:50:06+00:00,2026-08-28T23:55:06+00:00,success,main,manual
pipeline_001163,project_00118,org_0073,2026-05-08T14:19:29+00:00,2026-05-08T15:36:29+00:00,success,main,api
pipeline_001164,project_00185,org_0064,2026-03-14T07:06:56+00:00,2026-03-14T08:49:56+00:00,success,main,scheduled
pipeline_001165,project_00126,org_0016,2026-03-18T17:14:51+00:00,2026-03-18T17:36:51+00:00,success,develop,scheduled
pipeline_001166,project_00032,org_0046,2026-07-09T07:00:38+00:00,2026-07-09T07:02:38+00:00,success,feature/auth,webhook
pipeline_001167,project_00121,org_0032,2026-06-03T13:00:40+00:00,2026-06-03T14:36:40+00:00,success,feature/api,webhook
pipeline_001168,project_00138,org_0054,2026-04-15T15:45:04+00:00,2026-04-15T16:13:04+00:00,on_hold,feature/api,webhook
pipeline_001169,project_00036,org_0011,2026-05-18T09:04:30+00:00,2026-05-18T10:56:30+00:00,success,develop,push
pipeline_001170,project_00049,org_0073,2026-04-21T15:27:29+00:00,2026-04-21T15:38:29+00:00,success,feature/api,api
pipeline_001171,project_00009,org_0087,2026-03-04T06:13:14+00:00,2026-03-04T09:04:14+00:00,success,feature/api,api
pipeline_001172,project_00031,org_0041,2026-06-13T12:53:34+00:00,2026-06-13T14:59:34+00:00,success,develop,api
pipeline_001173,project_00193,org_0076,2026-06-05T07:06:52+00:00,2026-06-05T09:15:52+00:00,failed,feature/api,webhook
pipeline_001174,project_00029,org_0089,2026-02-11T21:30:38+00:00,2026-02-11T21:36:38+00:00,success,feature/auth,manual
pipeline_001175,project_00004,org_0044,2026-04-02T20:23:08+00:00,2026-04-02T20:37:08+00:00,success,feature/auth,scheduled
pipeline_001176,project_00153,org_0006,2026-01-04T02:50:04+00:00,2026-01-04T04:42:04+00:00,success,feature/auth,scheduled
pipeline_001177,project_00022,org_0045,2026-06-16T14:07:18+00:00,2026-06-16T15:11:18+00:00,success,release,webhook
pipeline_001178,project_00064,org_0044,2026-04-20T04:24:13+00:00,2026-04-20T04:54:13+00:00,failed,develop,scheduled
pipeline_001179,project_00051,org_0038,2026-07-04T01:00:04+00:00,2026-07-04T01:27:04+00:00,failed,release,manual
pipeline_001180,project_00047,org_0081,2026-03-15T06:31:20+00:00,2026-03-15T09:03:20+00:00,success,develop,webhook
pipeline_001181,project_00031,org_0041,2026-02-21T09:05:10+00:00,2026-02-21T10:48:10+00:00,success,develop,webhook
pipeline_001182,project_00110,org_0016,2026-01-07T20:36:56+00:00,2026-01-07T23:14:56+00:00,success,main,scheduled
pipeline_001183,project_00105,org_0020,2026-07-23T21:05:09+00:00,2026-07-23T22:24:09+00:00,failed,develop,webhook
pipeline_001184,project_00087,org_0094,2026-06-15T11:18:53+00:00,2026-06-15T13:21:53+00:00,success,feature/api,push
pipeline_001185,project_00078,org_0062,2026-02-12T17:47:11+00:00,2026-02-12T18:56:11+00:00,success,feature/auth,scheduled
pipeline_001186,project_00064,org_0044,2026-05-05T05:07:59+00:00,2026-05-05T05:20:59+00:00,success,main,push
pipeline_001187,project_00170,org_0064,2026-05-05T21:53:54+00:00,2026-05-05T22:48:54+00:00,success,feature/auth,manual
pipeline_001188,project_00026,org_0048,2026-06-17T08:20:57+00:00,2026-06-17T09:08:57+00:00,success,feature/api,api
pipeline_001189,project_00086,org_0013,2026-04-29T04:48:36+00:00,2026-04-29T05:17:36+00:00,success,main,manual
pipeline_001190,project_00198,org_0017,2026-02-20T14:33:33+00:00,2026-02-20T15:58:33+00:00,success,feature/auth,manual
pipeline_001191,project_00136,org_0098,2026-08-23T20:20:28+00:00,2026-08-23T21:56:28+00:00,success,feature/auth,webhook
pipeline_001192,project_00150,org_0099,2026-05-30T03:35:58+00:00,2026-05-30T03:58:58+00:00,failed,develop,manual
pipeline_001193,project_00031,org_0041,2026-01-16T22:30:38+00:00,2026-01-17T01:01:38+00:00,canceled,develop,webhook
pipeline_001194,project_00181,org_0050,2026-06-23T02:52:32+00:00,2026-06-23T03:18:32+00:00,success,release,manual
pipeline_001195,project_00088,org_0041,2026-04-28T01:57:49+00:00,2026-04-28T03:59:49+00:00,on_hold,develop,manual
pipeline_001196,project_00185,org_0064,2026-03-01T16:19:48+00:00,2026-03-01T16:31:48+00:00,success,feature/api,manual
pipeline_001197,project_00183,org_0076,2026-04-09T01:42:29+00:00,2026-04-09T04:06:29+00:00,on_hold,feature/auth,scheduled
pipeline_001198,project_00162,org_0009,2026-02-15T14:31:01+00:00,2026-02-15T16:23:01+00:00,success,feature/api,manual
pipeline_001199,project_00129,org_0012,2026-01-09T11:53:19+00:00,2026-01-09T12:36:19+00:00,success,develop,api
pipeline_001200,project_00012,org_0052,2026-08-08T21:07:52+00:00,2026-08-08T21:23:52+00:00,failed,develop,scheduled
pipeline_001201,project_00127,org_0067,2026-07-26T18:58:43+00:00,2026-07-26T21:10:43+00:00,on_hold,develop,scheduled
pipeline_001202,project_00193,org_0076,2026-07-17T18:49:06+00:00,2026-07-17T20:28:06+00:00,success,feature/api,scheduled
pipeline_001203,project_00156,org_0034,2026-04-16T10:30:33+00:00,2026-04-16T11:23:33+00:00,success,develop,manual
pipeline_001204,project_00056,org_0074,2026-08-18T22:53:27+00:00,2026-08-19T01:52:27+00:00,success,release,scheduled
pipeline_001205,project_00129,org_0012,2026-07-23T22:02:13+00:00,2026-07-23T23:09:13+00:00,success,develop,api
pipeline_001206,project_00182,org_0031,2026-04-15T06:44:16+00:00,2026-04-15T09:06:16+00:00,success,develop,push
pipeline_001207,project_00137,org_0014,2026-04-03T12:20:28+00:00,2026-04-03T13:35:28+00:00,success,develop,api
pipeline_001208,project_00035,org_0054,2026-04-16T00:38:07+00:00,2026-04-16T00:52:07+00:00,success,develop,webhook
pipeline_001209,project_00137,org_0014,2026-02-15T02:55:16+00:00,2026-02-15T02:56:16+00:00,success,release,api
pipeline_001210,project_00084,org_0081,2026-02-02T07:54:37+00:00,2026-02-02T10:15:37+00:00,success,develop,scheduled
pipeline_001211,project_00157,org_0058,2026-04-25T12:37:25+00:00,2026-04-25T14:01:25+00:00,on_hold,main,api
pipeline_001212,project_00057,org_0049,2026-04-19T14:53:52+00:00,2026-04-19T15:39:52+00:00,success,main,manual
pipeline_001213,project_00169,org_0005,2026-08-15T12:23:18+00:00,2026-08-15T12:51:18+00:00,failed,feature/api,api
pipeline_001214,project_00161,org_0075,2026-08-23T16:52:22+00:00,2026-08-23T19:14:22+00:00,success,feature/api,webhook
pipeline_001215,project_00084,org_0081,2026-04-15T09:20:13+00:00,2026-04-15T10:13:13+00:00,success,feature/api,webhook
pipeline_001216,project_00115,org_0035,2026-03-31T23:48:58+00:00,2026-04-01T01:40:58+00:00,success,feature/api,push
pipeline_001217,project_00127,org_0067,2026-03-12T11:49:43+00:00,2026-03-12T13:47:43+00:00,success,develop,webhook
pipeline_001218,project_00146,org_0035,2026-07-10T11:57:45+00:00,2026-07-10T12:44:45+00:00,success,main,api
pipeline_001219,project_00042,org_0070,2026-03-11T00:36:12+00:00,2026-03-11T02:17:12+00:00,success,develop,push
pipeline_001220,project_00037,org_0005,2026-01-28T23:32:32+00:00,2026-01-29T01:22:32+00:00,success,feature/api,push
pipeline_001221,project_00186,org_0005,2026-07-24T13:55:55+00:00,2026-07-24T14:31:55+00:00,failed,main,manual
pipeline_001222,project_00026,org_0048,2026-05-27T18:03:05+00:00,2026-05-27T19:42:05+00:00,success,main,push
pipeline_001223,project_00034,org_0084,2026-04-07T10:43:26+00:00,2026-04-07T11:05:26+00:00,success,release,push
pipeline_001224,project_00003,org_0015,2026-02-11T07:09:02+00:00,2026-02-11T09:28:02+00:00,failed,feature/auth,push
pipeline_001225,project_00052,org_0018,2026-02-24T01:43:06+00:00,2026-02-24T03:46:06+00:00,failed,feature/api,webhook
pipeline_001226,project_00079,org_0012,2026-05-09T20:11:34+00:00,2026-05-09T22:14:34+00:00,success,main,manual
pipeline_001227,project_00178,org_0061,2026-04-14T20:52:35+00:00,2026-04-14T23:33:35+00:00,success,main,push
pipeline_001228,project_00027,org_0054,2026-07-31T12:25:56+00:00,2026-07-31T13:41:56+00:00,success,feature/api,webhook
pipeline_001229,project_00001,org_0020,2026-03-29T02:44:46+00:00,2026-03-29T02:51:46+00:00,success,feature/api,webhook
pipeline_001230,project_00091,org_0085,2026-04-22T09:36:01+00:00,2026-04-22T10:34:01+00:00,canceled,feature/api,push
pipeline_001231,project_00126,org_0016,2026-03-07T20:24:17+00:00,2026-03-07T20:53:17+00:00,success,feature/auth,api
pipeline_001232,project_00020,org_0068,2026-08-28T02:42:35+00:00,2026-08-28T04:08:35+00:00,success,main,push
pipeline_001233,project_00155,org_0066,2026-02-28T16:22:54+00:00,2026-02-28T17:08:54+00:00,success,feature/auth,manual
pipeline_001234,project_00047,org_0081,2026-06-15T03:33:59+00:00,2026-06-15T04:12:59+00:00,failed,feature/auth,manual
pipeline_001235,project_00074,org_0001,2026-05-16T07:11:23+00:00,2026-05-16T07:38:23+00:00,success,feature/api,api
pipeline_001236,project_00068,org_0055,2026-01-30T15:48:54+00:00,2026-01-30T15:49:54+00:00,failed,develop,webhook
pipeline_001237,project_00082,org_0009,2026-02-27T09:24:40+00:00,2026-02-27T11:04:40+00:00,success,feature/api,push
pipeline_001238,project_00029,org_0089,2026-08-13T09:53:09+00:00,2026-08-13T11:43:09+00:00,canceled,feature/auth,webhook
pipeline_001239,project_00024,org_0011,2026-05-06T11:04:33+00:00,2026-05-06T11:37:33+00:00,success,feature/api,api
pipeline_001240,project_00082,org_0009,2026-07-11T22:20:17+00:00,2026-07-12T00:09:17+00:00,success,feature/api,manual
pipeline_001241,project_00163,org_0017,2026-05-10T12:07:13+00:00,2026-05-10T12:43:13+00:00,failed,develop,scheduled
pipeline_001242,project_00108,org_0012,2026-08-02T08:12:46+00:00,2026-08-02T10:20:46+00:00,success,feature/api,manual
pipeline_001243,project_00138,org_0054,2026-03-31T08:49:21+00:00,2026-03-31T10:28:21+00:00,success,feature/api,manual
pipeline_001244,project_00148,org_0022,2026-03-27T04:20:27+00:00,2026-03-27T07:20:27+00:00,success,feature/auth,push
pipeline_001245,project_00053,org_0084,2026-01-07T15:53:34+00:00,2026-01-07T17:26:34+00:00,success,develop,push
pipeline_001246,project_00016,org_0027,2026-05-16T16:09:18+00:00,2026-05-16T17:42:18+00:00,failed,develop,api
pipeline_001247,project_00118,org_0073,2026-02-25T23:29:03+00:00,2026-02-26T01:51:03+00:00,on_hold,feature/api,webhook
pipeline_001248,project_00054,org_0032,2026-03-29T05:18:15+00:00,2026-03-29T05:33:15+00:00,failed,main,webhook
pipeline_001249,project_00097,org_0073,2026-01-11T05:34:14+00:00,2026-01-11T08:33:14+00:00,canceled,feature/auth,push
pipeline_001250,project_00180,org_0035,2026-02-11T04:04:59+00:00,2026-02-11T06:54:59+00:00,success,feature/api,manual
pipeline_001251,project_00041,org_0047,2026-01-12T17:21:05+00:00,2026-01-12T17:59:05+00:00,success,main,webhook
pipeline_001252,project_00020,org_0068,2026-01-05T20:18:02+00:00,2026-01-05T22:44:02+00:00,failed,feature/api,webhook
pipeline_001253,project_00196,org_0023,2026-03-12T20:19:10+00:00,2026-03-12T22:20:10+00:00,failed,release,api
pipeline_001254,project_00121,org_0032,2026-06-09T19:40:03+00:00,2026-06-09T21:07:03+00:00,success,main,api
pipeline_001255,project_00029,org_0089,2026-03-02T12:58:31+00:00,2026-03-02T13:14:31+00:00,failed,main,manual
pipeline_001256,project_00193,org_0076,2026-03-09T09:53:05+00:00,2026-03-09T12:02:05+00:00,success,feature/api,scheduled
pipeline_001257,project_00175,org_0065,2026-06-26T10:21:01+00:00,2026-06-26T12:43:01+00:00,failed,feature/auth,manual
pipeline_001258,project_00129,org_0012,2026-04-29T20:26:35+00:00,2026-04-29T21:25:35+00:00,success,develop,api
pipeline_001259,project_00024,org_0011,2026-07-22T12:44:31+00:00,2026-07-22T14:21:31+00:00,on_hold,develop,webhook
pipeline_001260,project_00103,org_0011,2026-08-29T09:54:21+00:00,2026-08-29T10:09:21+00:00,success,develop,manual
pipeline_001261,project_00155,org_0066,2026-01-30T23:38:32+00:00,2026-01-31T02:36:32+00:00,success,feature/auth,scheduled
pipeline_001262,project_00098,org_0088,2026-03-06T00:16:27+00:00,2026-03-06T00:30:27+00:00,failed,feature/api,webhook
pipeline_001263,project_00070,org_0012,2026-02-12T02:22:10+00:00,2026-02-12T02:49:10+00:00,success,release,api
pipeline_001264,project_00008,org_0003,2026-04-04T00:34:50+00:00,2026-04-04T01:47:50+00:00,success,main,push
pipeline_001265,project_00055,org_0032,2026-08-20T21:28:32+00:00,2026-08-20T21:31:32+00:00,failed,feature/auth,webhook
pipeline_001266,project_00142,org_0065,2026-03-20T08:13:18+00:00,2026-03-20T10:57:18+00:00,canceled,develop,api
pipeline_001267,project_00022,org_0045,2026-08-10T09:55:45+00:00,2026-08-10T12:20:45+00:00,success,feature/api,push
pipeline_001268,project_00013,org_0051,2026-05-03T04:06:03+00:00,2026-05-03T04:30:03+00:00,canceled,main,api
pipeline_001269,project_00193,org_0076,2026-04-20T16:10:44+00:00,2026-04-20T17:52:44+00:00,success,feature/auth,scheduled
pipeline_001270,project_00186,org_0005,2026-05-19T04:38:38+00:00,2026-05-19T05:12:38+00:00,failed,main,api
pipeline_001271,project_00105,org_0020,2026-07-15T13:41:27+00:00,2026-07-15T14:07:27+00:00,success,develop,push
pipeline_001272,project_00151,org_0060,2026-05-29T09:32:22+00:00,2026-05-29T11:35:22+00:00,success,main,api
pipeline_001273,project_00042,org_0070,2026-02-28T20:26:05+00:00,2026-02-28T23:21:05+00:00,success,main,webhook
pipeline_001274,project_00056,org_0074,2026-02-24T16:56:05+00:00,2026-02-24T17:38:05+00:00,on_hold,release,manual
pipeline_001275,project_00187,org_0078,2026-08-25T09:51:28+00:00,2026-08-25T12:38:28+00:00,success,feature/auth,scheduled
pipeline_001276,project_00034,org_0084,2026-05-12T15:54:07+00:00,2026-05-12T17:09:07+00:00,success,feature/api,push
pipeline_001277,project_00183,org_0076,2026-05-31T13:00:47+00:00,2026-05-31T14:02:47+00:00,success,release,manual
pipeline_001278,project_00020,org_0068,2026-03-01T04:29:02+00:00,2026-03-01T06:55:02+00:00,success,feature/api,push
pipeline_001279,project_00004,org_0044,2026-02-25T09:20:17+00:00,2026-02-25T10:40:17+00:00,success,main,scheduled
pipeline_001280,project_00025,org_0031,2026-06-26T15:06:59+00:00,2026-06-26T16:27:59+00:00,success,feature/auth,webhook
pipeline_001281,project_00018,org_0047,2026-04-19T18:52:57+00:00,2026-04-19T21:20:57+00:00,success,main,push
pipeline_001282,project_00046,org_0095,2026-06-28T22:25:07+00:00,2026-06-28T23:32:07+00:00,on_hold,feature/auth,scheduled
pipeline_001283,project_00167,org_0023,2026-02-24T13:03:47+00:00,2026-02-24T13:35:47+00:00,on_hold,feature/api,push
pipeline_001284,project_00094,org_0050,2026-04-22T07:32:21+00:00,2026-04-22T09:15:21+00:00,success,release,webhook
pipeline_001285,project_00113,org_0017,2026-05-23T10:11:32+00:00,2026-05-23T12:23:32+00:00,failed,feature/auth,api
pipeline_001286,project_00022,org_0045,2026-06-10T11:14:57+00:00,2026-06-10T13:24:57+00:00,success,main,manual
pipeline_001287,project_00165,org_0074,2026-01-23T03:49:31+00:00,2026-01-23T04:52:31+00:00,success,release,push
pipeline_001288,project_00040,org_0015,2026-02-10T21:26:54+00:00,2026-02-10T22:41:54+00:00,success,release,scheduled
pipeline_001289,project_00019,org_0015,2026-03-28T14:59:19+00:00,2026-03-28T16:39:19+00:00,failed,main,api
pipeline_001290,project_00120,org_0030,2026-07-01T22:37:52+00:00,2026-07-02T01:22:52+00:00,success,feature/api,push
pipeline_001291,project_00022,org_0045,2026-03-12T00:16:10+00:00,2026-03-12T00:44:10+00:00,canceled,feature/api,scheduled
pipeline_001292,project_00052,org_0018,2026-06-05T22:26:31+00:00,2026-06-05T23:51:31+00:00,success,feature/auth,manual
pipeline_001293,project_00125,org_0035,2026-03-24T13:54:12+00:00,2026-03-24T16:54:12+00:00,failed,main,api
pipeline_001294,project_00117,org_0066,2026-01-15T20:49:02+00:00,2026-01-15T23:09:02+00:00,success,feature/api,webhook
pipeline_001295,project_00164,org_0006,2026-03-24T21:41:09+00:00,2026-03-24T23:03:09+00:00,success,release,scheduled
pipeline_001296,project_00016,org_0027,2026-05-21T09:21:24+00:00,2026-05-21T11:12:24+00:00,on_hold,develop,push
pipeline_001297,project_00055,org_0032,2026-01-09T21:50:30+00:00,2026-01-10T00:46:30+00:00,success,feature/auth,webhook
pipeline_001298,project_00022,org_0045,2026-02-25T01:05:34+00:00,2026-02-25T01:23:34+00:00,success,main,api
pipeline_001299,project_00183,org_0076,2026-06-25T07:32:52+00:00,2026-06-25T09:20:52+00:00,success,feature/auth,webhook
pipeline_001300,project_00014,org_0026,2026-02-05T21:36:53+00:00,2026-02-05T23:26:53+00:00,success,feature/auth,webhook
pipeline_001301,project_00051,org_0038,2026-05-16T15:29:26+00:00,2026-05-16T17:17:26+00:00,success,release,webhook
pipeline_001302,project_00179,org_0021,2026-06-19T15:07:18+00:00,2026-06-19T16:38:18+00:00,canceled,release,scheduled
pipeline_001303,project_00003,org_0015,2026-08-06T20:02:44+00:00,2026-08-06T22:35:44+00:00,success,release,manual
pipeline_001304,project_00038,org_0037,2026-05-06T17:24:22+00:00,2026-05-06T20:15:22+00:00,on_hold,feature/auth,push
pipeline_001305,project_00039,org_0096,2026-06-28T03:00:44+00:00,2026-06-28T03:38:44+00:00,success,feature/auth,push
pipeline_001306,project_00173,org_0032,2026-06-07T19:47:52+00:00,2026-06-07T20:55:52+00:00,success,main,scheduled
pipeline_001307,project_00033,org_0025,2026-06-24T12:02:47+00:00,2026-06-24T14:46:47+00:00,canceled,main,push
pipeline_001308,project_00056,org_0074,2026-03-14T21:05:22+00:00,2026-03-14T22:53:22+00:00,success,develop,manual
pipeline_001309,project_00097,org_0073,2026-03-25T22:32:43+00:00,2026-03-26T00:02:43+00:00,success,develop,manual
pipeline_001310,project_00004,org_0044,2026-05-24T19:02:23+00:00,2026-05-24T20:36:23+00:00,success,feature/auth,manual
pipeline_001311,project_00032,org_0046,2026-07-13T20:14:05+00:00,2026-07-13T23:01:05+00:00,on_hold,feature/api,scheduled
pipeline_001312,project_00091,org_0085,2026-05-17T18:50:47+00:00,2026-05-17T21:09:47+00:00,success,feature/auth,push
pipeline_001313,project_00046,org_0095,2026-06-28T04:32:44+00:00,2026-06-28T06:22:44+00:00,success,release,manual
pipeline_001314,project_00042,org_0070,2026-07-30T18:55:00+00:00,2026-07-30T20:47:00+00:00,success,feature/api,api
pipeline_001315,project_00180,org_0035,2026-08-29T22:19:40+00:00,2026-08-29T22:45:40+00:00,on_hold,main,push
pipeline_001316,project_00167,org_0023,2026-01-07T09:06:21+00:00,2026-01-07T11:44:21+00:00,canceled,main,scheduled
pipeline_001317,project_00192,org_0047,2026-08-31T06:28:36+00:00,2026-08-31T08:48:36+00:00,success,feature/api,manual
pipeline_001318,project_00149,org_0053,2026-01-13T16:11:06+00:00,2026-01-13T19:02:06+00:00,success,feature/api,webhook
pipeline_001319,project_00058,org_0052,2026-06-26T13:27:27+00:00,2026-06-26T15:49:27+00:00,success,develop,scheduled
pipeline_001320,project_00032,org_0046,2026-05-17T03:57:22+00:00,2026-05-17T05:56:22+00:00,success,feature/api,push
pipeline_001321,project_00096,org_0047,2026-03-28T23:14:25+00:00,2026-03-29T01:24:25+00:00,success,feature/auth,api
pipeline_001322,project_00107,org_0094,2026-04-04T19:27:02+00:00,2026-04-04T19:29:02+00:00,canceled,feature/api,push
pipeline_001323,project_00004,org_0044,2026-01-11T04:38:17+00:00,2026-01-11T05:18:17+00:00,failed,release,manual
pipeline_001324,project_00082,org_0009,2026-05-11T03:15:52+00:00,2026-05-11T03:59:52+00:00,canceled,feature/api,webhook
pipeline_001325,project_00143,org_0010,2026-06-01T23:45:42+00:00,2026-06-02T00:35:42+00:00,success,feature/api,push
pipeline_001326,project_00148,org_0022,2026-06-16T15:31:28+00:00,2026-06-16T16:04:28+00:00,canceled,feature/api,webhook
pipeline_001327,project_00104,org_0040,2026-05-04T13:08:21+00:00,2026-05-04T15:21:21+00:00,success,develop,push
pipeline_001328,project_00182,org_0031,2026-02-19T01:29:00+00:00,2026-02-19T03:39:00+00:00,success,release,scheduled
pipeline_001329,project_00196,org_0023,2026-04-12T01:31:13+00:00,2026-04-12T03:53:13+00:00,success,feature/auth,webhook
pipeline_001330,project_00024,org_0011,2026-02-06T05:17:47+00:00,2026-02-06T05:24:47+00:00,success,release,webhook
pipeline_001331,project_00008,org_0003,2026-08-29T01:06:22+00:00,2026-08-29T03:26:22+00:00,canceled,main,manual
pipeline_001332,project_00098,org_0088,2026-01-10T19:43:07+00:00,2026-01-10T20:17:07+00:00,on_hold,feature/auth,webhook
pipeline_001333,project_00062,org_0051,2026-03-28T02:54:30+00:00,2026-03-28T04:11:30+00:00,success,develop,scheduled
pipeline_001334,project_00198,org_0017,2026-04-12T03:50:49+00:00,2026-04-12T06:39:49+00:00,success,main,webhook
pipeline_001335,project_00161,org_0075,2026-01-09T23:41:17+00:00,2026-01-10T02:25:17+00:00,on_hold,main,push
pipeline_001336,project_00118,org_0073,2026-08-20T10:08:19+00:00,2026-08-20T10:40:19+00:00,success,feature/auth,api
pipeline_001337,project_00047,org_0081,2026-02-06T00:44:44+00:00,2026-02-06T01:04:44+00:00,success,feature/auth,webhook
pipeline_001338,project_00101,org_0065,2026-02-09T02:19:42+00:00,2026-02-09T04:25:42+00:00,failed,feature/api,push
pipeline_001339,project_00125,org_0035,2026-08-31T23:47:09+00:00,2026-09-01T00:07:09+00:00,success,feature/api,scheduled
pipeline_001340,project_00081,org_0100,2026-06-25T02:29:32+00:00,2026-06-25T03:11:32+00:00,success,main,webhook
pipeline_001341,project_00169,org_0005,2026-08-09T07:33:42+00:00,2026-08-09T10:15:42+00:00,success,main,push
pipeline_001342,project_00088,org_0041,2026-05-15T16:15:30+00:00,2026-05-15T18:19:30+00:00,on_hold,release,manual
pipeline_001343,project_00002,org_0014,2026-03-03T12:17:08+00:00,2026-03-03T14:31:08+00:00,failed,main,webhook
pipeline_001344,project_00156,org_0034,2026-01-12T11:28:29+00:00,2026-01-12T13:46:29+00:00,success,release,webhook
pipeline_001345,project_00056,org_0074,2026-05-22T17:01:38+00:00,2026-05-22T17:31:38+00:00,failed,main,api
pipeline_001346,project_00036,org_0011,2026-03-27T08:19:19+00:00,2026-03-27T08:41:19+00:00,failed,develop,api
pipeline_001347,project_00071,org_0048,2026-07-07T00:36:11+00:00,2026-07-07T01:28:11+00:00,canceled,feature/auth,manual
pipeline_001348,project_00167,org_0023,2026-04-25T07:16:09+00:00,2026-04-25T09:16:09+00:00,failed,feature/api,scheduled
pipeline_001349,project_00132,org_0076,2026-06-05T07:43:51+00:00,2026-06-05T08:33:51+00:00,success,develop,api
pipeline_001350,project_00101,org_0065,2026-02-09T23:02:49+00:00,2026-02-10T01:32:49+00:00,failed,release,api
pipeline_001351,project_00043,org_0095,2026-03-21T22:29:29+00:00,2026-03-22T00:34:29+00:00,success,feature/api,scheduled
pipeline_001352,project_00153,org_0006,2026-04-16T12:11:04+00:00,2026-04-16T13:33:04+00:00,success,release,scheduled
pipeline_001353,project_00110,org_0016,2026-03-19T13:31:57+00:00,2026-03-19T15:57:57+00:00,success,main,scheduled
pipeline_001354,project_00043,org_0095,2026-01-14T02:39:57+00:00,2026-01-14T04:50:57+00:00,success,feature/api,api
pipeline_001355,project_00155,org_0066,2026-07-26T00:36:05+00:00,2026-07-26T02:07:05+00:00,success,main,webhook
pipeline_001356,project_00083,org_0057,2026-06-16T18:10:30+00:00,2026-06-16T18:58:30+00:00,success,main,webhook
pipeline_001357,project_00169,org_0005,2026-05-25T08:07:30+00:00,2026-05-25T09:43:30+00:00,success,feature/auth,push
pipeline_001358,project_00003,org_0015,2026-05-04T17:27:57+00:00,2026-05-04T20:24:57+00:00,success,feature/auth,webhook
pipeline_001359,project_00120,org_0030,2026-08-09T09:11:48+00:00,2026-08-09T10:34:48+00:00,failed,release,push
pipeline_001360,project_00099,org_0003,2026-04-21T03:28:35+00:00,2026-04-21T06:03:35+00:00,success,develop,push
pipeline_001361,project_00144,org_0031,2026-04-18T23:35:58+00:00,2026-04-19T02:11:58+00:00,canceled,main,manual
pipeline_001362,project_00166,org_0064,2026-06-13T18:59:46+00:00,2026-06-13T21:54:46+00:00,failed,feature/auth,api
pipeline_001363,project_00051,org_0038,2026-03-18T13:19:18+00:00,2026-03-18T13:32:18+00:00,failed,feature/api,push
pipeline_001364,project_00071,org_0048,2026-06-13T14:12:56+00:00,2026-06-13T14:43:56+00:00,success,develop,manual
pipeline_001365,project_00084,org_0081,2026-08-18T14:06:50+00:00,2026-08-18T15:45:50+00:00,success,main,api
pipeline_001366,project_00005,org_0062,2026-08-12T14:27:37+00:00,2026-08-12T14:29:37+00:00,unknown_status,feature/auth,webhook
pipeline_001367,project_00104,org_0040,2026-01-15T08:56:28+00:00,2026-01-15T11:13:28+00:00,canceled,main,api
pipeline_001368,project_00166,org_0064,2026-01-07T07:40:07+00:00,2026-01-07T07:58:07+00:00,success,feature/api,api
pipeline_001369,project_00071,org_0048,2026-05-04T04:25:18+00:00,2026-05-04T05:54:18+00:00,success,release,api
pipeline_001370,project_00127,org_0067,2026-08-26T19:14:31+00:00,2026-08-26T19:27:31+00:00,success,feature/api,scheduled
pipeline_001371,project_00165,org_0074,2026-02-17T03:39:02+00:00,2026-02-17T05:15:02+00:00,canceled,main,push
pipeline_001372,project_00058,org_0052,2026-01-19T13:50:50+00:00,2026-01-19T13:53:50+00:00,success,feature/auth,scheduled
pipeline_001373,project_00058,org_0052,2026-03-08T02:17:57+00:00,2026-03-08T02:40:57+00:00,success,feature/auth,manual
pipeline_001374,project_00002,org_0014,2026-01-21T09:15:05+00:00,2026-01-21T10:22:05+00:00,failed,main,push
pipeline_001375,project_00013,org_0051,2026-04-29T04:11:21+00:00,2026-04-29T04:31:21+00:00,success,release,scheduled
pipeline_001376,project_missing_999,org_0012,2026-03-08T03:40:15+00:00,2026-03-08T04:16:15+00:00,success,main,webhook
pipeline_001377,project_00082,org_0009,2026-02-27T11:28:25+00:00,2026-02-27T13:58:25+00:00,failed,feature/api,scheduled
pipeline_001378,project_00172,org_0018,2026-02-17T12:36:06+00:00,2026-02-17T14:50:06+00:00,success,release,scheduled
pipeline_001379,project_00170,org_0064,2026-07-10T08:05:55+00:00,2026-07-10T09:17:55+00:00,success,feature/api,webhook
pipeline_001380,project_00024,org_0011,2026-04-13T10:54:22+00:00,2026-04-13T12:10:22+00:00,failed,feature/auth,manual
pipeline_001381,project_00063,org_0064,2026-03-21T23:02:43+00:00,2026-03-22T02:00:43+00:00,success,feature/api,push
pipeline_001382,project_00055,org_0032,2026-01-06T02:21:46+00:00,2026-01-06T05:13:46+00:00,success,feature/api,webhook
pipeline_001383,project_00125,org_0035,2026-02-10T14:20:03+00:00,2026-02-10T15:48:03+00:00,success,release,manual
pipeline_001384,project_00132,org_0076,2026-05-02T16:43:04+00:00,2026-05-02T18:03:04+00:00,failed,develop,manual
pipeline_001385,project_00028,org_0055,2026-02-20T12:15:06+00:00,2026-02-20T13:12:06+00:00,canceled,feature/api,scheduled
pipeline_001386,project_00159,org_0008,2026-07-19T09:49:54+00:00,2026-07-19T10:41:54+00:00,failed,develop,push
pipeline_001387,project_00072,org_0081,2026-06-14T07:31:18+00:00,2026-06-14T08:14:18+00:00,success,release,push
pipeline_001388,project_00038,org_0037,2026-06-29T00:24:13+00:00,2026-06-29T00:52:13+00:00,failed,develop,push
pipeline_001389,project_00118,org_0073,2026-03-14T15:14:37+00:00,2026-03-14T16:23:37+00:00,success,release,scheduled
pipeline_001390,project_00091,org_0085,2026-04-14T03:22:23+00:00,2026-04-14T03:53:23+00:00,canceled,main,api
pipeline_001391,project_00111,org_0090,2026-03-24T08:35:55+00:00,2026-03-24T09:14:55+00:00,success,feature/api,manual
pipeline_001392,project_00086,org_0013,2026-01-21T15:27:35+00:00,2026-01-21T17:20:35+00:00,success,main,push
pipeline_001393,project_00167,org_0023,2026-05-29T13:22:06+00:00,2026-05-29T15:11:06+00:00,success,develop,scheduled
pipeline_001394,project_00046,org_0095,2026-08-19T16:56:22+00:00,2026-08-19T18:07:22+00:00,success,feature/api,manual
pipeline_001395,project_00111,org_0090,2026-02-12T09:40:25+00:00,2026-02-12T12:35:25+00:00,success,develop,push
pipeline_001396,project_00057,org_0049,2026-02-14T17:37:44+00:00,2026-02-14T17:51:44+00:00,failed,release,api
pipeline_001397,project_00062,org_0051,2026-01-26T13:44:31+00:00,2026-01-26T16:01:31+00:00,success,develop,manual
pipeline_001398,project_00180,org_0035,2026-06-07T02:46:00+00:00,2026-06-07T04:27:00+00:00,success,develop,api
pipeline_001399,project_00127,org_0067,2026-03-21T21:18:47+00:00,2026-03-21T22:02:47+00:00,failed,feature/auth,api
pipeline_001400,project_00181,org_0050,2026-08-20T14:02:37+00:00,2026-08-20T15:16:37+00:00,failed,main,webhook
pipeline_001401,project_00129,org_0012,2026-08-30T14:33:47+00:00,2026-08-30T16:36:47+00:00,failed,develop,webhook
pipeline_001402,project_00081,org_0100,2026-01-27T23:21:50+00:00,2026-01-28T00:04:50+00:00,success,feature/api,webhook
pipeline_001403,project_00004,org_0044,2026-07-04T07:35:56+00:00,2026-07-04T09:25:56+00:00,success,develop,api
pipeline_001404,project_00020,org_0068,2026-03-08T07:16:24+00:00,2026-03-08T10:10:24+00:00,failed,main,manual
pipeline_001405,project_00091,org_0085,2026-07-04T00:25:01+00:00,2026-07-04T02:55:01+00:00,success,develop,scheduled
pipeline_001406,project_00029,org_0089,2026-01-18T13:04:32+00:00,2026-01-18T13:09:32+00:00,success,feature/auth,webhook
pipeline_001407,project_00135,org_0045,2026-07-15T09:39:54+00:00,2026-07-15T10:22:54+00:00,failed,main,push
pipeline_001408,project_00078,org_0062,2026-05-11T08:44:22+00:00,2026-05-11T10:40:22+00:00,success,feature/auth,manual
pipeline_001409,project_00066,org_0081,2026-07-08T22:26:46+00:00,2026-07-08T23:31:46+00:00,success,main,api
pipeline_001410,project_00078,org_0062,2026-05-10T14:40:18+00:00,2026-05-10T16:53:18+00:00,failed,release,scheduled
pipeline_001411,project_00029,org_0089,2026-04-15T19:59:57+00:00,2026-04-15T22:55:57+00:00,success,main,webhook
pipeline_001412,project_00106,org_0082,2026-03-27T12:55:51+00:00,2026-03-27T15:44:51+00:00,on_hold,feature/auth,scheduled
pipeline_001413,project_00008,org_0003,2026-04-05T21:40:22+00:00,2026-04-06T00:08:22+00:00,failed,feature/api,api
pipeline_001414,project_00053,org_0084,2026-02-04T16:05:37+00:00,2026-02-04T16:55:37+00:00,canceled,feature/api,push
pipeline_001415,project_00071,org_0048,2026-07-31T14:59:20+00:00,2026-07-31T16:55:20+00:00,on_hold,release,webhook
pipeline_001416,project_00068,org_0055,2026-05-16T11:28:17+00:00,2026-05-16T12:53:17+00:00,success,feature/api,api
pipeline_001417,project_00080,org_0048,2026-03-16T00:15:57+00:00,2026-03-16T00:26:57+00:00,success,feature/auth,manual
pipeline_001418,project_00032,org_0046,2026-06-18T08:08:11+00:00,2026-06-18T10:05:11+00:00,success,feature/auth,api
pipeline_001419,project_00029,org_0089,2026-01-04T05:41:12+00:00,2026-01-04T07:49:12+00:00,canceled,develop,scheduled
pipeline_001420,project_00175,org_0065,2026-02-28T08:13:26+00:00,2026-02-28T10:27:26+00:00,canceled,release,manual
pipeline_001421,project_00171,org_0008,2026-03-05T03:36:19+00:00,2026-03-05T04:54:19+00:00,success,main,api
pipeline_001422,project_00004,org_0044,2026-06-26T06:15:53+00:00,2026-06-26T06:26:53+00:00,success,release,push
pipeline_001423,project_00014,org_0026,2026-07-09T15:54:18+00:00,2026-07-09T17:13:18+00:00,success,feature/auth,push
pipeline_001424,project_00013,org_0051,2026-04-08T15:31:47+00:00,2026-04-08T16:07:47+00:00,success,feature/auth,manual
pipeline_001425,project_00171,org_0008,2026-08-06T18:33:38+00:00,2026-08-06T19:13:38+00:00,canceled,feature/auth,webhook
pipeline_001426,project_00188,org_0062,2026-03-18T09:37:56+00:00,2026-03-18T11:28:56+00:00,success,main,api
pipeline_001427,project_00057,org_0049,2026-01-13T11:32:08+00:00,2026-01-13T13:34:08+00:00,canceled,develop,scheduled
pipeline_001428,project_00109,org_0079,2026-06-05T00:00:30+00:00,2026-06-05T00:26:30+00:00,failed,feature/auth,manual
pipeline_001429,project_00080,org_0048,2026-03-09T07:17:29+00:00,2026-03-09T09:42:29+00:00,success,feature/auth,manual
pipeline_001430,project_00036,org_0011,2026-03-19T11:32:12+00:00,2026-03-19T12:37:12+00:00,success,release,webhook
pipeline_001431,project_00078,org_0062,2026-04-29T10:46:10+00:00,2026-04-29T11:08:10+00:00,success,feature/api,manual
pipeline_001432,project_00047,org_0081,2026-05-27T00:15:23+00:00,2026-05-27T02:07:23+00:00,success,release,scheduled
pipeline_001433,project_00178,org_0061,2026-05-02T15:47:56+00:00,2026-05-02T17:56:56+00:00,canceled,feature/auth,scheduled
pipeline_001434,project_00091,org_0085,2026-06-16T02:09:56+00:00,2026-06-16T04:09:56+00:00,success,feature/api,scheduled
pipeline_001435,project_00008,org_0003,2026-08-06T01:24:37+00:00,2026-08-06T01:31:37+00:00,canceled,feature/api,push
pipeline_001436,project_00194,org_0042,2026-02-24T14:21:09+00:00,2026-02-24T16:59:09+00:00,canceled,develop,manual
pipeline_001437,project_00132,org_0076,2026-05-25T21:38:52+00:00,2026-05-25T22:11:52+00:00,success,release,api
pipeline_001438,project_00014,org_0026,2026-06-02T11:51:00+00:00,2026-06-02T12:24:00+00:00,success,main,scheduled
pipeline_001439,project_00196,org_0023,2026-07-21T04:11:13+00:00,2026-07-21T06:09:13+00:00,failed,main,push
pipeline_001440,project_00070,org_0012,2026-02-11T13:46:05+00:00,2026-02-11T15:12:05+00:00,success,feature/auth,manual
pipeline_001441,project_00124,org_0032,2026-05-09T16:00:38+00:00,2026-05-09T16:16:38+00:00,success,release,manual
pipeline_001442,project_00190,org_0042,2026-01-21T14:11:04+00:00,2026-01-21T17:11:04+00:00,success,develop,manual
pipeline_001443,project_00190,org_0042,2026-07-12T08:34:26+00:00,2026-07-12T09:09:26+00:00,success,develop,api
pipeline_001444,project_00161,org_0075,2026-05-01T17:42:45+00:00,2026-05-01T17:44:45+00:00,failed,release,webhook
pipeline_001445,project_00030,org_0063,2026-01-27T01:48:33+00:00,2026-01-27T01:49:33+00:00,success,main,manual
pipeline_001446,project_00025,org_0031,2026-04-07T00:07:39+00:00,2026-04-07T01:00:39+00:00,success,main,manual
pipeline_001447,project_00114,org_0099,2026-06-01T17:43:02+00:00,2026-06-01T17:58:02+00:00,canceled,feature/auth,scheduled
pipeline_001448,project_00124,org_0032,2026-03-13T11:24:49+00:00,2026-03-13T12:25:49+00:00,failed,release,api
pipeline_001449,project_00157,org_0058,2026-06-20T12:59:12+00:00,2026-06-20T15:48:12+00:00,success,feature/api,webhook
pipeline_001450,project_00163,org_0017,2026-01-09T09:51:57+00:00,2026-01-09T10:39:57+00:00,success,develop,webhook
pipeline_001451,project_00131,org_0095,2026-08-01T07:26:11+00:00,2026-08-01T08:18:11+00:00,success,feature/auth,api
pipeline_001452,project_00171,org_0008,2026-02-08T20:15:03+00:00,2026-02-08T22:46:03+00:00,success,feature/auth,scheduled
pipeline_001453,project_00099,org_0003,2026-02-11T16:26:33+00:00,2026-02-11T18:25:33+00:00,success,feature/api,webhook
pipeline_001454,project_00008,org_0003,2026-04-21T01:41:11+00:00,2026-04-21T03:39:11+00:00,success,feature/api,push
pipeline_001455,project_00149,org_0053,2026-04-28T13:56:32+00:00,2026-04-28T14:05:32+00:00,success,release,scheduled
pipeline_001456,project_00011,org_0043,2026-05-18T18:17:38+00:00,2026-05-18T18:53:38+00:00,success,feature/api,api
pipeline_001457,project_00003,org_0015,2026-03-03T11:35:54+00:00,2026-03-03T13:07:54+00:00,success,release,webhook
pipeline_001458,project_00090,org_0077,2026-07-23T21:52:24+00:00,2026-07-23T23:32:24+00:00,success,develop,webhook
pipeline_001459,project_00091,org_0085,2026-08-07T16:55:03+00:00,2026-08-07T18:22:03+00:00,success,develop,api
pipeline_001460,project_00196,org_0023,2026-04-28T15:30:40+00:00,2026-04-28T17:11:40+00:00,success,feature/api,scheduled
pipeline_001461,project_00121,org_0032,2026-08-24T06:51:17+00:00,2026-08-24T09:40:17+00:00,success,release,manual
pipeline_001462,project_00067,org_0021,2026-02-20T06:18:00+00:00,2026-02-20T09:17:00+00:00,success,release,api
pipeline_001463,project_00150,org_0099,2026-08-28T19:17:03+00:00,2026-08-28T21:01:03+00:00,success,main,webhook
pipeline_001464,project_00060,org_0001,2026-02-07T11:49:19+00:00,2026-02-07T14:40:19+00:00,success,feature/api,api
pipeline_001465,project_00195,org_0082,2026-03-31T22:03:30+00:00,2026-03-31T23:04:30+00:00,success,develop,scheduled
pipeline_001466,project_00194,org_0042,2026-06-13T03:12:25+00:00,2026-06-13T03:29:25+00:00,success,feature/auth,push
pipeline_001467,project_00010,org_0067,2026-01-29T07:18:23+00:00,2026-01-29T09:12:23+00:00,failed,release,push
pipeline_001468,project_00045,org_0057,2026-05-05T17:25:15+00:00,2026-05-05T17:53:15+00:00,success,feature/api,webhook
pipeline_001469,project_00164,org_0006,2026-08-11T20:00:50+00:00,2026-08-11T22:23:50+00:00,success,feature/auth,scheduled
pipeline_001470,project_00113,org_0017,2026-04-22T02:32:45+00:00,2026-04-22T03:30:45+00:00,success,develop,scheduled
pipeline_001471,project_00136,org_0098,2026-03-16T16:19:36+00:00,2026-03-16T16:42:36+00:00,success,main,webhook
pipeline_001472,project_00009,org_0087,2026-02-24T14:08:17+00:00,2026-02-24T14:10:17+00:00,success,feature/api,manual
pipeline_001473,project_00140,org_0030,2026-01-28T22:45:48+00:00,2026-01-29T00:13:48+00:00,success,release,scheduled
pipeline_001474,project_00049,org_0073,2026-03-22T13:48:18+00:00,2026-03-22T16:15:18+00:00,failed,release,api
pipeline_001475,project_00092,org_0078,2026-08-29T04:38:26+00:00,2026-08-29T07:02:26+00:00,failed,main,scheduled
pipeline_001476,project_00110,org_0016,2026-08-31T21:48:34+00:00,2026-08-31T23:25:34+00:00,failed,release,push
pipeline_001477,project_00033,org_0025,2026-07-20T21:05:24+00:00,2026-07-20T22:22:24+00:00,success,feature/api,webhook
pipeline_001478,project_00014,org_0026,2026-08-22T14:17:21+00:00,2026-08-22T16:36:21+00:00,success,develop,api
pipeline_001479,project_00065,org_0044,2026-06-01T15:02:16+00:00,2026-06-01T16:34:16+00:00,success,develop,api
pipeline_001480,project_00020,org_0068,2026-07-27T13:11:27+00:00,2026-07-27T15:39:27+00:00,success,release,manual
pipeline_001481,project_00129,org_0012,2026-05-02T06:16:53+00:00,2026-05-02T07:59:53+00:00,success,release,push
pipeline_001482,project_00150,org_0099,2026-07-02T21:50:22+00:00,2026-07-02T22:58:22+00:00,unknown_status,main,api
pipeline_001483,project_00108,org_0012,2026-04-12T07:35:17+00:00,2026-04-12T08:27:17+00:00,success,main,webhook
pipeline_001484,project_00053,org_0084,2026-08-01T11:13:25+00:00,2026-08-01T12:38:25+00:00,canceled,main,webhook
pipeline_001485,project_00127,org_0067,2026-01-29T07:35:17+00:00,2026-01-29T10:00:17+00:00,canceled,main,api
pipeline_001486,project_00019,org_0015,2026-06-11T15:38:22+00:00,2026-06-11T18:12:22+00:00,failed,main,manual
pipeline_001487,project_00123,org_0071,2026-02-20T06:41:50+00:00,2026-02-20T07:51:50+00:00,failed,main,push
pipeline_001488,project_00128,org_0060,2026-07-17T03:12:52+00:00,2026-07-17T04:10:52+00:00,success,feature/api,scheduled
pipeline_001489,project_00078,org_0062,2026-03-30T10:49:54+00:00,2026-03-30T10:55:54+00:00,canceled,main,webhook
pipeline_001490,project_00137,org_0014,2026-08-25T04:15:55+00:00,2026-08-25T05:53:55+00:00,success,main,manual
pipeline_001491,project_00124,org_0032,2026-01-21T05:59:02+00:00,2026-01-21T07:39:02+00:00,failed,develop,scheduled
pipeline_001492,project_00180,org_0035,2026-06-15T18:22:38+00:00,2026-06-15T20:43:38+00:00,success,feature/api,push
pipeline_001493,project_00158,org_0014,2026-05-23T19:17:35+00:00,2026-05-23T20:48:35+00:00,success,feature/api,push
pipeline_001494,project_00061,org_0082,2026-04-01T02:42:29+00:00,2026-04-01T03:06:29+00:00,success,develop,scheduled
pipeline_001495,project_00192,org_0047,2026-07-28T05:54:36+00:00,2026-07-28T08:20:36+00:00,success,main,webhook
pipeline_001496,project_00015,org_0050,2026-01-30T18:04:21+00:00,2026-01-30T18:19:21+00:00,success,develop,api
pipeline_001497,project_00012,org_0052,2026-05-02T23:51:55+00:00,2026-05-03T01:21:55+00:00,success,develop,api
pipeline_001498,project_00034,org_0084,2026-08-24T09:29:01+00:00,2026-08-24T11:11:01+00:00,success,main,push
pipeline_001499,project_00020,org_0068,2026-04-08T04:01:20+00:00,2026-04-08T06:21:20+00:00,success,feature/auth,webhook
pipeline_001500,project_00114,org_0099,2026-04-28T13:32:41+00:00,2026-04-28T15:06:41+00:00,failed,feature/auth,webhook
pipeline_001501,project_00135,org_0045,2026-04-14T21:36:33+00:00,2026-04-14T22:58:33+00:00,success,release,push
pipeline_001502,project_00014,org_0026,2026-05-15T14:52:35+00:00,2026-05-15T16:38:35+00:00,failed,release,scheduled
pipeline_001503,project_00072,org_0081,2026-01-31T11:10:13+00:00,2026-01-31T12:03:13+00:00,canceled,release,webhook
pipeline_001504,project_00079,org_0012,2026-08-03T18:00:48+00:00,2026-08-03T18:54:48+00:00,success,develop,push
pipeline_001505,project_00061,org_0082,2026-06-20T23:40:58+00:00,2026-06-21T02:27:58+00:00,failed,main,push
pipeline_001506,project_00128,org_0060,2026-01-14T02:37:49+00:00,2026-01-14T03:47:49+00:00,success,feature/api,api
pipeline_001507,project_00022,org_0045,2026-01-24T04:37:52+00:00,2026-01-24T05:49:52+00:00,failed,feature/api,scheduled
pipeline_001508,project_00005,org_0062,2026-05-29T13:58:49+00:00,2026-05-29T15:37:49+00:00,success,develop,webhook
pipeline_001509,project_00098,org_0088,2026-03-13T14:58:56+00:00,2026-03-13T17:47:56+00:00,success,main,api
pipeline_001510,project_00009,org_0087,2026-07-30T07:36:14+00:00,2026-07-30T09:06:14+00:00,canceled,release,api
pipeline_001511,project_00068,org_0055,2026-08-18T12:08:01+00:00,2026-08-18T13:04:01+00:00,failed,feature/auth,manual
pipeline_001512,project_00112,org_0045,2026-06-16T01:02:50+00:00,2026-06-16T01:17:50+00:00,failed,release,scheduled
pipeline_001513,project_00185,org_0064,2026-04-22T14:56:03+00:00,2026-04-22T17:13:03+00:00,success,release,manual
pipeline_001514,project_00197,org_0023,2026-07-21T12:37:06+00:00,2026-07-21T13:44:06+00:00,success,feature/api,scheduled
pipeline_001515,project_00191,org_0076,2026-04-03T12:26:08+00:00,2026-04-03T13:00:08+00:00,canceled,feature/auth,api
pipeline_001516,project_00022,org_0045,2026-04-08T01:32:26+00:00,2026-04-08T03:51:26+00:00,success,release,scheduled
pipeline_001517,project_00010,org_0067,2026-08-28T01:18:58+00:00,2026-08-28T02:29:58+00:00,success,feature/auth,manual
pipeline_001518,project_00004,org_0044,2026-02-18T06:37:11+00:00,2026-02-18T07:56:11+00:00,success,feature/auth,api
pipeline_001519,project_00046,org_0095,2026-06-22T08:35:48+00:00,2026-06-22T10:34:48+00:00,success,main,scheduled
pipeline_001520,project_00010,org_0067,2026-05-20T07:32:48+00:00,2026-05-20T09:35:48+00:00,success,release,webhook
pipeline_001521,project_00105,org_0020,2026-01-23T18:03:00+00:00,2026-01-23T20:32:00+00:00,canceled,feature/auth,manual
pipeline_001522,project_00142,org_0065,2026-05-02T22:56:21+00:00,2026-05-02T23:13:21+00:00,success,feature/auth,api
pipeline_001523,project_00067,org_0021,2026-07-12T05:04:19+00:00,2026-07-12T05:37:19+00:00,success,develop,webhook
pipeline_001524,project_00159,org_0008,2026-01-20T06:06:57+00:00,2026-01-20T07:06:57+00:00,success,main,webhook
pipeline_001525,project_00176,org_0024,2026-07-16T18:57:54+00:00,2026-07-16T20:50:54+00:00,success,main,manual
pipeline_001526,project_00184,org_0073,2026-03-30T12:40:14+00:00,2026-03-30T12:56:14+00:00,canceled,feature/auth,api
pipeline_001527,project_00005,org_0062,2026-05-18T05:19:16+00:00,2026-05-18T07:38:16+00:00,failed,release,webhook
pipeline_001528,project_00090,org_0077,2026-02-12T09:28:38+00:00,2026-02-12T09:48:38+00:00,success,main,manual
pipeline_001529,project_00020,org_0068,2026-04-03T00:48:06+00:00,2026-04-03T01:41:06+00:00,success,feature/auth,scheduled
pipeline_001530,project_00019,org_0015,2026-06-15T15:02:17+00:00,2026-06-15T16:15:17+00:00,success,feature/auth,manual
pipeline_001531,project_00093,org_0038,2026-05-11T02:17:37+00:00,2026-05-11T04:02:37+00:00,failed,feature/auth,scheduled
pipeline_001532,project_00076,org_0002,2026-08-30T12:40:50+00:00,2026-08-30T12:48:50+00:00,success,main,api
pipeline_001533,project_00039,org_0096,2026-08-18T14:38:20+00:00,2026-08-18T14:45:20+00:00,success,develop,api
pipeline_001534,project_00131,org_0095,2026-07-17T08:36:07+00:00,2026-07-17T11:05:07+00:00,failed,develop,scheduled
pipeline_001535,project_00150,org_0099,2026-01-13T15:50:58+00:00,2026-01-13T18:39:58+00:00,failed,feature/api,push
pipeline_001536,project_00020,org_0068,2026-03-29T05:14:48+00:00,2026-03-29T07:39:48+00:00,success,release,manual
pipeline_001537,project_00188,org_0062,2026-06-12T08:47:20+00:00,2026-06-12T11:05:20+00:00,failed,release,push
pipeline_001538,project_00156,org_0034,2026-07-03T10:25:36+00:00,2026-07-03T13:14:36+00:00,success,feature/api,api
pipeline_001539,project_00069,org_0084,2026-03-17T17:45:05+00:00,2026-03-17T20:13:05+00:00,success,develop,api
pipeline_001540,project_00063,org_0064,2026-05-21T13:45:28+00:00,2026-05-21T14:45:28+00:00,success,main,webhook
pipeline_001541,project_00114,org_0099,2026-06-09T04:47:07+00:00,2026-06-09T06:20:07+00:00,success,release,manual
pipeline_001542,project_00020,org_0068,2026-05-21T16:51:09+00:00,2026-05-21T19:39:09+00:00,success,develop,scheduled
pipeline_001543,project_missing_999,org_0012,2026-03-31T05:32:57+00:00,2026-03-31T07:58:57+00:00,failed,develop,manual
pipeline_001544,project_00063,org_0064,2026-06-08T07:16:11+00:00,2026-06-08T10:09:11+00:00,success,develop,manual
pipeline_001545,project_00067,org_0021,2026-04-22T09:57:49+00:00,2026-04-22T11:25:49+00:00,success,main,scheduled
pipeline_001546,project_00108,org_0012,2026-07-16T03:10:58+00:00,2026-07-16T03:48:58+00:00,success,develop,webhook
pipeline_001547,project_00117,org_0066,2026-01-07T00:35:04+00:00,2026-01-07T01:18:04+00:00,success,feature/auth,manual
pipeline_001548,project_00183,org_0076,2026-07-02T11:24:54+00:00,2026-07-02T11:50:54+00:00,success,main,scheduled
pipeline_001549,project_00007,org_0039,2026-03-06T19:57:10+00:00,2026-03-06T20:16:10+00:00,success,release,scheduled
pipeline_001550,project_00109,org_0079,2026-05-18T14:56:49+00:00,2026-05-18T15:29:49+00:00,success,release,webhook
pipeline_001551,project_00183,org_0076,2026-04-24T22:36:38+00:00,2026-04-24T23:07:38+00:00,success,feature/auth,manual
pipeline_001552,project_00156,org_0034,2026-08-28T11:24:15+00:00,2026-08-28T11:52:15+00:00,on_hold,main,push
pipeline_001553,project_00190,org_0042,2026-05-18T20:26:41+00:00,2026-05-18T22:21:41+00:00,canceled,feature/api,scheduled
pipeline_001554,project_00075,org_0017,2026-07-05T06:57:02+00:00,2026-07-05T09:57:02+00:00,success,develop,manual
pipeline_001555,project_00131,org_0095,2026-02-02T12:58:28+00:00,2026-02-02T13:37:28+00:00,failed,release,manual
pipeline_001556,project_00095,org_0082,2026-06-26T03:10:46+00:00,2026-06-26T04:48:46+00:00,success,develop,manual
pipeline_001557,project_00185,org_0064,2026-08-17T09:18:39+00:00,2026-08-17T10:30:39+00:00,canceled,main,webhook
pipeline_001558,project_00077,org_0016,2026-07-11T13:49:42+00:00,2026-07-11T15:17:42+00:00,success,release,manual
pipeline_001559,project_00149,org_0053,2026-07-17T09:01:38+00:00,2026-07-17T10:51:38+00:00,success,feature/api,api
pipeline_001560,project_00194,org_0042,2026-03-11T06:57:21+00:00,2026-03-11T07:34:21+00:00,success,develop,scheduled
pipeline_001561,project_00133,org_0098,2026-04-19T01:32:09+00:00,2026-04-19T04:00:09+00:00,failed,feature/auth,push
pipeline_001562,project_00089,org_0083,2026-04-21T14:26:38+00:00,2026-04-21T15:09:38+00:00,success,feature/auth,scheduled
pipeline_001563,project_00113,org_0017,2026-03-28T20:24:50+00:00,2026-03-28T21:08:50+00:00,success,feature/auth,manual
pipeline_001564,project_00193,org_0076,2026-02-11T05:06:17+00:00,2026-02-11T06:06:17+00:00,success,develop,push
pipeline_001565,project_00053,org_0084,2026-08-03T10:32:10+00:00,2026-08-03T12:43:10+00:00,failed,main,manual
pipeline_001566,project_00011,org_0043,2026-07-29T15:34:40+00:00,2026-07-29T17:52:40+00:00,failed,main,scheduled
pipeline_001567,project_00007,org_0039,2026-05-24T12:22:03+00:00,2026-05-24T13:15:03+00:00,success,release,scheduled
pipeline_001568,project_00188,org_0062,2026-06-22T18:03:59+00:00,2026-06-22T20:17:59+00:00,success,feature/api,api
pipeline_001569,project_00029,org_0089,2026-02-16T13:55:38+00:00,2026-02-16T15:49:38+00:00,failed,feature/api,api
pipeline_001570,project_00023,org_0023,2026-02-23T03:14:11+00:00,2026-02-23T04:26:11+00:00,failed,main,api
pipeline_001571,project_00021,org_0079,2026-03-28T09:18:27+00:00,2026-03-28T09:38:27+00:00,success,release,api
pipeline_001572,project_00071,org_0048,2026-06-26T02:35:28+00:00,2026-06-26T05:17:28+00:00,failed,main,api
pipeline_001573,project_00010,org_0067,2026-06-18T07:22:20+00:00,2026-06-18T07:48:20+00:00,canceled,release,api
pipeline_001574,project_00049,org_0073,2026-08-05T18:31:26+00:00,2026-08-05T21:21:26+00:00,failed,main,push
pipeline_001575,project_00063,org_0064,2026-02-23T03:45:51+00:00,2026-02-23T06:16:51+00:00,success,develop,webhook
pipeline_001576,project_00068,org_0055,2026-07-02T13:47:35+00:00,2026-07-02T14:26:35+00:00,success,develop,scheduled
pipeline_001577,project_00073,org_0055,2026-02-21T04:23:23+00:00,2026-02-21T05:14:23+00:00,success,main,manual
pipeline_001578,project_00186,org_0005,2026-03-25T04:23:12+00:00,2026-03-25T04:24:12+00:00,success,feature/api,manual
pipeline_001579,project_00157,org_0058,2026-03-22T23:47:55+00:00,2026-03-23T00:33:55+00:00,success,feature/auth,manual
pipeline_001580,project_00098,org_0088,2026-08-15T18:19:57+00:00,2026-08-15T19:20:57+00:00,success,feature/api,manual
pipeline_001581,project_00169,org_0005,2026-03-11T22:19:16+00:00,2026-03-11T23:36:16+00:00,failed,feature/auth,scheduled
pipeline_001582,project_00126,org_0016,2026-06-02T07:39:45+00:00,2026-06-02T10:13:45+00:00,success,feature/api,api
pipeline_001583,project_00025,org_0031,2026-03-27T00:34:49+00:00,2026-03-27T01:03:49+00:00,unknown_status,feature/auth,scheduled
pipeline_001584,project_00115,org_0035,2026-05-07T08:55:13+00:00,2026-05-07T09:59:13+00:00,success,main,webhook
pipeline_001585,project_00119,org_0033,2026-05-04T20:25:08+00:00,2026-05-04T23:15:08+00:00,success,feature/api,webhook
pipeline_001586,project_00199,org_0090,2026-07-07T20:46:18+00:00,2026-07-07T22:52:18+00:00,success,develop,push
pipeline_001587,project_00075,org_0017,2026-04-15T01:13:53+00:00,2026-04-15T03:23:53+00:00,success,feature/api,push
pipeline_001588,project_00144,org_0031,2026-05-06T12:22:04+00:00,2026-05-06T13:29:04+00:00,success,feature/api,scheduled
pipeline_001589,project_00114,org_0099,2026-06-15T03:08:40+00:00,2026-06-15T04:51:40+00:00,success,main,api
pipeline_001590,project_00125,org_0035,2026-03-27T00:44:42+00:00,2026-03-27T02:11:42+00:00,success,main,api
pipeline_001591,project_00115,org_0035,2026-06-09T03:43:13+00:00,2026-06-09T04:40:13+00:00,success,develop,manual
pipeline_001592,project_00053,org_0084,2026-08-31T20:05:33+00:00,2026-08-31T20:34:33+00:00,canceled,release,manual
pipeline_001593,project_00085,org_0088,2026-02-20T04:22:27+00:00,2026-02-20T06:57:27+00:00,success,main,scheduled
pipeline_001594,project_00024,org_0011,2026-05-10T10:28:12+00:00,2026-05-10T11:59:12+00:00,failed,release,push
pipeline_001595,project_00168,org_0036,2026-01-20T02:43:08+00:00,2026-01-20T04:56:08+00:00,success,release,webhook
pipeline_001596,project_00041,org_0047,2026-07-28T01:04:29+00:00,2026-07-28T02:46:29+00:00,failed,develop,api
pipeline_001597,project_00042,org_0070,2026-05-26T04:48:49+00:00,2026-05-26T06:13:49+00:00,success,release,webhook
pipeline_001598,project_00004,org_0044,2026-01-15T00:14:35+00:00,2026-01-15T00:20:35+00:00,failed,release,push
pipeline_001599,project_00129,org_0012,2026-06-04T13:02:43+00:00,2026-06-04T15:07:43+00:00,success,feature/auth,api
pipeline_001600,project_00007,org_0039,2026-03-31T07:48:15+00:00,2026-03-31T10:30:15+00:00,failed,develop,push
pipeline_001601,project_00070,org_0012,2026-02-18T00:26:04+00:00,2026-02-18T02:03:04+00:00,success,develop,api
pipeline_001602,project_00022,org_0045,2026-01-30T17:17:02+00:00,2026-01-30T17:36:02+00:00,success,feature/api,push
pipeline_001603,project_00004,org_0044,2026-07-30T08:59:27+00:00,2026-07-30T11:34:27+00:00,canceled,main,manual
pipeline_001604,project_00101,org_0065,2026-03-17T10:51:31+00:00,2026-03-17T13:27:31+00:00,failed,feature/auth,scheduled
pipeline_001605,project_00132,org_0076,2026-01-10T02:24:05+00:00,2026-01-10T03:42:05+00:00,success,develop,push
pipeline_001606,project_00068,org_0055,2026-08-12T18:35:03+00:00,2026-08-12T20:36:03+00:00,success,feature/api,push
pipeline_001607,project_00057,org_0049,2026-06-07T19:16:36+00:00,2026-06-07T21:40:36+00:00,success,feature/auth,manual
pipeline_001608,project_00130,org_0026,2026-04-05T23:58:05+00:00,2026-04-06T01:36:05+00:00,success,feature/api,scheduled
pipeline_001609,project_00096,org_0047,2026-08-01T06:30:28+00:00,2026-08-01T06:58:28+00:00,success,release,push
pipeline_001610,project_00102,org_0099,2026-04-01T03:28:25+00:00,2026-04-01T05:23:25+00:00,success,release,push
pipeline_001611,project_00165,org_0074,2026-05-01T15:05:36+00:00,2026-05-01T16:31:36+00:00,success,main,push
pipeline_001612,project_00144,org_0031,2026-03-07T17:34:39+00:00,2026-03-07T18:28:39+00:00,failed,feature/api,manual
pipeline_001613,project_00064,org_0044,2026-02-02T13:54:00+00:00,2026-02-02T14:31:00+00:00,success,feature/api,manual
pipeline_001614,project_00186,org_0005,2026-08-09T01:27:36+00:00,2026-08-09T02:27:36+00:00,success,feature/api,api
pipeline_001615,project_00106,org_0082,2026-05-01T22:58:14+00:00,2026-05-02T00:25:14+00:00,failed,main,api
pipeline_001616,project_00177,org_0029,2026-08-08T13:05:35+00:00,2026-08-08T15:39:35+00:00,success,main,api
pipeline_001617,project_00177,org_0029,2026-03-23T06:06:38+00:00,2026-03-23T08:30:38+00:00,failed,release,scheduled
pipeline_001618,project_00081,org_0100,2026-04-02T13:14:59+00:00,2026-04-02T14:37:59+00:00,success,feature/api,manual
pipeline_001619,project_00143,org_0010,2026-02-01T15:01:21+00:00,2026-02-01T15:28:21+00:00,success,main,scheduled
pipeline_001620,project_00033,org_0025,2026-01-06T06:59:23+00:00,2026-01-06T07:41:23+00:00,success,main,webhook
pipeline_001621,project_00051,org_0038,2026-06-19T22:44:21+00:00,2026-06-19T23:14:21+00:00,success,feature/api,scheduled
pipeline_001622,project_00044,org_0058,2026-07-23T17:31:29+00:00,2026-07-23T19:36:29+00:00,success,release,scheduled
pipeline_001623,project_00103,org_0011,2026-01-04T14:17:44+00:00,2026-01-04T15:33:44+00:00,success,feature/auth,api
pipeline_001624,project_00134,org_0053,2026-05-06T04:51:23+00:00,2026-05-06T07:29:23+00:00,failed,release,webhook
pipeline_001625,project_00037,org_0005,2026-04-23T16:49:48+00:00,2026-04-23T19:03:48+00:00,success,release,api
pipeline_001626,project_00133,org_0098,2026-08-23T18:30:50+00:00,2026-08-23T19:35:50+00:00,success,develop,api
pipeline_001627,project_00192,org_0047,2026-02-22T13:27:11+00:00,2026-02-22T14:10:11+00:00,success,feature/api,push
pipeline_001628,project_00082,org_0009,2026-06-11T16:13:28+00:00,2026-06-11T16:59:28+00:00,success,main,push
pipeline_001629,project_00080,org_0048,2026-03-14T21:15:08+00:00,2026-03-14T22:07:08+00:00,success,release,scheduled
pipeline_001630,project_00085,org_0088,2026-02-06T18:48:13+00:00,2026-02-06T19:04:13+00:00,success,release,webhook
pipeline_001631,project_00018,org_0047,2026-05-17T02:27:24+00:00,2026-05-17T05:10:24+00:00,success,develop,api
pipeline_001632,project_00161,org_0075,2026-01-06T11:41:46+00:00,2026-01-06T12:31:46+00:00,success,feature/api,manual
pipeline_001633,project_00187,org_0078,2026-04-29T17:47:58+00:00,2026-04-29T19:22:58+00:00,success,feature/api,api
pipeline_001634,project_00144,org_0031,2026-07-30T02:38:37+00:00,2026-07-30T05:23:37+00:00,success,main,manual
pipeline_001635,project_00040,org_0015,2026-02-09T23:48:30+00:00,2026-02-10T00:44:30+00:00,success,feature/auth,manual
pipeline_001636,project_00027,org_0054,2026-02-19T04:58:03+00:00,2026-02-19T07:12:03+00:00,success,feature/api,api
pipeline_001637,project_00148,org_0022,2026-08-18T23:25:27+00:00,2026-08-19T02:00:27+00:00,success,release,scheduled
pipeline_001638,project_00054,org_0032,2026-03-07T06:47:59+00:00,2026-03-07T06:48:59+00:00,failed,develop,push
pipeline_001639,project_00158,org_0014,2026-02-26T21:24:04+00:00,2026-02-26T22:01:04+00:00,success,main,api
pipeline_001640,project_00020,org_0068,2026-01-21T06:26:18+00:00,2026-01-21T07:02:18+00:00,success,feature/api,scheduled
pipeline_001641,project_00171,org_0008,2026-07-03T04:27:39+00:00,2026-07-03T05:51:39+00:00,success,main,webhook
pipeline_001642,project_00144,org_0031,2026-06-02T17:19:28+00:00,2026-06-02T18:56:28+00:00,failed,feature/api,api
pipeline_001643,project_00080,org_0048,2026-07-22T17:15:33+00:00,2026-07-22T18:37:33+00:00,success,release,webhook
pipeline_001644,project_00043,org_0095,2026-04-18T20:41:39+00:00,2026-04-18T21:18:39+00:00,failed,release,scheduled
pipeline_001645,project_00126,org_0016,2026-04-08T07:11:35+00:00,2026-04-08T10:07:35+00:00,success,feature/api,api
pipeline_001646,project_00046,org_0095,2026-01-10T19:46:17+00:00,2026-01-10T21:20:17+00:00,failed,feature/auth,scheduled
pipeline_001647,project_00055,org_0032,2026-08-28T14:36:58+00:00,2026-08-28T17:00:58+00:00,failed,develop,scheduled
pipeline_001648,project_00096,org_0047,2026-03-11T12:27:11+00:00,2026-03-11T12:30:11+00:00,success,feature/auth,manual
pipeline_001649,project_00050,org_0077,2026-01-03T04:19:52+00:00,2026-01-03T06:50:52+00:00,success,main,api
pipeline_001650,project_00065,org_0044,2026-07-15T06:22:25+00:00,2026-07-15T06:26:25+00:00,success,main,api
pipeline_001651,project_00165,org_0074,2026-07-05T22:07:56+00:00,2026-07-05T23:49:56+00:00,success,feature/auth,api
pipeline_001652,project_00161,org_0075,2026-01-23T05:23:39+00:00,2026-01-23T07:50:39+00:00,failed,feature/api,manual
pipeline_001653,project_00162,org_0009,2026-06-26T12:04:02+00:00,2026-06-26T14:10:02+00:00,success,release,push
pipeline_001654,project_00010,org_0067,2026-05-24T12:18:18+00:00,2026-05-24T12:26:18+00:00,success,develop,webhook
pipeline_001655,project_00034,org_0084,2026-02-02T03:58:53+00:00,2026-02-02T05:46:53+00:00,failed,main,push
pipeline_001656,project_00114,org_0099,2026-01-25T04:54:55+00:00,2026-01-25T06:15:55+00:00,success,release,api
pipeline_001657,project_00050,org_0077,2026-08-27T10:55:48+00:00,2026-08-27T11:00:48+00:00,success,feature/auth,webhook
pipeline_001658,project_00151,org_0060,2026-05-23T05:45:31+00:00,2026-05-23T07:58:31+00:00,success,feature/api,scheduled
pipeline_001659,project_00171,org_0008,2026-01-24T21:04:00+00:00,2026-01-24T21:21:00+00:00,success,release,webhook
pipeline_001660,project_00187,org_0078,2026-04-14T13:13:37+00:00,2026-04-14T13:35:37+00:00,success,main,api
pipeline_001661,project_00156,org_0034,2026-03-19T03:51:48+00:00,2026-03-19T06:48:48+00:00,success,develop,push
pipeline_001662,project_00080,org_0048,2026-04-17T07:39:26+00:00,2026-04-17T10:03:26+00:00,success,feature/auth,scheduled
pipeline_001663,project_00146,org_0035,2026-02-03T10:27:56+00:00,2026-02-03T12:52:56+00:00,canceled,main,push
pipeline_001664,project_00024,org_0011,2026-03-12T21:01:56+00:00,2026-03-12T21:24:56+00:00,success,release,push
pipeline_001665,project_00197,org_0023,2026-03-07T18:19:27+00:00,2026-03-07T18:22:27+00:00,success,feature/auth,scheduled
pipeline_001666,project_00021,org_0079,2026-04-06T19:42:36+00:00,2026-04-06T21:01:36+00:00,failed,develop,webhook
pipeline_001667,project_00080,org_0048,2026-01-21T17:07:15+00:00,2026-01-21T18:45:15+00:00,failed,develop,api
pipeline_001668,project_00036,org_0011,2026-08-08T10:33:14+00:00,2026-08-08T11:54:14+00:00,success,develop,api
pipeline_001669,project_00052,org_0018,2026-03-10T18:48:15+00:00,2026-03-10T20:04:15+00:00,success,feature/api,api
pipeline_001670,project_00024,org_0011,2026-07-10T06:03:55+00:00,2026-07-10T07:34:55+00:00,success,feature/auth,manual
pipeline_001671,project_00116,org_0081,2026-03-08T04:56:19+00:00,2026-03-08T05:06:19+00:00,canceled,release,scheduled
pipeline_001672,project_00040,org_0015,2026-07-28T22:02:45+00:00,2026-07-29T00:28:45+00:00,success,feature/api,api
pipeline_001673,project_00166,org_0064,2026-04-23T02:46:35+00:00,2026-04-23T03:40:35+00:00,success,release,manual
pipeline_001674,project_00191,org_0076,2026-04-15T10:47:48+00:00,2026-04-15T11:11:48+00:00,success,develop,api
pipeline_001675,project_00056,org_0074,2026-07-01T15:10:11+00:00,2026-07-01T16:17:11+00:00,success,main,manual
pipeline_001676,project_00169,org_0005,2026-03-14T09:36:42+00:00,2026-03-14T11:38:42+00:00,success,release,api
pipeline_001677,project_00096,org_0047,2026-08-07T22:42:42+00:00,2026-08-08T00:19:42+00:00,success,main,api
pipeline_001678,project_00180,org_0035,2026-02-10T15:03:48+00:00,2026-02-10T17:45:48+00:00,success,main,webhook
pipeline_001679,project_00108,org_0012,2026-07-04T15:56:35+00:00,2026-07-04T17:22:35+00:00,success,main,webhook
pipeline_001680,project_00092,org_0078,2026-04-29T22:41:44+00:00,2026-04-29T23:23:44+00:00,success,develop,push
pipeline_001681,project_00113,org_0017,2026-08-28T11:14:36+00:00,2026-08-28T13:11:36+00:00,success,feature/api,scheduled
pipeline_001682,project_00122,org_0050,2026-04-05T14:24:41+00:00,2026-04-05T15:29:41+00:00,failed,release,api
pipeline_001683,project_00124,org_0032,2026-06-05T19:01:04+00:00,2026-06-05T20:18:04+00:00,success,develop,manual
pipeline_001684,project_00028,org_0055,2026-06-13T11:52:25+00:00,2026-06-13T13:42:25+00:00,failed,release,scheduled
pipeline_001685,project_00152,org_0021,2026-01-12T02:09:12+00:00,2026-01-12T02:51:12+00:00,success,feature/auth,manual
pipeline_001686,project_00179,org_0021,2026-07-23T12:49:49+00:00,2026-07-23T13:40:49+00:00,canceled,release,webhook
pipeline_001687,project_00034,org_0084,2026-05-10T09:09:22+00:00,2026-05-10T09:23:22+00:00,on_hold,feature/auth,webhook
pipeline_001688,project_00089,org_0083,2026-06-28T03:31:11+00:00,2026-06-28T05:13:11+00:00,success,main,webhook
pipeline_001689,project_00052,org_0018,2026-03-08T19:47:38+00:00,2026-03-08T21:05:38+00:00,success,develop,webhook
pipeline_001690,project_missing_999,org_0084,2026-06-19T12:55:49+00:00,2026-06-19T13:19:49+00:00,failed,develop,manual
pipeline_001691,project_00199,org_0090,2026-05-26T08:20:08+00:00,2026-05-26T08:22:08+00:00,success,feature/auth,push
pipeline_001692,project_00121,org_0032,2026-08-02T12:46:42+00:00,2026-08-02T15:42:42+00:00,success,develop,scheduled
pipeline_001693,project_00172,org_0018,2026-05-27T03:17:30+00:00,2026-05-27T05:16:30+00:00,unknown_status,main,scheduled
pipeline_001694,project_00033,org_0025,2026-05-04T15:17:58+00:00,2026-05-04T15:52:58+00:00,success,feature/auth,api
pipeline_001695,project_00173,org_0032,2026-06-14T21:29:18+00:00,2026-06-15T00:02:18+00:00,success,main,api
pipeline_001696,project_00126,org_0016,2026-08-16T17:54:50+00:00,2026-08-16T18:01:50+00:00,success,release,webhook
pipeline_001697,project_00197,org_0023,2026-04-02T07:49:39+00:00,2026-04-02T09:24:39+00:00,success,release,push
pipeline_001698,project_00157,org_0058,2026-08-21T16:40:15+00:00,2026-08-21T18:22:15+00:00,canceled,develop,webhook
pipeline_001699,project_00128,org_0060,2026-03-15T00:00:45+00:00,2026-03-15T00:12:45+00:00,success,feature/api,push
pipeline_001700,project_00087,org_0094,2026-05-30T03:45:34+00:00,2026-05-30T06:33:34+00:00,success,develop,api
pipeline_001701,project_00080,org_0048,2026-05-31T05:22:54+00:00,2026-05-31T08:15:54+00:00,failed,main,api
pipeline_001702,project_00108,org_0012,2026-03-11T17:13:43+00:00,2026-03-11T17:55:43+00:00,success,release,push
pipeline_001703,project_00120,org_0030,2026-02-02T02:15:54+00:00,2026-02-02T03:44:54+00:00,success,main,scheduled
pipeline_001704,project_00004,org_0044,2026-03-04T11:32:43+00:00,2026-03-04T12:54:43+00:00,success,release,scheduled
pipeline_001705,project_00176,org_0024,2026-06-26T14:02:14+00:00,2026-06-26T14:05:14+00:00,success,feature/api,scheduled
pipeline_001706,project_00198,org_0017,2026-01-22T04:04:55+00:00,2026-01-22T05:22:55+00:00,success,main,manual
pipeline_001707,project_00116,org_0081,2026-07-14T23:33:11+00:00,2026-07-15T01:09:11+00:00,failed,feature/auth,manual
pipeline_001708,project_00094,org_0050,2026-02-13T08:51:35+00:00,2026-02-13T09:37:35+00:00,on_hold,release,scheduled
pipeline_001709,project_00173,org_0032,2026-02-01T01:44:20+00:00,2026-02-01T02:23:20+00:00,success,release,api
pipeline_001710,project_00051,org_0038,2026-07-19T23:10:52+00:00,2026-07-20T01:48:52+00:00,failed,feature/api,scheduled
pipeline_001711,project_00013,org_0051,2026-06-30T11:54:24+00:00,2026-06-30T13:07:24+00:00,success,feature/api,scheduled
pipeline_001712,project_00094,org_0050,2026-01-20T10:43:08+00:00,2026-01-20T13:17:08+00:00,success,feature/auth,scheduled
pipeline_001713,project_00087,org_0094,2026-04-26T00:15:58+00:00,2026-04-26T00:22:58+00:00,success,develop,api
pipeline_001714,project_00092,org_0078,2026-06-11T23:16:59+00:00,2026-06-11T23:21:59+00:00,success,feature/auth,push
pipeline_001715,project_00153,org_0006,2026-02-13T08:57:49+00:00,2026-02-13T10:29:49+00:00,failed,release,scheduled
pipeline_001716,project_00064,org_0044,2026-03-10T01:17:45+00:00,2026-03-10T01:39:45+00:00,success,develop,webhook
pipeline_001717,project_00163,org_0017,2026-07-11T15:17:24+00:00,2026-07-11T17:08:24+00:00,failed,feature/auth,scheduled
pipeline_001718,project_00177,org_0029,2026-08-28T17:06:15+00:00,2026-08-28T18:09:15+00:00,canceled,release,manual
pipeline_001719,project_00118,org_0073,2026-01-16T18:48:05+00:00,2026-01-16T19:08:05+00:00,success,main,webhook
pipeline_001720,project_00156,org_0034,2026-02-09T06:31:55+00:00,2026-02-09T08:09:55+00:00,success,main,api
pipeline_001721,project_00164,org_0006,2026-04-28T06:42:47+00:00,2026-04-28T08:31:47+00:00,success,develop,api
pipeline_001722,project_00185,org_0064,2026-01-31T18:58:25+00:00,2026-01-31T20:49:25+00:00,canceled,develop,manual
pipeline_001723,project_00067,org_0021,2026-04-28T18:02:31+00:00,2026-04-28T20:40:31+00:00,success,develop,push
pipeline_001724,project_00096,org_0047,2026-08-11T15:52:44+00:00,2026-08-11T17:54:44+00:00,success,feature/api,api
pipeline_001725,project_00192,org_0047,2026-03-14T02:58:30+00:00,2026-03-14T04:09:30+00:00,success,main,manual
pipeline_001726,project_00103,org_0011,2026-03-12T09:28:10+00:00,2026-03-12T12:22:10+00:00,success,main,scheduled
pipeline_001727,project_00054,org_0032,2026-01-08T06:28:23+00:00,2026-01-08T08:15:23+00:00,success,feature/auth,api
pipeline_001728,project_00119,org_0033,2026-08-21T15:49:30+00:00,2026-08-21T18:32:30+00:00,success,develop,webhook
pipeline_001729,project_00005,org_0062,2026-05-07T01:34:25+00:00,2026-05-07T02:31:25+00:00,success,feature/auth,manual
pipeline_001730,project_00118,org_0073,2026-08-17T07:45:25+00:00,2026-08-17T09:33:25+00:00,success,feature/auth,manual
pipeline_001731,project_00100,org_0028,2026-07-04T16:56:24+00:00,2026-07-04T19:19:24+00:00,success,feature/auth,api
pipeline_001732,project_00089,org_0083,2026-06-22T13:57:01+00:00,2026-06-22T14:36:01+00:00,success,feature/api,webhook
pipeline_001733,project_00137,org_0014,2026-03-08T00:38:23+00:00,2026-03-08T03:31:23+00:00,success,feature/api,push
pipeline_001734,project_00170,org_0064,2026-08-10T21:01:32+00:00,2026-08-10T21:22:32+00:00,success,release,api
pipeline_001735,project_00022,org_0045,2026-03-22T14:31:02+00:00,2026-03-22T16:47:02+00:00,success,feature/auth,api
pipeline_001736,project_00116,org_0081,2026-07-01T12:17:54+00:00,2026-07-01T12:25:54+00:00,success,release,webhook
pipeline_001737,project_00160,org_0052,2026-05-17T13:23:43+00:00,2026-05-17T15:48:43+00:00,success,main,api
pipeline_001738,project_00143,org_0010,2026-07-10T14:11:08+00:00,2026-07-10T15:12:08+00:00,success,release,webhook
pipeline_001739,project_00097,org_0073,2026-08-24T18:47:05+00:00,2026-08-24T19:19:05+00:00,success,develop,webhook
pipeline_001740,project_00029,org_0089,2026-08-10T15:43:44+00:00,2026-08-10T16:58:44+00:00,success,develop,scheduled
pipeline_001741,project_00141,org_0059,2026-06-08T15:38:48+00:00,2026-06-08T17:09:48+00:00,failed,feature/api,manual
pipeline_001742,project_00072,org_0081,2026-05-05T01:03:22+00:00,2026-05-05T02:36:22+00:00,success,feature/auth,manual
pipeline_001743,project_00138,org_0054,2026-07-26T19:20:16+00:00,2026-07-26T21:01:16+00:00,success,feature/api,scheduled
pipeline_001744,project_00194,org_0042,2026-06-30T03:59:28+00:00,2026-06-30T05:13:28+00:00,failed,feature/api,webhook
pipeline_001745,project_00046,org_0095,2026-06-05T08:46:36+00:00,2026-06-05T10:00:36+00:00,success,feature/auth,scheduled
pipeline_001746,project_00168,org_0036,2026-03-08T21:40:44+00:00,2026-03-09T00:35:44+00:00,canceled,feature/api,manual
pipeline_001747,project_00168,org_0036,2026-06-12T08:58:24+00:00,2026-06-12T10:46:24+00:00,success,main,manual
pipeline_001748,project_00058,org_0052,2026-02-23T19:35:06+00:00,2026-02-23T22:12:06+00:00,success,main,manual
pipeline_001749,project_00147,org_0018,2026-06-08T18:03:41+00:00,2026-06-08T18:09:41+00:00,success,develop,webhook
pipeline_001750,project_00146,org_0035,2026-08-31T22:02:13+00:00,2026-09-01T00:03:13+00:00,success,feature/auth,push
pipeline_001751,project_00191,org_0076,2026-08-22T12:55:08+00:00,2026-08-22T15:43:08+00:00,success,release,webhook
pipeline_001752,project_00042,org_0070,2026-06-27T18:42:55+00:00,2026-06-27T20:17:55+00:00,failed,develop,webhook
pipeline_001753,project_00121,org_0032,2026-03-19T14:08:02+00:00,2026-03-19T15:31:02+00:00,success,main,push
pipeline_001754,project_00053,org_0084,2026-08-13T07:38:35+00:00,2026-08-13T09:37:35+00:00,success,release,scheduled
pipeline_001755,project_00062,org_0051,2026-03-10T16:37:17+00:00,2026-03-10T18:36:17+00:00,success,main,manual
pipeline_001756,project_00085,org_0088,2026-03-03T20:28:19+00:00,2026-03-03T21:31:19+00:00,success,main,push
pipeline_001757,project_00192,org_0047,2026-01-13T13:16:05+00:00,2026-01-13T16:11:05+00:00,success,release,scheduled
pipeline_001758,project_00099,org_0003,2026-01-28T07:51:18+00:00,2026-01-28T09:38:18+00:00,canceled,release,push
pipeline_001759,project_00184,org_0073,2026-08-24T17:26:05+00:00,2026-08-24T20:12:05+00:00,on_hold,main,scheduled
pipeline_001760,project_00124,org_0032,2026-01-24T05:14:54+00:00,2026-01-24T06:29:54+00:00,failed,main,api
pipeline_001761,project_00103,org_0011,2026-07-18T16:04:55+00:00,2026-07-18T18:46:55+00:00,success,feature/api,push
pipeline_001762,project_00027,org_0054,2026-02-26T16:40:01+00:00,2026-02-26T17:48:01+00:00,failed,release,push
pipeline_001763,project_00185,org_0064,2026-03-07T14:45:37+00:00,2026-03-07T16:19:37+00:00,success,feature/auth,webhook
pipeline_001764,project_00063,org_0064,2026-07-07T10:04:27+00:00,2026-07-07T10:58:27+00:00,success,feature/auth,push
pipeline_001765,project_00118,org_0073,2026-07-10T21:49:44+00:00,2026-07-10T22:52:44+00:00,failed,feature/auth,api
pipeline_001766,project_00177,org_0029,2026-06-22T16:38:38+00:00,2026-06-22T18:03:38+00:00,failed,feature/auth,manual
pipeline_001767,project_00071,org_0048,2026-08-19T20:28:18+00:00,2026-08-19T20:38:18+00:00,failed,develop,manual
pipeline_001768,project_00074,org_0001,2026-01-11T01:46:58+00:00,2026-01-11T02:43:58+00:00,failed,release,api
pipeline_001769,project_00183,org_0076,2026-04-24T02:21:04+00:00,2026-04-24T03:40:04+00:00,canceled,develop,manual
pipeline_001770,project_00163,org_0017,2026-04-29T08:23:43+00:00,2026-04-29T10:25:43+00:00,failed,feature/auth,webhook
pipeline_001771,project_00191,org_0076,2026-02-19T22:12:05+00:00,2026-02-19T22:50:05+00:00,success,feature/api,api
pipeline_001772,project_00164,org_0006,2026-03-30T12:21:00+00:00,2026-03-30T12:29:00+00:00,failed,release,api
pipeline_001773,project_00038,org_0037,2026-08-15T21:27:46+00:00,2026-08-15T21:31:46+00:00,success,release,manual
pipeline_001774,project_00104,org_0040,2026-07-05T05:43:22+00:00,2026-07-05T08:22:22+00:00,canceled,feature/auth,webhook
pipeline_001775,project_00151,org_0060,2026-07-14T14:32:47+00:00,2026-07-14T15:53:47+00:00,success,feature/api,scheduled
pipeline_001776,project_00166,org_0064,2026-03-07T16:19:14+00:00,2026-03-07T18:34:14+00:00,success,feature/api,scheduled
pipeline_001777,project_00004,org_0044,2026-01-26T03:32:16+00:00,2026-01-26T05:00:16+00:00,success,develop,webhook
pipeline_001778,project_00039,org_0096,2026-04-19T02:05:20+00:00,2026-04-19T04:41:20+00:00,failed,main,webhook
pipeline_001779,project_00092,org_0078,2026-07-13T17:03:43+00:00,2026-07-13T19:01:43+00:00,success,main,manual
pipeline_001780,project_00059,org_0059,2026-03-20T15:42:58+00:00,2026-03-20T17:16:58+00:00,success,feature/api,push
pipeline_001781,project_00085,org_0088,2026-07-17T01:27:52+00:00,2026-07-17T01:45:52+00:00,success,release,manual
pipeline_001782,project_00021,org_0079,2026-01-22T17:43:22+00:00,2026-01-22T19:38:22+00:00,success,develop,webhook
pipeline_001783,project_00066,org_0081,2026-03-12T22:44:39+00:00,2026-03-13T01:41:39+00:00,canceled,develop,webhook
pipeline_001784,project_00177,org_0029,2026-06-27T02:50:37+00:00,2026-06-27T03:36:37+00:00,success,release,api
pipeline_001785,project_00142,org_0065,2026-04-18T18:16:08+00:00,2026-04-18T18:40:08+00:00,failed,main,webhook
pipeline_001786,project_00134,org_0053,2026-04-28T13:56:08+00:00,2026-04-28T14:12:08+00:00,success,develop,manual
pipeline_001787,project_00195,org_0082,2026-08-14T17:49:59+00:00,2026-08-14T19:52:59+00:00,success,release,push
pipeline_001788,project_00082,org_0009,2026-01-29T08:55:03+00:00,2026-01-29T09:46:03+00:00,success,feature/api,push
pipeline_001789,project_00122,org_0050,2026-03-18T15:51:58+00:00,2026-03-18T16:17:58+00:00,success,develop,manual
pipeline_001790,project_00125,org_0035,2026-04-27T11:50:19+00:00,2026-04-27T14:16:19+00:00,success,feature/api,push
pipeline_001791,project_00185,org_0064,2026-06-21T21:43:14+00:00,2026-06-22T00:28:14+00:00,success,release,scheduled
pipeline_001792,project_00001,org_0020,2026-04-08T18:27:33+00:00,2026-04-08T20:12:33+00:00,success,feature/api,webhook
pipeline_001793,project_00085,org_0088,2026-07-17T00:18:47+00:00,2026-07-17T02:22:47+00:00,success,feature/auth,api
pipeline_001794,project_00137,org_0014,2026-04-07T17:03:11+00:00,2026-04-07T18:31:11+00:00,success,release,manual
pipeline_001795,project_00080,org_0048,2026-06-20T21:30:19+00:00,2026-06-20T21:59:19+00:00,on_hold,develop,scheduled
pipeline_001796,project_00002,org_0014,2026-05-04T23:13:47+00:00,2026-05-05T01:24:47+00:00,success,develop,webhook
pipeline_001797,project_00017,org_0074,2026-06-17T18:40:15+00:00,2026-06-17T21:33:15+00:00,success,feature/api,api
pipeline_001798,project_00164,org_0006,2026-07-29T04:01:24+00:00,2026-07-29T04:48:24+00:00,success,main,webhook
pipeline_001799,project_00055,org_0032,2026-04-30T07:18:52+00:00,2026-04-30T09:27:52+00:00,success,release,scheduled
pipeline_001800,project_00027,org_0054,2026-04-27T12:46:30+00:00,2026-04-27T15:23:30+00:00,success,develop,api
pipeline_001801,project_00041,org_0047,2026-03-16T12:40:31+00:00,2026-03-16T14:22:31+00:00,failed,develop,manual
pipeline_001802,project_00170,org_0064,2026-03-03T00:34:57+00:00,2026-03-03T01:58:57+00:00,canceled,feature/api,manual
pipeline_001803,project_00107,org_0094,2026-04-15T14:49:59+00:00,2026-04-15T15:48:59+00:00,canceled,feature/api,api
pipeline_001804,project_00095,org_0082,2026-02-26T07:22:20+00:00,2026-02-26T08:41:20+00:00,success,feature/auth,api
pipeline_001805,project_00116,org_0081,2026-04-30T14:55:31+00:00,2026-04-30T16:44:31+00:00,success,feature/api,push
pipeline_001806,project_00196,org_0023,2026-06-06T22:18:32+00:00,2026-06-06T22:33:32+00:00,canceled,feature/auth,webhook
pipeline_001807,project_00117,org_0066,2026-04-17T11:47:50+00:00,2026-04-17T11:52:50+00:00,failed,develop,webhook
pipeline_001808,project_00170,org_0064,2026-04-10T09:26:03+00:00,2026-04-10T10:42:03+00:00,failed,main,api
pipeline_001809,project_00110,org_0016,2026-05-29T12:17:07+00:00,2026-05-29T13:41:07+00:00,success,develop,webhook
pipeline_001810,project_00159,org_0008,2026-07-15T07:46:20+00:00,2026-07-15T09:39:20+00:00,failed,main,push
pipeline_001811,project_00063,org_0064,2026-03-04T07:12:13+00:00,2026-03-04T08:36:13+00:00,failed,release,scheduled
pipeline_001812,project_00012,org_0052,2026-06-01T11:39:02+00:00,2026-06-01T14:36:02+00:00,canceled,feature/api,webhook
pipeline_001813,project_00072,org_0081,2026-08-24T14:53:56+00:00,2026-08-24T17:24:56+00:00,success,main,push
pipeline_001814,project_00164,org_0006,2026-05-14T02:07:13+00:00,2026-05-14T03:18:13+00:00,success,feature/api,api
pipeline_001815,project_00029,org_0089,2026-07-03T05:52:32+00:00,2026-07-03T06:27:32+00:00,failed,main,api
pipeline_001816,project_00199,org_0090,2026-06-10T16:41:04+00:00,2026-06-10T17:20:04+00:00,failed,release,api
pipeline_001817,project_00147,org_0018,2026-03-19T16:04:55+00:00,2026-03-19T18:28:55+00:00,success,develop,api
pipeline_001818,project_00147,org_0018,2026-08-01T06:32:34+00:00,2026-08-01T09:22:34+00:00,success,release,api
pipeline_001819,project_00177,org_0029,2026-01-09T11:40:25+00:00,2026-01-09T12:16:25+00:00,failed,main,api
pipeline_001820,project_00093,org_0038,2026-06-23T03:32:00+00:00,2026-06-23T04:27:00+00:00,success,feature/api,webhook
pipeline_001821,project_00118,org_0073,2026-05-21T15:59:02+00:00,2026-05-21T17:25:02+00:00,success,feature/auth,api
pipeline_001822,project_00155,org_0066,2026-01-09T23:39:52+00:00,2026-01-10T00:15:52+00:00,success,feature/api,scheduled
pipeline_001823,project_00102,org_0099,2026-07-08T21:10:50+00:00,2026-07-08T21:23:50+00:00,failed,main,manual
pipeline_001824,project_00096,org_0047,2026-01-07T07:00:24+00:00,2026-01-07T09:25:24+00:00,success,main,manual
pipeline_001825,project_00084,org_0081,2026-07-29T06:04:03+00:00,2026-07-29T08:10:03+00:00,success,feature/auth,push
pipeline_001826,project_00189,org_0026,2026-01-30T08:12:03+00:00,2026-01-30T10:37:03+00:00,success,release,push
pipeline_001827,project_00137,org_0014,2026-03-03T10:45:13+00:00,2026-03-03T12:57:13+00:00,failed,main,manual
pipeline_001828,project_00120,org_0030,2026-08-25T21:54:19+00:00,2026-08-26T00:41:19+00:00,on_hold,main,scheduled
pipeline_001829,project_00071,org_0048,2026-06-30T20:46:47+00:00,2026-06-30T22:42:47+00:00,failed,develop,api
pipeline_001830,project_00019,org_0015,2026-03-12T13:19:21+00:00,2026-03-12T16:05:21+00:00,success,feature/api,manual
pipeline_001831,project_00200,org_0024,2026-06-17T22:14:01+00:00,2026-06-17T22:20:01+00:00,success,feature/auth,push
pipeline_001832,project_00160,org_0052,2026-06-01T10:34:26+00:00,2026-06-01T10:39:26+00:00,success,feature/auth,scheduled
pipeline_001833,project_00039,org_0096,2026-04-11T12:41:03+00:00,2026-04-11T13:39:03+00:00,success,feature/auth,manual
pipeline_001834,project_00118,org_0073,2026-03-19T19:13:31+00:00,2026-03-19T21:41:31+00:00,canceled,release,webhook
pipeline_001835,project_00049,org_0073,2026-02-27T14:06:18+00:00,2026-02-27T14:59:18+00:00,success,main,push
pipeline_001836,project_00137,org_0014,2026-08-22T18:18:52+00:00,2026-08-22T18:29:52+00:00,failed,release,api
pipeline_001837,project_00018,org_0047,2026-05-08T04:09:29+00:00,2026-05-08T05:30:29+00:00,canceled,develop,webhook
pipeline_001838,project_00078,org_0062,2026-03-05T09:57:46+00:00,2026-03-05T11:46:46+00:00,on_hold,develop,webhook
pipeline_001839,project_00198,org_0017,2026-05-19T00:03:11+00:00,2026-05-19T00:10:11+00:00,success,feature/api,push
pipeline_001840,project_00097,org_0073,2026-01-10T20:58:04+00:00,2026-01-10T22:52:04+00:00,failed,develop,scheduled
pipeline_001841,project_missing_999,org_0051,2026-06-23T12:35:35+00:00,2026-06-23T14:28:35+00:00,success,develop,scheduled
pipeline_001842,project_00152,org_0021,2026-02-18T09:48:57+00:00,2026-02-18T10:12:57+00:00,canceled,release,manual
pipeline_001843,project_00186,org_0005,2026-07-20T14:05:36+00:00,2026-07-20T14:37:36+00:00,success,develop,push
pipeline_001844,project_00126,org_0016,2026-08-23T21:35:44+00:00,2026-08-23T23:07:44+00:00,failed,feature/auth,scheduled
pipeline_001845,project_00049,org_0073,2026-03-23T16:23:38+00:00,2026-03-23T16:47:38+00:00,failed,feature/auth,scheduled
pipeline_001846,project_00066,org_0081,2026-07-17T13:45:22+00:00,2026-07-17T14:14:22+00:00,canceled,main,push
pipeline_001847,project_00098,org_0088,2026-06-13T02:48:49+00:00,2026-06-13T04:31:49+00:00,canceled,main,api
pipeline_001848,project_00093,org_0038,2026-05-01T09:14:20+00:00,2026-05-01T09:31:20+00:00,success,feature/auth,webhook
pipeline_001849,project_00180,org_0035,2026-02-02T19:08:41+00:00,2026-02-02T21:55:41+00:00,success,feature/api,scheduled
pipeline_001850,project_00005,org_0062,2026-04-17T16:32:23+00:00,2026-04-17T19:18:23+00:00,failed,main,webhook
pipeline_001851,project_00064,org_0044,2026-03-10T21:05:59+00:00,2026-03-10T23:30:59+00:00,success,release,webhook
pipeline_001852,project_00036,org_0011,2026-07-02T10:58:18+00:00,2026-07-02T11:08:18+00:00,success,develop,api
pipeline_001853,project_00096,org_0047,2026-08-28T20:01:48+00:00,2026-08-28T21:48:48+00:00,failed,feature/api,webhook
pipeline_001854,project_00045,org_0057,2026-07-21T09:41:57+00:00,2026-07-21T10:20:57+00:00,failed,develop,api
pipeline_001855,project_00029,org_0089,2026-03-05T01:25:57+00:00,2026-03-05T01:33:57+00:00,success,feature/auth,scheduled
pipeline_001856,project_00161,org_0075,2026-05-25T22:19:41+00:00,2026-05-25T23:27:41+00:00,success,main,push
pipeline_001857,project_00085,org_0088,2026-01-12T01:36:36+00:00,2026-01-12T03:37:36+00:00,success,develop,scheduled
pipeline_001858,project_00012,org_0052,2026-07-29T12:16:14+00:00,2026-07-29T13:53:14+00:00,failed,release,webhook
pipeline_001859,project_00041,org_0047,2026-02-08T21:08:30+00:00,2026-02-08T21:12:30+00:00,success,develop,push
pipeline_001860,project_00108,org_0012,2026-01-26T18:12:02+00:00,2026-01-26T18:41:02+00:00,canceled,feature/api,scheduled
pipeline_001861,project_00138,org_0054,2026-06-21T00:58:23+00:00,2026-06-21T01:33:23+00:00,failed,main,api
pipeline_001862,project_00122,org_0050,2026-07-02T07:56:08+00:00,2026-07-02T09:02:08+00:00,success,release,api
pipeline_001863,project_00158,org_0014,2026-02-07T10:29:49+00:00,2026-02-07T12:32:49+00:00,success,release,webhook
pipeline_001864,project_00033,org_0025,2026-03-27T04:07:40+00:00,2026-03-27T06:19:40+00:00,success,develop,webhook
pipeline_001865,project_00169,org_0005,2026-02-01T22:03:24+00:00,2026-02-01T22:28:24+00:00,failed,feature/auth,manual
pipeline_001866,project_00027,org_0054,2026-04-08T00:06:25+00:00,2026-04-08T01:04:25+00:00,success,feature/auth,api
pipeline_001867,project_00182,org_0031,2026-06-29T11:32:32+00:00,2026-06-29T14:24:32+00:00,success,release,manual
pipeline_001868,project_00069,org_0084,2026-02-21T03:35:56+00:00,2026-02-21T04:59:56+00:00,success,develop,manual
pipeline_001869,project_00189,org_0026,2026-01-14T07:00:10+00:00,2026-01-14T08:39:10+00:00,success,develop,webhook
pipeline_001870,project_00004,org_0044,2026-02-25T12:25:55+00:00,2026-02-25T15:08:55+00:00,success,develop,webhook
pipeline_001871,project_00102,org_0099,2026-05-06T06:13:10+00:00,2026-05-06T06:16:10+00:00,success,feature/api,api
pipeline_001872,project_00049,org_0073,2026-08-13T03:54:27+00:00,2026-08-13T05:38:27+00:00,success,develop,scheduled
pipeline_001873,project_00160,org_0052,2026-04-13T01:31:00+00:00,2026-04-13T03:51:00+00:00,success,feature/auth,manual
pipeline_001874,project_00087,org_0094,2026-05-11T23:26:26+00:00,2026-05-12T00:14:26+00:00,success,feature/api,manual
pipeline_001875,project_00117,org_0066,2026-02-07T11:28:37+00:00,2026-02-07T14:20:37+00:00,failed,release,api
pipeline_001876,project_00017,org_0074,2026-05-22T21:58:55+00:00,2026-05-22T23:48:55+00:00,success,release,webhook
pipeline_001877,project_00025,org_0031,2026-03-30T04:57:32+00:00,2026-03-30T06:55:32+00:00,failed,main,manual
pipeline_001878,project_00183,org_0076,2026-04-25T20:14:56+00:00,2026-04-25T20:47:56+00:00,failed,feature/auth,scheduled
pipeline_001879,project_00112,org_0045,2026-08-03T21:06:58+00:00,2026-08-03T21:28:58+00:00,canceled,release,webhook
pipeline_001880,project_00102,org_0099,2026-07-18T09:58:34+00:00,2026-07-18T10:48:34+00:00,success,develop,push
pipeline_001881,project_00051,org_0038,2026-05-18T10:55:38+00:00,2026-05-18T13:10:38+00:00,success,develop,manual
pipeline_001882,project_00136,org_0098,2026-07-23T21:46:34+00:00,2026-07-23T21:59:34+00:00,failed,feature/auth,manual
pipeline_001883,project_00059,org_0059,2026-07-26T04:04:03+00:00,2026-07-26T04:47:03+00:00,success,main,webhook
pipeline_001884,project_00163,org_0017,2026-08-29T01:53:41+00:00,2026-08-29T02:51:41+00:00,failed,develop,manual
pipeline_001885,project_00157,org_0058,2026-06-14T16:06:47+00:00,2026-06-14T16:58:47+00:00,success,feature/api,api
pipeline_001886,project_00100,org_0028,2026-07-22T15:02:56+00:00,2026-07-22T16:50:56+00:00,failed,feature/api,api
pipeline_001887,project_00035,org_0054,2026-04-27T12:08:21+00:00,2026-04-27T12:09:21+00:00,success,release,api
pipeline_001888,project_00054,org_0032,2026-08-27T02:40:01+00:00,2026-08-27T05:13:01+00:00,canceled,main,scheduled
pipeline_001889,project_00036,org_0011,2026-02-25T20:14:04+00:00,2026-02-25T22:18:04+00:00,failed,develop,scheduled
pipeline_001890,project_00041,org_0047,2026-06-12T17:26:58+00:00,2026-06-12T19:07:58+00:00,success,develop,api
pipeline_001891,project_00019,org_0015,2026-03-29T21:18:57+00:00,2026-03-29T22:29:57+00:00,success,feature/api,push
pipeline_001892,project_00186,org_0005,2026-08-16T13:15:39+00:00,2026-08-16T16:08:39+00:00,success,feature/api,webhook
pipeline_001893,project_00173,org_0032,2026-04-17T23:34:09+00:00,2026-04-18T00:58:09+00:00,success,main,manual
pipeline_001894,project_00080,org_0048,2026-07-23T14:16:47+00:00,2026-07-23T14:43:47+00:00,failed,release,scheduled
pipeline_001895,project_00060,org_0001,2026-06-20T04:59:27+00:00,2026-06-20T06:16:27+00:00,failed,release,manual
pipeline_001896,project_00117,org_0066,2026-03-01T16:22:11+00:00,2026-03-01T16:41:11+00:00,failed,feature/auth,api
pipeline_001897,project_00011,org_0043,2026-05-29T03:51:13+00:00,2026-05-29T04:57:13+00:00,success,feature/api,scheduled
pipeline_001898,project_00150,org_0099,2026-03-07T10:07:25+00:00,2026-03-07T13:05:25+00:00,failed,feature/api,api
pipeline_001899,project_00058,org_0052,2026-07-23T01:12:56+00:00,2026-07-23T01:39:56+00:00,success,release,manual
pipeline_001900,project_00093,org_0038,2026-04-04T17:00:35+00:00,2026-04-04T19:51:35+00:00,success,feature/api,scheduled
pipeline_001901,project_00015,org_0050,2026-02-10T20:26:33+00:00,2026-02-10T21:38:33+00:00,failed,feature/auth,api
pipeline_001902,project_00164,org_0006,2026-07-17T05:15:30+00:00,2026-07-17T06:40:30+00:00,success,feature/auth,api
pipeline_001903,project_00022,org_0045,2026-01-06T00:28:48+00:00,2026-01-06T00:54:48+00:00,failed,feature/api,webhook
pipeline_001904,project_00150,org_0099,2026-07-12T05:30:41+00:00,2026-07-12T06:27:41+00:00,success,feature/auth,push
pipeline_001905,project_00200,org_0024,2026-07-09T11:12:11+00:00,2026-07-09T13:36:11+00:00,success,release,scheduled
pipeline_001906,project_00156,org_0034,2026-07-21T13:07:15+00:00,2026-07-21T15:58:15+00:00,success,release,push
pipeline_001907,project_00152,org_0021,2026-02-08T06:48:06+00:00,2026-02-08T09:16:06+00:00,success,develop,api
pipeline_001908,project_00149,org_0053,2026-08-23T11:52:39+00:00,2026-08-23T13:40:39+00:00,failed,main,api
pipeline_001909,project_00166,org_0064,2026-06-20T23:22:53+00:00,2026-06-21T01:20:53+00:00,success,release,push
pipeline_001910,project_00103,org_0011,2026-06-17T16:38:34+00:00,2026-06-17T19:30:34+00:00,canceled,develop,manual
pipeline_001911,project_00047,org_0081,2026-01-10T09:02:32+00:00,2026-01-10T11:44:32+00:00,canceled,main,api
pipeline_001912,project_00106,org_0082,2026-01-12T00:28:12+00:00,2026-01-12T02:25:12+00:00,failed,feature/auth,api
pipeline_001913,project_00175,org_0065,2026-05-14T14:46:33+00:00,2026-05-14T16:17:33+00:00,on_hold,develop,api
pipeline_001914,project_00115,org_0035,2026-01-19T13:31:12+00:00,2026-01-19T14:55:12+00:00,success,feature/auth,webhook
pipeline_001915,project_00054,org_0032,2026-08-05T21:23:24+00:00,2026-08-05T23:44:24+00:00,success,feature/api,api
pipeline_001916,project_00200,org_0024,2026-03-08T19:41:48+00:00,2026-03-08T21:49:48+00:00,failed,feature/auth,api
pipeline_001917,project_00158,org_0014,2026-07-29T00:42:41+00:00,2026-07-29T01:41:41+00:00,success,feature/auth,push
pipeline_001918,project_00185,org_0064,2026-02-05T02:53:30+00:00,2026-02-05T05:37:30+00:00,success,release,scheduled
pipeline_001919,project_00164,org_0006,2026-03-14T07:26:11+00:00,2026-03-14T09:04:11+00:00,success,feature/api,api
pipeline_001920,project_00087,org_0094,2026-06-20T00:18:13+00:00,2026-06-20T01:51:13+00:00,failed,develop,api
pipeline_001921,project_00005,org_0062,2026-02-13T07:04:28+00:00,2026-02-13T07:53:28+00:00,success,release,manual
pipeline_001922,project_00076,org_0002,2026-08-06T10:50:39+00:00,2026-08-06T13:08:39+00:00,success,release,push
pipeline_001923,project_00051,org_0038,2026-02-06T06:12:45+00:00,2026-02-06T06:36:45+00:00,failed,feature/api,api
pipeline_001924,project_00038,org_0037,2026-05-13T02:33:28+00:00,2026-05-13T04:50:28+00:00,success,develop,scheduled
pipeline_001925,project_00027,org_0054,2026-04-25T03:27:38+00:00,2026-04-25T06:05:38+00:00,success,main,api
pipeline_001926,project_00058,org_0052,2026-06-21T20:44:05+00:00,2026-06-21T20:55:05+00:00,success,develop,api
pipeline_001927,project_00007,org_0039,2026-07-12T01:00:29+00:00,2026-07-12T01:58:29+00:00,failed,develop,webhook
pipeline_001928,project_00058,org_0052,2026-06-21T00:24:52+00:00,2026-06-21T03:10:52+00:00,failed,develop,push
pipeline_001929,project_00076,org_0002,2026-04-05T15:15:50+00:00,2026-04-05T15:21:50+00:00,failed,feature/api,scheduled
pipeline_001930,project_00107,org_0094,2026-08-05T01:18:00+00:00,2026-08-05T03:40:00+00:00,on_hold,develop,scheduled
pipeline_001931,project_00048,org_0018,2026-07-21T09:26:08+00:00,2026-07-21T11:55:08+00:00,success,release,scheduled
pipeline_001932,project_00192,org_0047,2026-04-12T13:17:04+00:00,2026-04-12T14:51:04+00:00,failed,feature/auth,scheduled
pipeline_001933,project_00095,org_0082,2026-05-22T13:31:17+00:00,2026-05-22T14:32:17+00:00,success,feature/auth,push
pipeline_001934,project_00178,org_0061,2026-02-22T05:33:49+00:00,2026-02-22T06:56:49+00:00,failed,develop,manual
pipeline_001935,project_00149,org_0053,2026-02-20T00:10:25+00:00,2026-02-20T00:35:25+00:00,on_hold,release,scheduled
pipeline_001936,project_00138,org_0054,2026-05-02T17:53:23+00:00,2026-05-02T18:20:23+00:00,failed,release,webhook
pipeline_001937,project_00185,org_0064,2026-05-16T06:47:24+00:00,2026-05-16T09:47:24+00:00,success,release,webhook
pipeline_001938,project_00120,org_0030,2026-04-15T12:30:19+00:00,2026-04-15T14:58:19+00:00,failed,feature/api,manual
pipeline_001939,project_00113,org_0017,2026-07-13T01:36:53+00:00,2026-07-13T04:08:53+00:00,success,develop,push
pipeline_001940,project_00144,org_0031,2026-06-24T04:01:38+00:00,2026-06-24T06:25:38+00:00,success,feature/auth,scheduled
pipeline_001941,project_00181,org_0050,2026-02-27T10:20:33+00:00,2026-02-27T10:37:33+00:00,success,main,api
pipeline_001942,project_00146,org_0035,2026-04-08T20:55:21+00:00,2026-04-08T21:03:21+00:00,failed,feature/api,scheduled
pipeline_001943,project_00181,org_0050,2026-02-21T18:58:31+00:00,2026-02-21T20:40:31+00:00,success,feature/api,api
pipeline_001944,project_00138,org_0054,2026-04-29T07:38:49+00:00,2026-04-29T09:03:49+00:00,success,release,scheduled
pipeline_001945,project_00037,org_0005,2026-07-29T13:33:14+00:00,2026-07-29T16:28:14+00:00,success,main,manual
pipeline_001946,project_00014,org_0026,2026-05-20T04:03:34+00:00,2026-05-20T06:34:34+00:00,success,main,manual
pipeline_001947,project_00017,org_0074,2026-07-25T17:49:57+00:00,2026-07-25T19:35:57+00:00,failed,develop,webhook
pipeline_001948,project_00154,org_0012,2026-03-11T15:34:39+00:00,2026-03-11T16:21:39+00:00,success,feature/api,push
pipeline_001949,project_00085,org_0088,2026-02-04T14:31:32+00:00,2026-02-04T14:56:32+00:00,canceled,release,scheduled
pipeline_001950,project_00105,org_0020,2026-05-29T01:53:13+00:00,2026-05-29T04:52:13+00:00,success,feature/auth,webhook
pipeline_001951,project_00025,org_0031,2026-05-01T20:33:04+00:00,2026-05-01T22:04:04+00:00,success,feature/api,api
pipeline_001952,project_00128,org_0060,2026-02-05T05:42:24+00:00,2026-02-05T06:30:24+00:00,success,develop,webhook
pipeline_001953,project_00090,org_0077,2026-02-01T16:16:21+00:00,2026-02-01T17:43:21+00:00,success,main,manual
pipeline_001954,project_00066,org_0081,2026-01-08T22:08:55+00:00,2026-01-09T00:44:55+00:00,success,release,push
pipeline_001955,project_00175,org_0065,2026-05-25T21:58:55+00:00,2026-05-25T22:23:55+00:00,success,release,push
pipeline_001956,project_00002,org_0014,2026-05-07T22:33:10+00:00,2026-05-08T00:12:10+00:00,success,release,manual
pipeline_001957,project_00096,org_0047,2026-01-27T22:45:16+00:00,2026-01-27T23:30:16+00:00,success,release,scheduled
pipeline_001958,project_00047,org_0081,2026-07-27T20:33:21+00:00,2026-07-27T21:29:21+00:00,on_hold,main,webhook
pipeline_001959,project_00154,org_0012,2026-05-26T07:30:04+00:00,2026-05-26T09:57:04+00:00,success,feature/api,webhook
pipeline_001960,project_00130,org_0026,2026-02-27T19:22:48+00:00,2026-02-27T21:16:48+00:00,success,main,manual
pipeline_001961,project_00031,org_0041,2026-05-02T00:55:53+00:00,2026-05-02T02:10:53+00:00,success,develop,manual
pipeline_001962,project_00133,org_0098,2026-03-07T00:08:38+00:00,2026-03-07T00:34:38+00:00,success,release,webhook
pipeline_001963,project_00157,org_0058,2026-05-12T00:45:54+00:00,2026-05-12T02:42:54+00:00,canceled,release,scheduled
pipeline_001964,project_00115,org_0035,2026-02-15T04:45:19+00:00,2026-02-15T07:37:19+00:00,success,feature/auth,webhook
pipeline_001965,project_00094,org_0050,2026-02-24T21:46:11+00:00,2026-02-24T22:48:11+00:00,canceled,feature/api,webhook
pipeline_001966,project_00104,org_0040,2026-01-17T03:39:01+00:00,2026-01-17T05:11:01+00:00,success,feature/api,manual
pipeline_001967,project_00026,org_0048,2026-07-21T21:17:43+00:00,2026-07-21T21:41:43+00:00,success,feature/auth,manual
pipeline_001968,project_00145,org_0051,2026-08-12T08:11:50+00:00,2026-08-12T11:11:50+00:00,success,feature/api,manual
pipeline_001969,project_00165,org_0074,2026-03-20T00:49:22+00:00,2026-03-20T02:02:22+00:00,success,feature/api,webhook
pipeline_001970,project_00075,org_0017,2026-06-15T13:34:58+00:00,2026-06-15T15:18:58+00:00,success,main,scheduled
pipeline_001971,project_00007,org_0039,2026-07-10T18:40:59+00:00,2026-07-10T19:07:59+00:00,success,feature/api,manual
pipeline_001972,project_00100,org_0028,2026-04-29T19:10:19+00:00,2026-04-29T21:18:19+00:00,on_hold,feature/auth,push
pipeline_001973,project_00136,org_0098,2026-01-17T04:02:36+00:00,2026-01-17T04:51:36+00:00,canceled,feature/auth,manual
pipeline_001974,project_00192,org_0047,2026-08-10T20:40:05+00:00,2026-08-10T22:59:05+00:00,success,feature/auth,push
pipeline_001975,project_00137,org_0014,2026-01-11T20:38:06+00:00,2026-01-11T20:51:06+00:00,canceled,feature/api,webhook
pipeline_001976,project_00091,org_0085,2026-07-28T20:19:14+00:00,2026-07-28T20:33:14+00:00,failed,feature/api,manual
pipeline_001977,project_00135,org_0045,2026-03-11T05:47:03+00:00,2026-03-11T07:58:03+00:00,success,main,webhook
pipeline_001978,project_00026,org_0048,2026-06-27T13:43:38+00:00,2026-06-27T14:31:38+00:00,failed,feature/auth,push
pipeline_001979,project_00183,org_0076,2026-03-21T01:45:58+00:00,2026-03-21T03:52:58+00:00,success,release,push
pipeline_001980,project_00012,org_0052,2026-05-29T03:43:57+00:00,2026-05-29T04:36:57+00:00,canceled,main,api
pipeline_001981,project_00002,org_0014,2026-04-04T08:34:22+00:00,2026-04-04T11:23:22+00:00,failed,feature/auth,webhook
pipeline_001982,project_00100,org_0028,2026-03-30T16:34:46+00:00,2026-03-30T18:10:46+00:00,canceled,feature/api,push
pipeline_001983,project_00040,org_0015,2026-02-25T00:27:16+00:00,2026-02-25T03:01:16+00:00,success,feature/auth,scheduled
pipeline_001984,project_00175,org_0065,2026-08-10T13:48:56+00:00,2026-08-10T16:29:56+00:00,success,feature/auth,scheduled
pipeline_001985,project_00177,org_0029,2026-01-04T23:19:34+00:00,2026-01-05T01:06:34+00:00,failed,feature/api,api
pipeline_001986,project_00049,org_0073,2026-07-09T14:30:27+00:00,2026-07-09T15:35:27+00:00,success,feature/api,push
pipeline_001987,project_00179,org_0021,2026-06-24T10:10:41+00:00,2026-06-24T10:43:41+00:00,success,develop,push
pipeline_001988,project_00164,org_0006,2026-02-14T10:06:08+00:00,2026-02-14T10:36:08+00:00,success,feature/api,push
pipeline_001989,project_00047,org_0081,2026-07-28T12:38:26+00:00,2026-07-28T14:02:26+00:00,success,feature/auth,scheduled
pipeline_001990,project_00073,org_0055,2026-07-28T06:18:22+00:00,2026-07-28T07:32:22+00:00,success,release,api
pipeline_001991,project_00028,org_0055,2026-02-16T08:53:42+00:00,2026-02-16T10:35:42+00:00,failed,develop,push
pipeline_001992,project_00143,org_0010,2026-07-13T09:23:27+00:00,2026-07-13T10:15:27+00:00,success,main,scheduled
pipeline_001993,project_00123,org_0071,2026-02-12T11:09:32+00:00,2026-02-12T11:38:32+00:00,success,feature/api,webhook
pipeline_001994,project_00022,org_0045,2026-01-27T04:13:01+00:00,2026-01-27T05:15:01+00:00,success,feature/auth,scheduled
pipeline_001995,project_00190,org_0042,2026-02-25T10:36:27+00:00,2026-02-25T12:30:27+00:00,success,main,manual
pipeline_001996,project_00197,org_0023,2026-03-15T09:19:21+00:00,2026-03-15T10:13:21+00:00,failed,main,manual
pipeline_001997,project_00004,org_0044,2026-03-01T07:21:55+00:00,2026-03-01T08:49:55+00:00,failed,feature/auth,webhook
pipeline_001998,project_00090,org_0077,2026-06-29T10:28:56+00:00,2026-06-29T11:20:56+00:00,canceled,main,scheduled
pipeline_001999,project_00098,org_0088,2026-03-01T10:58:20+00:00,2026-03-01T12:13:20+00:00,success,develop,webhook
pipeline_002000,project_00161,org_0075,2026-03-17T11:22:17+00:00,2026-03-17T12:48:17+00:00,success,feature/api,push
pipeline_002001,project_00113,org_0017,2026-01-27T22:41:43+00:00,2026-01-27T23:44:43+00:00,success,feature/auth,manual
pipeline_002002,project_00042,org_0070,2026-02-25T16:14:39+00:00,2026-02-25T18:35:39+00:00,canceled,main,push
pipeline_002003,project_00176,org_0024,2026-01-26T07:04:05+00:00,2026-01-26T08:49:05+00:00,success,main,manual
pipeline_002004,project_00185,org_0064,2026-03-07T23:43:29+00:00,2026-03-08T01:06:29+00:00,success,develop,push
pipeline_002005,project_00176,org_0024,2026-04-01T17:53:14+00:00,2026-04-01T17:55:14+00:00,success,release,push
pipeline_002006,project_00100,org_0028,2026-08-09T04:24:05+00:00,2026-08-09T04:55:05+00:00,failed,main,manual
pipeline_002007,project_00140,org_0030,2026-01-29T17:01:18+00:00,2026-01-29T17:07:18+00:00,success,feature/api,manual
pipeline_002008,project_00166,org_0064,2026-05-30T22:17:27+00:00,2026-05-30T23:30:27+00:00,success,feature/api,scheduled
pipeline_002009,project_00192,org_0047,2026-04-03T07:14:09+00:00,2026-04-03T10:09:09+00:00,success,feature/auth,api
pipeline_002010,project_00163,org_0017,2026-06-26T16:45:39+00:00,2026-06-26T18:48:39+00:00,canceled,develop,scheduled
pipeline_002011,project_00138,org_0054,2026-05-20T20:42:10+00:00,2026-05-20T21:40:10+00:00,success,develop,scheduled
pipeline_002012,project_00066,org_0081,2026-03-04T06:15:34+00:00,2026-03-04T07:50:34+00:00,failed,feature/api,api
pipeline_002013,project_00037,org_0005,2026-01-17T12:38:25+00:00,2026-01-17T14:36:25+00:00,success,release,webhook
pipeline_002014,project_00103,org_0011,2026-02-18T13:18:36+00:00,2026-02-18T15:59:36+00:00,success,feature/api,scheduled
pipeline_002015,project_00107,org_0094,2026-06-28T20:55:51+00:00,2026-06-28T22:51:51+00:00,success,feature/api,scheduled
pipeline_002016,project_00094,org_0050,2026-05-12T04:32:11+00:00,2026-05-12T05:56:11+00:00,success,develop,manual
pipeline_002017,project_00053,org_0084,2026-04-06T12:57:09+00:00,2026-04-06T13:53:09+00:00,failed,release,webhook
pipeline_002018,project_00187,org_0078,2026-08-29T08:20:41+00:00,2026-08-29T09:54:41+00:00,canceled,release,scheduled
pipeline_002019,project_00096,org_0047,2026-04-30T04:30:21+00:00,2026-04-30T05:25:21+00:00,success,feature/api,push
pipeline_002020,project_00139,org_0092,2026-06-25T15:55:34+00:00,2026-06-25T17:12:34+00:00,canceled,release,scheduled
pipeline_002021,project_00014,org_0026,2026-03-19T10:38:00+00:00,2026-03-19T11:34:00+00:00,success,develop,scheduled
pipeline_002022,project_00133,org_0098,2026-06-17T16:31:00+00:00,2026-06-17T17:18:00+00:00,canceled,main,webhook
pipeline_002023,project_00099,org_0003,2026-08-09T08:29:06+00:00,2026-08-09T11:20:06+00:00,success,release,webhook
pipeline_002024,project_00165,org_0074,2026-06-06T01:45:37+00:00,2026-06-06T04:13:37+00:00,failed,develop,webhook
pipeline_002025,project_00106,org_0082,2026-05-03T21:54:25+00:00,2026-05-03T23:54:25+00:00,success,develop,scheduled
pipeline_002026,project_00081,org_0100,2026-08-26T00:56:57+00:00,2026-08-26T03:33:57+00:00,success,main,push
pipeline_002027,project_00017,org_0074,2026-02-03T07:14:54+00:00,2026-02-03T07:20:54+00:00,success,main,api
pipeline_002028,project_00024,org_0011,2026-05-02T16:06:38+00:00,2026-05-02T17:38:38+00:00,success,develop,webhook
pipeline_002029,project_00079,org_0012,2026-01-26T15:22:47+00:00,2026-01-26T16:55:47+00:00,success,feature/auth,manual
pipeline_002030,project_00115,org_0035,2026-07-04T12:08:05+00:00,2026-07-04T13:35:05+00:00,failed,feature/auth,api
pipeline_002031,project_00026,org_0048,2026-08-07T05:10:17+00:00,2026-08-07T05:51:17+00:00,canceled,develop,webhook
pipeline_002032,project_00107,org_0094,2026-02-15T23:56:42+00:00,2026-02-16T02:13:42+00:00,canceled,feature/api,webhook
pipeline_002033,project_00144,org_0031,2026-08-03T12:00:24+00:00,2026-08-03T14:41:24+00:00,success,feature/auth,webhook
pipeline_002034,project_00030,org_0063,2026-02-26T22:50:32+00:00,2026-02-27T00:44:32+00:00,success,main,webhook
pipeline_002035,project_00098,org_0088,2026-07-03T14:56:14+00:00,2026-07-03T16:34:14+00:00,success,main,manual
pipeline_002036,project_00177,org_0029,2026-05-21T17:39:56+00:00,2026-05-21T19:32:56+00:00,success,develop,scheduled
pipeline_002037,project_00006,org_0057,2026-07-10T23:36:03+00:00,2026-07-11T02:28:03+00:00,success,feature/auth,push
pipeline_002038,project_00095,org_0082,2026-01-27T18:06:04+00:00,2026-01-27T18:52:04+00:00,success,feature/auth,scheduled
pipeline_002039,project_00039,org_0096,2026-02-13T02:19:56+00:00,2026-02-13T05:11:56+00:00,success,feature/auth,api
pipeline_002040,project_missing_999,org_0076,2026-02-02T06:17:37+00:00,2026-02-02T07:48:37+00:00,success,feature/api,push
pipeline_002041,project_00160,org_0052,2026-08-18T06:12:24+00:00,2026-08-18T07:59:24+00:00,on_hold,feature/auth,api
pipeline_002042,project_00050,org_0077,2026-07-19T09:26:50+00:00,2026-07-19T10:38:50+00:00,on_hold,main,scheduled
pipeline_002043,project_00082,org_0009,2026-03-06T19:27:08+00:00,2026-03-06T19:41:08+00:00,success,feature/auth,api
pipeline_002044,project_00115,org_0035,2026-06-18T03:23:00+00:00,2026-06-18T04:50:00+00:00,success,feature/api,push
pipeline_002045,project_00086,org_0013,2026-08-03T02:14:49+00:00,2026-08-03T02:23:49+00:00,success,release,push
pipeline_002046,project_00189,org_0026,2026-08-11T18:49:47+00:00,2026-08-11T18:54:47+00:00,success,develop,scheduled
pipeline_002047,project_00098,org_0088,2026-05-31T20:07:25+00:00,2026-05-31T20:17:25+00:00,success,feature/auth,scheduled
pipeline_002048,project_00086,org_0013,2026-05-23T10:46:00+00:00,2026-05-23T12:58:00+00:00,failed,feature/api,scheduled
pipeline_002049,project_00182,org_0031,2026-05-13T20:52:13+00:00,2026-05-13T21:26:13+00:00,canceled,feature/auth,manual
pipeline_002050,project_00050,org_0077,2026-07-09T20:13:47+00:00,2026-07-09T21:26:47+00:00,success,feature/api,push
pipeline_002051,project_00171,org_0008,2026-05-04T17:41:49+00:00,2026-05-04T19:52:49+00:00,failed,main,webhook
pipeline_002052,project_00196,org_0023,2026-02-11T13:46:28+00:00,2026-02-11T14:49:28+00:00,success,feature/auth,push
pipeline_002053,project_00040,org_0015,2026-08-11T02:34:35+00:00,2026-08-11T03:35:35+00:00,failed,main,push
pipeline_002054,project_00186,org_0005,2026-01-06T05:20:13+00:00,2026-01-06T06:48:13+00:00,failed,release,push
pipeline_002055,project_00040,org_0015,2026-08-15T07:40:10+00:00,2026-08-15T10:21:10+00:00,canceled,feature/api,api
pipeline_002056,project_00171,org_0008,2026-02-11T02:25:57+00:00,2026-02-11T05:02:57+00:00,success,develop,webhook
pipeline_002057,project_00191,org_0076,2026-02-01T12:25:30+00:00,2026-02-01T13:13:30+00:00,success,main,push
pipeline_002058,project_00111,org_0090,2026-04-01T12:25:24+00:00,2026-04-01T13:19:24+00:00,success,main,scheduled
pipeline_002059,project_00083,org_0057,2026-08-31T21:37:57+00:00,2026-08-31T23:53:57+00:00,success,develop,scheduled
pipeline_002060,project_00155,org_0066,2026-03-14T06:15:01+00:00,2026-03-14T08:16:01+00:00,success,release,push
pipeline_002061,project_00114,org_0099,2026-03-13T19:39:08+00:00,2026-03-13T21:49:08+00:00,success,develop,webhook
pipeline_002062,project_00068,org_0055,2026-02-25T21:10:40+00:00,2026-02-25T23:29:40+00:00,success,develop,push
pipeline_002063,project_00180,org_0035,2026-01-30T10:19:06+00:00,2026-01-30T11:08:06+00:00,success,feature/auth,webhook
pipeline_002064,project_00042,org_0070,2026-06-03T06:34:19+00:00,2026-06-03T09:17:19+00:00,failed,feature/auth,manual
pipeline_002065,project_00106,org_0082,2026-07-16T18:21:42+00:00,2026-07-16T21:05:42+00:00,success,feature/api,api
pipeline_002066,project_00089,org_0083,2026-04-04T12:08:43+00:00,2026-04-04T14:24:43+00:00,success,feature/auth,api
pipeline_002067,project_00194,org_0042,2026-03-04T15:05:27+00:00,2026-03-04T15:22:27+00:00,success,feature/api,api
pipeline_002068,project_00188,org_0062,2026-01-24T11:00:21+00:00,2026-01-24T13:39:21+00:00,failed,feature/api,push
pipeline_002069,project_00173,org_0032,2026-06-23T04:23:15+00:00,2026-06-23T04:27:15+00:00,on_hold,main,api
pipeline_002070,project_00151,org_0060,2026-05-21T09:14:08+00:00,2026-05-21T12:13:08+00:00,success,main,manual
pipeline_002071,project_00068,org_0055,2026-05-04T21:53:30+00:00,2026-05-04T23:49:30+00:00,success,feature/api,api
pipeline_002072,project_00128,org_0060,2026-04-27T14:30:23+00:00,2026-04-27T16:36:23+00:00,success,develop,webhook
pipeline_002073,project_00151,org_0060,2026-03-08T05:40:07+00:00,2026-03-08T05:51:07+00:00,success,feature/api,scheduled
pipeline_002074,project_00119,org_0033,2026-05-06T23:19:36+00:00,2026-05-07T01:03:36+00:00,success,feature/api,scheduled
pipeline_002075,project_00040,org_0015,2026-02-25T04:18:30+00:00,2026-02-25T05:57:30+00:00,success,main,webhook
pipeline_002076,project_00082,org_0009,2026-05-29T03:26:24+00:00,2026-05-29T06:08:24+00:00,success,feature/auth,push
pipeline_002077,project_00112,org_0045,2026-03-09T02:25:33+00:00,2026-03-09T03:04:33+00:00,success,develop,webhook
pipeline_002078,project_00025,org_0031,2026-01-07T08:45:35+00:00,2026-01-07T10:26:35+00:00,success,feature/auth,api
pipeline_002079,project_00051,org_0038,2026-01-09T10:04:42+00:00,2026-01-09T12:12:42+00:00,success,feature/auth,manual
pipeline_002080,project_00072,org_0081,2026-03-30T10:41:02+00:00,2026-03-30T11:30:02+00:00,success,feature/api,scheduled
pipeline_002081,project_00112,org_0045,2026-03-04T01:38:11+00:00,2026-03-04T03:43:11+00:00,canceled,main,api
pipeline_002082,project_00028,org_0055,2026-01-26T23:36:35+00:00,2026-01-27T00:59:35+00:00,failed,release,api
pipeline_002083,project_00037,org_0005,2026-04-02T07:46:45+00:00,2026-04-02T09:59:45+00:00,canceled,develop,scheduled
pipeline_002084,project_00126,org_0016,2026-01-06T00:52:00+00:00,2026-01-06T02:11:00+00:00,success,feature/auth,api
pipeline_002085,project_00176,org_0024,2026-08-29T04:39:11+00:00,2026-08-29T06:29:11+00:00,success,release,webhook
pipeline_002086,project_00136,org_0098,2026-04-20T11:28:17+00:00,2026-04-20T12:56:17+00:00,failed,develop,api
pipeline_002087,project_00145,org_0051,2026-07-03T21:33:16+00:00,2026-07-03T21:50:16+00:00,success,feature/auth,scheduled
pipeline_002088,project_00064,org_0044,2026-03-23T08:16:16+00:00,2026-03-23T09:40:16+00:00,success,feature/auth,scheduled
pipeline_002089,project_00072,org_0081,2026-08-04T12:56:07+00:00,2026-08-04T14:24:07+00:00,success,feature/auth,webhook
pipeline_002090,project_00033,org_0025,2026-05-05T23:41:55+00:00,2026-05-06T02:23:55+00:00,success,develop,manual
pipeline_002091,project_00157,org_0058,2026-04-03T01:10:00+00:00,2026-04-03T02:14:00+00:00,success,feature/api,push
pipeline_002092,project_00081,org_0100,2026-07-18T10:29:48+00:00,2026-07-18T10:54:48+00:00,success,develop,manual
pipeline_002093,project_00083,org_0057,2026-02-01T13:50:32+00:00,2026-02-01T16:06:32+00:00,success,release,api
pipeline_002094,project_00018,org_0047,2026-06-24T13:30:11+00:00,2026-06-24T15:10:11+00:00,failed,feature/auth,webhook
pipeline_002095,project_00094,org_0050,2026-01-23T22:07:04+00:00,2026-01-24T00:09:04+00:00,success,main,api
pipeline_002096,project_00092,org_0078,2026-08-30T00:54:02+00:00,2026-08-30T02:58:02+00:00,success,feature/auth,api
pipeline_002097,project_00125,org_0035,2026-05-03T00:15:38+00:00,2026-05-03T02:50:38+00:00,failed,develop,webhook
pipeline_002098,project_00153,org_0006,2026-08-23T23:46:03+00:00,2026-08-24T00:17:03+00:00,success,main,webhook
pipeline_002099,project_00135,org_0045,2026-07-15T18:49:30+00:00,2026-07-15T20:02:30+00:00,success,feature/api,scheduled
pipeline_002100,project_00180,org_0035,2026-01-05T05:43:33+00:00,2026-01-05T07:00:33+00:00,success,develop,api
pipeline_002101,project_00007,org_0039,2026-01-12T04:38:00+00:00,2026-01-12T07:25:00+00:00,success,feature/api,push
pipeline_002102,project_00095,org_0082,2026-06-30T13:33:00+00:00,2026-06-30T14:11:00+00:00,success,feature/api,manual
pipeline_002103,project_00041,org_0047,2026-08-19T15:02:13+00:00,2026-08-19T16:56:13+00:00,failed,main,api
pipeline_002104,project_00117,org_0066,2026-04-18T04:02:07+00:00,2026-04-18T04:53:07+00:00,failed,feature/api,api
pipeline_002105,project_00042,org_0070,2026-08-16T18:23:34+00:00,2026-08-16T18:56:34+00:00,success,main,push
pipeline_002106,project_00014,org_0026,2026-05-07T19:33:18+00:00,2026-05-07T21:55:18+00:00,success,develop,api
pipeline_002107,project_00185,org_0064,2026-05-26T15:31:26+00:00,2026-05-26T17:52:26+00:00,success,feature/api,api
pipeline_002108,project_00102,org_0099,2026-03-11T03:03:56+00:00,2026-03-11T04:27:56+00:00,success,main,api
pipeline_002109,project_00083,org_0057,2026-08-08T15:55:53+00:00,2026-08-08T18:21:53+00:00,success,release,push
pipeline_002110,project_00186,org_0005,2026-02-21T05:05:14+00:00,2026-02-21T07:13:14+00:00,success,main,webhook
pipeline_002111,project_00039,org_0096,2026-02-09T17:04:08+00:00,2026-02-09T19:18:08+00:00,success,develop,push
pipeline_002112,project_00194,org_0042,2026-05-20T22:23:49+00:00,2026-05-20T23:55:49+00:00,success,feature/api,api
pipeline_002113,project_00193,org_0076,2026-01-28T00:30:00+00:00,2026-01-28T02:37:00+00:00,success,main,manual
pipeline_002114,project_00107,org_0094,2026-06-03T18:53:45+00:00,2026-06-03T21:51:45+00:00,success,main,webhook
pipeline_002115,project_00115,org_0035,2026-03-03T18:33:03+00:00,2026-03-03T19:03:03+00:00,failed,feature/auth,webhook
pipeline_002116,project_00062,org_0051,2026-01-22T22:45:01+00:00,2026-01-23T01:31:01+00:00,success,main,push
pipeline_002117,project_00165,org_0074,2026-03-29T13:59:51+00:00,2026-03-29T16:02:51+00:00,success,develop,webhook
pipeline_002118,project_00040,org_0015,2026-02-23T11:12:23+00:00,2026-02-23T13:21:23+00:00,success,feature/api,scheduled
pipeline_002119,project_00005,org_0062,2026-07-18T03:50:46+00:00,2026-07-18T05:05:46+00:00,success,feature/api,manual
pipeline_002120,project_00018,org_0047,2026-01-16T14:02:20+00:00,2026-01-16T14:54:20+00:00,success,develop,webhook
pipeline_002121,project_00150,org_0099,2026-07-10T20:47:10+00:00,2026-07-10T20:49:10+00:00,success,main,manual
pipeline_002122,project_missing_999,org_0082,2026-07-17T17:36:33+00:00,2026-07-17T18:19:33+00:00,success,develop,manual
pipeline_002123,project_00002,org_0014,2026-08-30T20:50:26+00:00,2026-08-30T22:03:26+00:00,success,feature/auth,manual
pipeline_002124,project_00100,org_0028,2026-03-04T02:02:02+00:00,2026-03-04T02:54:02+00:00,failed,feature/auth,api
pipeline_002125,project_00051,org_0038,2026-05-08T00:24:08+00:00,2026-05-08T01:31:08+00:00,success,feature/auth,scheduled
pipeline_002126,project_00008,org_0003,2026-06-23T00:45:57+00:00,2026-06-23T03:20:57+00:00,canceled,release,scheduled
pipeline_002127,project_00053,org_0084,2026-03-13T18:45:34+00:00,2026-03-13T19:14:34+00:00,success,main,webhook
pipeline_002128,project_00052,org_0018,2026-08-10T10:42:51+00:00,2026-08-10T11:59:51+00:00,failed,develop,manual
pipeline_002129,project_00078,org_0062,2026-05-21T04:11:20+00:00,2026-05-21T06:10:20+00:00,success,develop,manual
pipeline_002130,project_00065,org_0044,2026-03-26T04:46:44+00:00,2026-03-26T06:57:44+00:00,success,main,webhook
pipeline_002131,project_00047,org_0081,2026-05-10T16:28:19+00:00,2026-05-10T17:21:19+00:00,success,feature/api,api
pipeline_002132,project_00118,org_0073,2026-06-01T18:05:41+00:00,2026-06-01T20:40:41+00:00,failed,feature/api,scheduled
pipeline_002133,project_00144,org_0031,2026-08-20T18:01:24+00:00,2026-08-20T19:15:24+00:00,failed,develop,push
pipeline_002134,project_00158,org_0014,2026-02-11T15:45:01+00:00,2026-02-11T15:46:01+00:00,failed,release,push
pipeline_002135,project_00003,org_0015,2026-04-17T12:01:16+00:00,2026-04-17T12:02:16+00:00,success,feature/api,manual
pipeline_002136,project_00041,org_0047,2026-02-07T18:16:27+00:00,2026-02-07T18:30:27+00:00,success,develop,scheduled
pipeline_002137,project_00190,org_0042,2026-05-25T18:56:35+00:00,2026-05-25T19:16:35+00:00,success,main,api
pipeline_002138,project_00198,org_0017,2026-01-14T14:09:21+00:00,2026-01-14T14:40:21+00:00,success,feature/auth,scheduled
pipeline_002139,project_00053,org_0084,2026-02-16T17:30:37+00:00,2026-02-16T20:13:37+00:00,failed,main,scheduled
pipeline_002140,project_00045,org_0057,2026-01-06T13:41:46+00:00,2026-01-06T14:10:46+00:00,success,develop,scheduled
pipeline_002141,project_00149,org_0053,2026-08-05T11:45:44+00:00,2026-08-05T12:55:44+00:00,success,release,scheduled
pipeline_002142,project_00017,org_0074,2026-03-01T12:48:41+00:00,2026-03-01T13:44:41+00:00,success,feature/api,push
pipeline_002143,project_00010,org_0067,2026-07-13T04:19:20+00:00,2026-07-13T06:10:20+00:00,failed,feature/api,webhook
pipeline_002144,project_00004,org_0044,2026-08-12T23:47:57+00:00,2026-08-12T23:59:57+00:00,success,feature/auth,api
pipeline_002145,project_00185,org_0064,2026-07-06T02:11:56+00:00,2026-07-06T03:03:56+00:00,failed,main,api
pipeline_002146,project_00049,org_0073,2026-04-02T04:40:01+00:00,2026-04-02T07:37:01+00:00,success,main,push
pipeline_002147,project_00145,org_0051,2026-06-19T01:42:17+00:00,2026-06-19T04:06:17+00:00,canceled,feature/api,webhook
pipeline_002148,project_00184,org_0073,2026-01-19T08:49:01+00:00,2026-01-19T10:03:01+00:00,success,release,api
pipeline_002149,project_00117,org_0066,2026-07-03T11:47:16+00:00,2026-07-03T14:07:16+00:00,success,feature/auth,manual
pipeline_002150,project_00139,org_0092,2026-02-26T13:58:56+00:00,2026-02-26T15:21:56+00:00,failed,feature/auth,scheduled
pipeline_002151,project_00045,org_0057,2026-08-14T07:57:57+00:00,2026-08-14T09:40:57+00:00,success,feature/auth,api
pipeline_002152,project_00038,org_0037,2026-07-12T01:10:24+00:00,2026-07-12T04:03:24+00:00,success,feature/auth,scheduled
pipeline_002153,project_00023,org_0023,2026-08-22T20:27:44+00:00,2026-08-22T21:32:44+00:00,failed,feature/auth,api
pipeline_002154,project_00166,org_0064,2026-07-01T04:36:33+00:00,2026-07-01T06:32:33+00:00,failed,develop,push
pipeline_002155,project_00088,org_0041,2026-07-16T15:33:03+00:00,2026-07-16T18:14:03+00:00,success,feature/auth,manual
pipeline_002156,project_00162,org_0009,2026-03-03T21:58:34+00:00,2026-03-04T00:25:34+00:00,success,develop,scheduled
pipeline_002157,project_00021,org_0079,2026-06-12T17:08:23+00:00,2026-06-12T17:37:23+00:00,on_hold,release,push
pipeline_002158,project_00134,org_0053,2026-02-10T07:37:43+00:00,2026-02-10T10:05:43+00:00,success,release,webhook
pipeline_002159,project_00190,org_0042,2026-03-30T01:45:52+00:00,2026-03-30T04:41:52+00:00,failed,feature/auth,scheduled
pipeline_002160,project_00030,org_0063,2026-05-07T09:45:41+00:00,2026-05-07T11:21:41+00:00,success,feature/api,manual
pipeline_002161,project_missing_999,org_0005,2026-06-02T13:09:31+00:00,2026-06-02T14:06:31+00:00,success,feature/api,push
pipeline_002162,project_00058,org_0052,2026-06-26T04:21:45+00:00,2026-06-26T05:01:45+00:00,failed,develop,push
pipeline_002163,project_00130,org_0026,2026-02-11T20:46:36+00:00,2026-02-11T22:53:36+00:00,success,main,api
pipeline_002164,project_00062,org_0051,2026-06-07T17:18:41+00:00,2026-06-07T18:36:41+00:00,failed,release,push
pipeline_002165,project_00049,org_0073,2026-01-10T03:05:17+00:00,2026-01-10T03:10:17+00:00,success,main,webhook
pipeline_002166,project_00048,org_0018,2026-01-28T16:54:04+00:00,2026-01-28T17:12:04+00:00,success,main,scheduled
pipeline_002167,project_00092,org_0078,2026-06-06T12:14:23+00:00,2026-06-06T12:17:23+00:00,success,feature/auth,api
pipeline_002168,project_00100,org_0028,2026-05-26T14:28:11+00:00,2026-05-26T15:22:11+00:00,success,release,manual
pipeline_002169,project_00123,org_0071,2026-08-27T18:22:51+00:00,2026-08-27T20:54:51+00:00,success,feature/api,push
pipeline_002170,project_00128,org_0060,2026-05-05T03:11:05+00:00,2026-05-05T04:41:05+00:00,success,feature/api,scheduled
pipeline_002171,project_00193,org_0076,2026-07-29T08:00:19+00:00,2026-07-29T08:26:19+00:00,success,release,manual
pipeline_002172,project_00090,org_0077,2026-07-10T10:00:21+00:00,2026-07-10T10:07:21+00:00,success,feature/api,push
pipeline_002173,project_00122,org_0050,2026-04-08T22:16:04+00:00,2026-04-09T00:36:04+00:00,success,develop,push
pipeline_002174,project_00117,org_0066,2026-05-28T12:28:08+00:00,2026-05-28T13:55:08+00:00,success,feature/api,push
pipeline_002175,project_00083,org_0057,2026-05-01T07:40:18+00:00,2026-05-01T10:02:18+00:00,failed,feature/api,webhook
pipeline_002176,project_00158,org_0014,2026-06-09T11:08:07+00:00,2026-06-09T11:33:07+00:00,success,develop,manual
pipeline_002177,project_00173,org_0032,2026-01-11T23:10:34+00:00,2026-01-12T01:20:34+00:00,success,release,webhook
pipeline_002178,project_00119,org_0033,2026-04-17T16:46:23+00:00,2026-04-17T19:45:23+00:00,success,release,push
pipeline_002179,project_00065,org_0044,2026-08-16T10:45:24+00:00,2026-08-16T11:16:24+00:00,success,feature/api,webhook
pipeline_002180,project_00116,org_0081,2026-04-24T22:35:17+00:00,2026-04-24T23:17:17+00:00,success,release,api
pipeline_002181,project_00110,org_0016,2026-02-12T14:14:27+00:00,2026-02-12T17:10:27+00:00,success,main,webhook
pipeline_002182,project_00124,org_0032,2026-07-08T20:09:17+00:00,2026-07-08T21:13:17+00:00,success,develop,scheduled
pipeline_002183,project_00012,org_0052,2026-04-28T09:25:20+00:00,2026-04-28T10:12:20+00:00,success,release,scheduled
pipeline_002184,project_00059,org_0059,2026-06-22T16:35:28+00:00,2026-06-22T19:35:28+00:00,canceled,main,push
pipeline_002185,project_00043,org_0095,2026-02-24T01:29:15+00:00,2026-02-24T02:03:15+00:00,failed,release,manual
pipeline_002186,project_00007,org_0039,2026-06-20T03:21:45+00:00,2026-06-20T05:29:45+00:00,success,feature/api,push
pipeline_002187,project_00182,org_0031,2026-07-23T22:59:16+00:00,2026-07-24T01:57:16+00:00,success,release,push
pipeline_002188,project_00108,org_0012,2026-07-03T22:48:45+00:00,2026-07-03T22:57:45+00:00,success,release,scheduled
pipeline_002189,project_00018,org_0047,2026-01-26T07:28:41+00:00,2026-01-26T07:51:41+00:00,success,feature/auth,scheduled
pipeline_002190,project_00103,org_0011,2026-07-16T22:38:27+00:00,2026-07-16T23:41:27+00:00,canceled,develop,push
pipeline_002191,project_00007,org_0039,2026-03-04T21:54:21+00:00,2026-03-04T22:17:21+00:00,success,develop,scheduled
pipeline_002192,project_00169,org_0005,2026-08-01T00:19:58+00:00,2026-08-01T01:55:58+00:00,success,feature/api,push
pipeline_002193,project_00169,org_0005,2026-03-14T01:04:48+00:00,2026-03-14T03:34:48+00:00,success,release,push
pipeline_002194,project_00060,org_0001,2026-03-20T14:56:43+00:00,2026-03-20T15:34:43+00:00,success,feature/api,push
pipeline_002195,project_00096,org_0047,2026-01-24T07:11:04+00:00,2026-01-24T09:22:04+00:00,failed,main,manual
pipeline_002196,project_00171,org_0008,2026-04-14T06:15:04+00:00,2026-04-14T08:45:04+00:00,success,feature/auth,webhook
pipeline_002197,project_00082,org_0009,2026-04-05T15:13:34+00:00,2026-04-05T17:16:34+00:00,failed,develop,scheduled
pipeline_002198,project_00123,org_0071,2026-07-05T22:07:39+00:00,2026-07-05T23:02:39+00:00,success,feature/api,manual
pipeline_002199,project_00163,org_0017,2026-07-30T06:14:24+00:00,2026-07-30T06:33:24+00:00,success,develop,manual
pipeline_002200,project_00038,org_0037,2026-01-27T09:45:00+00:00,2026-01-27T11:48:00+00:00,success,main,manual
pipeline_002201,project_00043,org_0095,2026-04-06T22:50:20+00:00,2026-04-07T01:31:20+00:00,failed,feature/auth,webhook
pipeline_002202,project_00068,org_0055,2026-06-07T19:50:34+00:00,2026-06-07T20:06:34+00:00,failed,main,api
pipeline_002203,project_00200,org_0024,2026-06-03T06:12:26+00:00,2026-06-03T06:20:26+00:00,success,feature/auth,scheduled
pipeline_002204,project_00116,org_0081,2026-08-24T12:23:52+00:00,2026-08-24T13:21:52+00:00,failed,develop,scheduled
pipeline_002205,project_00158,org_0014,2026-07-17T21:19:29+00:00,2026-07-17T23:04:29+00:00,success,develop,webhook
pipeline_002206,project_00154,org_0012,2026-07-22T10:28:52+00:00,2026-07-22T11:42:52+00:00,success,main,scheduled
pipeline_002207,project_00154,org_0012,2026-01-13T00:08:22+00:00,2026-01-13T01:55:22+00:00,success,main,webhook
pipeline_002208,project_00198,org_0017,2026-01-16T12:20:50+00:00,2026-01-16T13:55:50+00:00,success,feature/auth,scheduled
pipeline_002209,project_00167,org_0023,2026-05-13T14:50:55+00:00,2026-05-13T16:08:55+00:00,failed,release,api
pipeline_002210,project_00079,org_0012,2026-07-02T11:53:46+00:00,2026-07-02T14:04:46+00:00,success,release,manual
pipeline_002211,project_00175,org_0065,2026-08-24T00:55:03+00:00,2026-08-24T03:29:03+00:00,success,release,webhook
pipeline_002212,project_00121,org_0032,2026-05-11T21:46:08+00:00,2026-05-11T22:10:08+00:00,success,feature/auth,manual
pipeline_002213,project_00133,org_0098,2026-08-28T08:57:13+00:00,2026-08-28T11:39:13+00:00,success,feature/auth,api
pipeline_002214,project_00074,org_0001,2026-08-19T20:31:29+00:00,2026-08-19T22:43:29+00:00,success,feature/auth,webhook
pipeline_002215,project_00145,org_0051,2026-03-16T06:44:01+00:00,2026-03-16T08:14:01+00:00,on_hold,develop,api
pipeline_002216,project_00133,org_0098,2026-06-09T19:49:25+00:00,2026-06-09T21:01:25+00:00,success,feature/api,webhook
pipeline_002217,project_00197,org_0023,2026-08-27T02:04:29+00:00,2026-08-27T02:40:29+00:00,failed,feature/auth,webhook
pipeline_002218,project_00176,org_0024,2026-05-21T09:18:08+00:00,2026-05-21T11:37:08+00:00,success,develop,scheduled
pipeline_002219,project_00149,org_0053,2026-07-21T23:48:05+00:00,2026-07-22T00:33:05+00:00,success,feature/auth,webhook
pipeline_002220,project_00053,org_0084,2026-08-21T06:59:14+00:00,2026-08-21T09:42:14+00:00,failed,develop,scheduled
pipeline_002221,project_00096,org_0047,2026-04-06T09:28:23+00:00,2026-04-06T11:09:23+00:00,success,feature/auth,manual
pipeline_002222,project_00118,org_0073,2026-07-28T17:00:40+00:00,2026-07-28T18:28:40+00:00,success,release,push
pipeline_002223,project_00065,org_0044,2026-02-18T07:45:53+00:00,2026-02-18T09:22:53+00:00,failed,feature/api,push
pipeline_002224,project_00018,org_0047,2026-03-15T08:56:14+00:00,2026-03-15T10:02:14+00:00,canceled,feature/api,manual
pipeline_002225,project_00150,org_0099,2026-04-18T14:40:53+00:00,2026-04-18T16:51:53+00:00,success,develop,api
pipeline_002226,project_00014,org_0026,2026-06-16T02:31:15+00:00,2026-06-16T05:12:15+00:00,on_hold,release,push
pipeline_002227,project_00122,org_0050,2026-06-19T18:44:25+00:00,2026-06-19T20:24:25+00:00,success,develop,webhook
pipeline_002228,project_00032,org_0046,2026-05-21T07:53:08+00:00,2026-05-21T08:07:08+00:00,success,main,api
pipeline_002229,project_00028,org_0055,2026-08-02T00:18:13+00:00,2026-08-02T02:36:13+00:00,success,main,scheduled
pipeline_002230,project_00053,org_0084,2026-01-16T12:14:36+00:00,2026-01-16T15:04:36+00:00,success,main,push
pipeline_002231,project_00087,org_0094,2026-08-31T11:27:25+00:00,2026-08-31T12:38:25+00:00,success,develop,webhook
pipeline_002232,project_00057,org_0049,2026-08-29T03:05:04+00:00,2026-08-29T05:40:04+00:00,success,feature/auth,manual
pipeline_002233,project_00091,org_0085,2026-04-02T19:03:23+00:00,2026-04-02T19:42:23+00:00,success,release,api
pipeline_002234,project_00196,org_0023,2026-03-27T09:21:30+00:00,2026-03-27T10:05:30+00:00,failed,feature/api,webhook
pipeline_002235,project_00139,org_0092,2026-08-28T08:18:03+00:00,2026-08-28T08:23:03+00:00,canceled,main,manual
pipeline_002236,project_00190,org_0042,2026-08-27T12:07:39+00:00,2026-08-27T13:17:39+00:00,failed,main,push
pipeline_002237,project_00064,org_0044,2026-06-07T19:56:35+00:00,2026-06-07T20:53:35+00:00,success,release,webhook
pipeline_002238,project_00045,org_0057,2026-03-27T13:43:57+00:00,2026-03-27T14:55:57+00:00,success,develop,api
pipeline_002239,project_00112,org_0045,2026-08-14T02:36:49+00:00,2026-08-14T05:10:49+00:00,failed,feature/api,webhook
pipeline_002240,project_00060,org_0001,2026-02-08T23:29:04+00:00,2026-02-08T23:50:04+00:00,success,feature/api,scheduled
pipeline_002241,project_00039,org_0096,2026-05-30T07:34:17+00:00,2026-05-30T10:12:17+00:00,failed,main,manual
pipeline_002242,project_00196,org_0023,2026-04-16T12:38:41+00:00,2026-04-16T13:31:41+00:00,failed,feature/api,scheduled
pipeline_002243,project_00135,org_0045,2026-05-13T22:21:44+00:00,2026-05-13T23:44:44+00:00,success,release,manual
pipeline_002244,project_00100,org_0028,2026-06-21T17:30:16+00:00,2026-06-21T20:06:16+00:00,success,develop,push
pipeline_002245,project_00154,org_0012,2026-05-27T16:05:10+00:00,2026-05-27T16:49:10+00:00,failed,develop,webhook
pipeline_002246,project_00081,org_0100,2026-05-18T04:40:22+00:00,2026-05-18T06:24:22+00:00,success,feature/auth,webhook
pipeline_002247,project_00098,org_0088,2026-08-22T04:27:56+00:00,2026-08-22T06:28:56+00:00,canceled,release,webhook
pipeline_002248,project_00166,org_0064,2026-01-26T03:00:02+00:00,2026-01-26T04:56:02+00:00,failed,main,scheduled
pipeline_002249,project_00147,org_0018,2026-05-15T01:20:58+00:00,2026-05-15T02:53:58+00:00,success,feature/api,scheduled
pipeline_002250,project_00186,org_0005,2026-06-22T22:45:13+00:00,2026-06-23T00:34:13+00:00,success,feature/auth,api
pipeline_002251,project_00059,org_0059,2026-04-15T12:23:43+00:00,2026-04-15T13:57:43+00:00,canceled,feature/auth,scheduled
pipeline_002252,project_00041,org_0047,2026-03-07T10:55:19+00:00,2026-03-07T11:52:19+00:00,failed,release,manual
pipeline_002253,project_00136,org_0098,2026-03-18T00:10:12+00:00,2026-03-18T00:20:12+00:00,on_hold,feature/auth,push
pipeline_002254,project_00195,org_0082,2026-03-30T18:31:18+00:00,2026-03-30T18:55:18+00:00,failed,develop,push
pipeline_002255,project_00158,org_0014,2026-08-03T16:41:36+00:00,2026-08-03T16:54:36+00:00,success,release,api
pipeline_002256,project_00116,org_0081,2026-02-27T21:03:14+00:00,2026-02-27T22:19:14+00:00,success,feature/api,api
pipeline_002257,project_00048,org_0018,2026-03-30T23:15:40+00:00,2026-03-31T01:00:40+00:00,success,release,push
pipeline_002258,project_00060,org_0001,2026-02-05T20:01:40+00:00,2026-02-05T22:40:40+00:00,success,develop,api
pipeline_002259,project_00141,org_0059,2026-07-02T15:01:56+00:00,2026-07-02T16:50:56+00:00,failed,develop,push
pipeline_002260,project_00051,org_0038,2026-08-23T00:57:32+00:00,2026-08-23T01:17:32+00:00,success,main,api
pipeline_002261,project_00046,org_0095,2026-07-27T08:48:20+00:00,2026-07-27T09:20:20+00:00,failed,release,api
pipeline_002262,project_00186,org_0005,2026-03-11T11:41:32+00:00,2026-03-11T12:21:32+00:00,success,develop,webhook
pipeline_002263,project_00003,org_0015,2026-05-07T09:40:24+00:00,2026-05-07T10:24:24+00:00,failed,release,push
pipeline_002264,project_00129,org_0012,2026-07-15T22:22:17+00:00,2026-07-15T22:37:17+00:00,success,develop,push
pipeline_002265,project_00121,org_0032,2026-03-02T13:10:51+00:00,2026-03-02T13:44:51+00:00,success,release,api
pipeline_002266,project_00147,org_0018,2026-04-19T11:03:02+00:00,2026-04-19T13:02:02+00:00,success,develop,push
pipeline_002267,project_00183,org_0076,2026-04-07T09:31:46+00:00,2026-04-07T10:13:46+00:00,success,main,push
pipeline_002268,project_00097,org_0073,2026-02-22T18:43:10+00:00,2026-02-22T18:44:10+00:00,success,release,scheduled
pipeline_002269,project_00174,org_0062,2026-06-03T09:49:28+00:00,2026-06-03T12:10:28+00:00,success,feature/api,manual
pipeline_002270,project_00120,org_0030,2026-07-21T19:32:46+00:00,2026-07-21T21:03:46+00:00,failed,release,scheduled
pipeline_002271,project_00193,org_0076,2026-04-08T15:29:44+00:00,2026-04-08T17:44:44+00:00,canceled,develop,manual
pipeline_002272,project_00128,org_0060,2026-02-19T00:38:26+00:00,2026-02-19T00:48:26+00:00,success,release,api
pipeline_002273,project_00077,org_0016,2026-02-14T20:52:31+00:00,2026-02-14T23:27:31+00:00,canceled,feature/api,scheduled
pipeline_002274,project_00077,org_0016,2026-05-26T02:25:21+00:00,2026-05-26T02:32:21+00:00,success,develop,push
pipeline_002275,project_00056,org_0074,2026-06-19T03:30:14+00:00,2026-06-19T06:14:14+00:00,failed,feature/api,manual
pipeline_002276,project_00195,org_0082,2026-02-24T07:27:03+00:00,2026-02-24T10:14:03+00:00,failed,feature/api,webhook
pipeline_002277,project_00037,org_0005,2026-01-07T08:39:15+00:00,2026-01-07T09:38:15+00:00,canceled,feature/auth,scheduled
pipeline_002278,project_00103,org_0011,2026-07-01T02:41:17+00:00,2026-07-01T04:41:17+00:00,success,develop,scheduled
pipeline_002279,project_00034,org_0084,2026-06-11T11:32:13+00:00,2026-06-11T11:46:13+00:00,success,develop,push
pipeline_002280,project_00076,org_0002,2026-05-26T06:15:53+00:00,2026-05-26T06:29:53+00:00,success,feature/api,scheduled
pipeline_002281,project_00020,org_0068,2026-08-21T07:58:04+00:00,2026-08-21T09:14:04+00:00,success,release,manual
pipeline_002282,project_00123,org_0071,2026-01-16T17:42:53+00:00,2026-01-16T19:45:53+00:00,success,feature/auth,webhook
pipeline_002283,project_00080,org_0048,2026-07-16T18:56:59+00:00,2026-07-16T19:39:59+00:00,success,main,webhook
pipeline_002284,project_00191,org_0076,2026-08-07T02:23:57+00:00,2026-08-07T03:33:57+00:00,success,release,webhook
pipeline_002285,project_00162,org_0009,2026-07-22T08:55:13+00:00,2026-07-22T10:31:13+00:00,success,feature/api,api
pipeline_002286,project_00157,org_0058,2026-06-28T18:13:22+00:00,2026-06-28T19:42:22+00:00,success,feature/auth,api
pipeline_002287,project_00014,org_0026,2026-07-20T18:45:58+00:00,2026-07-20T21:15:58+00:00,success,feature/api,scheduled
pipeline_002288,project_00111,org_0090,2026-07-19T14:33:46+00:00,2026-07-19T14:43:46+00:00,success,release,manual
pipeline_002289,project_00130,org_0026,2026-01-27T03:10:50+00:00,2026-01-27T03:50:50+00:00,canceled,feature/api,api
pipeline_002290,project_00170,org_0064,2026-06-20T19:48:21+00:00,2026-06-20T22:31:21+00:00,success,develop,webhook
pipeline_002291,project_00024,org_0011,2026-08-28T13:41:08+00:00,2026-08-28T15:20:08+00:00,success,develop,push
pipeline_002292,project_00012,org_0052,2026-04-28T15:19:42+00:00,2026-04-28T15:23:42+00:00,canceled,develop,scheduled
pipeline_002293,project_00146,org_0035,2026-03-17T05:04:54+00:00,2026-03-17T06:51:54+00:00,failed,develop,scheduled
pipeline_002294,project_00141,org_0059,2026-08-09T15:53:06+00:00,2026-08-09T16:59:06+00:00,on_hold,develop,push
pipeline_002295,project_00017,org_0074,2026-03-05T10:55:06+00:00,2026-03-05T11:05:06+00:00,success,feature/api,push
pipeline_002296,project_00057,org_0049,2026-07-01T20:56:02+00:00,2026-07-01T21:39:02+00:00,canceled,feature/api,push
pipeline_002297,project_00021,org_0079,2026-06-28T11:50:27+00:00,2026-06-28T13:18:27+00:00,success,feature/auth,scheduled
pipeline_002298,project_00067,org_0021,2026-08-13T02:26:05+00:00,2026-08-13T04:49:05+00:00,success,feature/auth,api
pipeline_002299,project_00135,org_0045,2026-03-02T10:16:53+00:00,2026-03-02T13:07:53+00:00,success,release,manual
pipeline_002300,project_00175,org_0065,2026-04-19T08:08:19+00:00,2026-04-19T10:41:19+00:00,failed,develop,webhook
pipeline_002301,project_00006,org_0057,2026-06-18T11:59:34+00:00,2026-06-18T14:03:34+00:00,success,release,api
pipeline_002302,project_00128,org_0060,2026-06-07T04:09:43+00:00,2026-06-07T04:23:43+00:00,canceled,feature/auth,api
pipeline_002303,project_00028,org_0055,2026-02-27T11:11:55+00:00,2026-02-27T13:34:55+00:00,success,develop,webhook
pipeline_002304,project_00119,org_0033,2026-03-01T12:28:13+00:00,2026-03-01T12:54:13+00:00,success,release,api
pipeline_002305,project_00106,org_0082,2026-06-05T06:52:43+00:00,2026-06-05T08:40:43+00:00,success,feature/auth,push
pipeline_002306,project_00063,org_0064,2026-03-05T02:06:05+00:00,2026-03-05T04:46:05+00:00,success,main,api
pipeline_002307,project_00015,org_0050,2026-06-19T04:18:16+00:00,2026-06-19T06:02:16+00:00,failed,develop,scheduled
pipeline_002308,project_00122,org_0050,2026-01-12T21:10:15+00:00,2026-01-12T22:36:15+00:00,canceled,main,api
pipeline_002309,project_00061,org_0082,2026-07-08T22:41:40+00:00,2026-07-09T00:47:40+00:00,canceled,feature/api,manual
pipeline_002310,project_00055,org_0032,2026-06-07T09:50:05+00:00,2026-06-07T11:41:05+00:00,failed,feature/auth,webhook
pipeline_002311,project_00157,org_0058,2026-03-06T00:55:38+00:00,2026-03-06T02:22:38+00:00,success,feature/auth,manual
pipeline_002312,project_00097,org_0073,2026-02-02T04:28:56+00:00,2026-02-02T04:54:56+00:00,success,main,webhook
pipeline_002313,project_00139,org_0092,2026-06-16T10:18:24+00:00,2026-06-16T12:25:24+00:00,failed,develop,push
pipeline_002314,project_00001,org_0020,2026-07-02T23:58:41+00:00,2026-07-03T00:44:41+00:00,success,feature/auth,api
pipeline_002315,project_00174,org_0062,2026-05-19T17:48:57+00:00,2026-05-19T20:39:57+00:00,success,main,webhook
pipeline_002316,project_00080,org_0048,2026-05-09T05:08:38+00:00,2026-05-09T05:34:38+00:00,success,release,push
pipeline_002317,project_00011,org_0043,2026-08-27T14:16:53+00:00,2026-08-27T14:17:53+00:00,failed,develop,webhook
pipeline_002318,project_00101,org_0065,2026-07-10T10:29:14+00:00,2026-07-10T10:57:14+00:00,success,feature/auth,manual
pipeline_002319,project_00135,org_0045,2026-01-28T20:08:12+00:00,2026-01-28T22:45:12+00:00,success,main,scheduled
pipeline_002320,project_00156,org_0034,2026-04-11T23:12:35+00:00,2026-04-11T23:53:35+00:00,success,release,push
pipeline_002321,project_00128,org_0060,2026-08-24T12:50:12+00:00,2026-08-24T13:48:12+00:00,success,main,scheduled
pipeline_002322,project_00087,org_0094,2026-03-05T05:28:00+00:00,2026-03-05T08:26:00+00:00,success,feature/api,api
pipeline_002323,project_00131,org_0095,2026-04-29T23:50:36+00:00,2026-04-30T01:06:36+00:00,success,feature/api,scheduled
pipeline_002324,project_00061,org_0082,2026-05-01T03:07:41+00:00,2026-05-01T05:58:41+00:00,success,develop,scheduled
pipeline_002325,project_00039,org_0096,2026-03-02T06:44:48+00:00,2026-03-02T06:54:48+00:00,success,release,push
pipeline_002326,project_00038,org_0037,2026-02-11T19:35:56+00:00,2026-02-11T21:30:56+00:00,success,main,api
pipeline_002327,project_00198,org_0017,2026-05-10T05:15:06+00:00,2026-05-10T08:12:06+00:00,success,develop,scheduled
pipeline_002328,project_00112,org_0045,2026-06-09T04:21:49+00:00,2026-06-09T04:53:49+00:00,canceled,release,manual
pipeline_002329,project_00078,org_0062,2026-03-23T11:12:56+00:00,2026-03-23T13:14:56+00:00,success,feature/auth,webhook
pipeline_002330,project_00101,org_0065,2026-03-16T08:48:11+00:00,2026-03-16T10:17:11+00:00,success,main,api
pipeline_002331,project_00100,org_0028,2026-03-14T10:53:18+00:00,2026-03-14T13:01:18+00:00,success,feature/api,api
pipeline_002332,project_00116,org_0081,2026-02-21T14:44:53+00:00,2026-02-21T16:08:53+00:00,failed,feature/api,api
pipeline_002333,project_00193,org_0076,2026-08-09T00:48:12+00:00,2026-08-09T03:48:12+00:00,success,develop,api
pipeline_002334,project_00107,org_0094,2026-02-06T04:50:21+00:00,2026-02-06T06:55:21+00:00,failed,feature/auth,webhook
pipeline_002335,project_00011,org_0043,2026-02-24T12:04:22+00:00,2026-02-24T13:06:22+00:00,success,feature/api,api
pipeline_002336,project_00052,org_0018,2026-03-12T02:30:08+00:00,2026-03-12T04:17:08+00:00,success,main,api
pipeline_002337,project_00183,org_0076,2026-05-14T04:38:48+00:00,2026-05-14T07:16:48+00:00,success,main,push
pipeline_002338,project_00124,org_0032,2026-07-14T14:22:30+00:00,2026-07-14T15:14:30+00:00,success,feature/auth,manual
pipeline_002339,project_00071,org_0048,2026-07-26T04:03:31+00:00,2026-07-26T05:44:31+00:00,failed,release,manual
pipeline_002340,project_00157,org_0058,2026-03-18T09:00:48+00:00,2026-03-18T10:52:48+00:00,failed,main,scheduled
pipeline_002341,project_00185,org_0064,2026-08-18T12:17:15+00:00,2026-08-18T14:38:15+00:00,success,feature/api,push
pipeline_002342,project_00073,org_0055,2026-05-10T04:06:25+00:00,2026-05-10T04:11:25+00:00,success,main,scheduled
pipeline_002343,project_00107,org_0094,2026-06-30T00:32:04+00:00,2026-06-30T03:08:04+00:00,success,feature/auth,manual
pipeline_002344,project_00058,org_0052,2026-06-24T11:30:44+00:00,2026-06-24T12:38:44+00:00,success,main,webhook
pipeline_002345,project_00172,org_0018,2026-08-14T01:55:31+00:00,2026-08-14T03:01:31+00:00,success,main,manual
pipeline_002346,project_00059,org_0059,2026-01-16T17:53:55+00:00,2026-01-16T18:50:55+00:00,canceled,feature/api,webhook
pipeline_002347,project_00102,org_0099,2026-01-01T20:58:31+00:00,2026-01-01T22:49:31+00:00,success,main,api
pipeline_002348,project_00138,org_0054,2026-08-01T06:10:38+00:00,2026-08-01T07:57:38+00:00,success,feature/auth,manual
pipeline_002349,project_00170,org_0064,2026-01-20T21:10:42+00:00,2026-01-20T23:18:42+00:00,on_hold,develop,manual
pipeline_002350,project_00170,org_0064,2026-08-03T12:21:41+00:00,2026-08-03T13:35:41+00:00,failed,develop,scheduled
pipeline_002351,project_00144,org_0031,2026-05-08T14:39:23+00:00,2026-05-08T15:25:23+00:00,success,develop,push
pipeline_002352,project_00176,org_0024,2026-06-16T19:14:04+00:00,2026-06-16T19:35:04+00:00,success,develop,scheduled
pipeline_002353,project_00006,org_0057,2026-02-08T15:02:01+00:00,2026-02-08T15:36:01+00:00,canceled,feature/auth,webhook
pipeline_002354,project_00169,org_0005,2026-04-24T12:35:18+00:00,2026-04-24T15:27:18+00:00,success,develop,scheduled
pipeline_002355,project_00053,org_0084,2026-03-05T15:43:36+00:00,2026-03-05T17:16:36+00:00,success,feature/auth,api
pipeline_002356,project_00139,org_0092,2026-08-02T02:04:28+00:00,2026-08-02T04:48:28+00:00,success,develop,push
pipeline_002357,project_00001,org_0020,2026-04-04T00:46:51+00:00,2026-04-04T01:03:51+00:00,failed,feature/auth,webhook
pipeline_002358,project_00030,org_0063,2026-06-25T06:20:33+00:00,2026-06-25T07:47:33+00:00,success,release,scheduled
pipeline_002359,project_00131,org_0095,2026-02-17T10:01:52+00:00,2026-02-17T12:05:52+00:00,success,feature/auth,push
pipeline_002360,project_00092,org_0078,2026-02-05T17:46:57+00:00,2026-02-05T19:17:57+00:00,success,develop,manual
pipeline_002361,project_00065,org_0044,2026-01-08T01:53:34+00:00,2026-01-08T04:32:34+00:00,failed,main,push
pipeline_002362,project_00042,org_0070,2026-02-26T15:04:30+00:00,2026-02-26T16:32:30+00:00,success,release,webhook
pipeline_002363,project_00123,org_0071,2026-05-17T11:07:23+00:00,2026-05-17T11:15:23+00:00,success,feature/api,scheduled
pipeline_002364,project_00027,org_0054,2026-07-19T00:05:53+00:00,2026-07-19T01:49:53+00:00,success,develop,manual
pipeline_002365,project_00164,org_0006,2026-07-07T17:49:48+00:00,2026-07-07T20:20:48+00:00,failed,main,webhook
pipeline_002366,project_00169,org_0005,2026-07-11T23:54:38+00:00,2026-07-12T02:17:38+00:00,failed,feature/api,api
pipeline_002367,project_00165,org_0074,2026-05-24T06:07:30+00:00,2026-05-24T06:58:30+00:00,failed,main,scheduled
pipeline_002368,project_00049,org_0073,2026-01-02T10:41:20+00:00,2026-01-02T13:08:20+00:00,success,feature/auth,api
pipeline_002369,project_00107,org_0094,2026-01-03T21:19:31+00:00,2026-01-03T22:40:31+00:00,failed,main,webhook
pipeline_002370,project_00025,org_0031,2026-08-19T22:31:32+00:00,2026-08-20T00:45:32+00:00,success,main,manual
pipeline_002371,project_00035,org_0054,2026-07-03T20:41:08+00:00,2026-07-03T22:48:08+00:00,success,release,api
pipeline_002372,project_00031,org_0041,2026-08-31T16:55:26+00:00,2026-08-31T17:04:26+00:00,failed,feature/auth,webhook
pipeline_002373,project_00080,org_0048,2026-07-28T13:57:45+00:00,2026-07-28T15:46:45+00:00,success,main,push
pipeline_002374,project_00077,org_0016,2026-02-23T04:10:55+00:00,2026-02-23T07:09:55+00:00,success,feature/api,webhook
pipeline_002375,project_00072,org_0081,2026-05-13T00:28:53+00:00,2026-05-13T02:14:53+00:00,on_hold,release,api
pipeline_002376,project_00020,org_0068,2026-07-13T12:22:18+00:00,2026-07-13T13:41:18+00:00,failed,feature/api,push
pipeline_002377,project_00007,org_0039,2026-04-21T17:50:21+00:00,2026-04-21T19:14:21+00:00,success,main,webhook
pipeline_002378,project_00135,org_0045,2026-08-23T03:29:42+00:00,2026-08-23T06:03:42+00:00,failed,feature/auth,push
pipeline_002379,project_00025,org_0031,2026-04-13T14:31:15+00:00,2026-04-13T15:57:15+00:00,success,main,webhook
pipeline_002380,project_00148,org_0022,2026-03-24T10:52:37+00:00,2026-03-24T13:22:37+00:00,failed,develop,push
pipeline_002381,project_00071,org_0048,2026-05-01T23:17:00+00:00,2026-05-02T01:38:00+00:00,failed,main,manual
pipeline_002382,project_00148,org_0022,2026-08-01T01:41:28+00:00,2026-08-01T02:58:28+00:00,canceled,feature/auth,push
pipeline_002383,project_00104,org_0040,2026-01-16T19:42:01+00:00,2026-01-16T21:02:01+00:00,canceled,feature/api,push
pipeline_002384,project_00169,org_0005,2026-05-10T10:16:09+00:00,2026-05-10T11:25:09+00:00,failed,develop,push
pipeline_002385,project_00025,org_0031,2026-08-17T11:23:35+00:00,2026-08-17T11:25:35+00:00,success,feature/api,push
pipeline_002386,project_00121,org_0032,2026-05-21T05:57:31+00:00,2026-05-21T07:41:31+00:00,success,feature/auth,webhook
pipeline_002387,project_00152,org_0021,2026-08-06T22:40:27+00:00,2026-08-06T23:44:27+00:00,success,develop,webhook
pipeline_002388,project_00167,org_0023,2026-08-09T23:36:22+00:00,2026-08-10T02:36:22+00:00,failed,main,scheduled
pipeline_002389,project_00056,org_0074,2026-02-19T04:34:12+00:00,2026-02-19T05:18:12+00:00,failed,release,webhook
pipeline_002390,project_00105,org_0020,2026-01-03T01:16:25+00:00,2026-01-03T04:11:25+00:00,success,feature/auth,manual
pipeline_002391,project_00187,org_0078,2026-03-14T20:05:32+00:00,2026-03-14T22:12:32+00:00,success,main,scheduled
pipeline_002392,project_00055,org_0032,2026-08-27T03:58:42+00:00,2026-08-27T06:49:42+00:00,success,release,api
pipeline_002393,project_00089,org_0083,2026-02-22T21:34:26+00:00,2026-02-22T23:18:26+00:00,on_hold,feature/api,manual
pipeline_002394,project_00074,org_0001,2026-04-15T14:37:09+00:00,2026-04-15T15:41:09+00:00,success,main,scheduled
pipeline_002395,project_00066,org_0081,2026-08-24T01:23:38+00:00,2026-08-24T03:31:38+00:00,success,main,scheduled
pipeline_002396,project_00152,org_0021,2026-03-16T05:47:10+00:00,2026-03-16T06:52:10+00:00,success,release,webhook
pipeline_002397,project_00165,org_0074,2026-08-14T07:53:39+00:00,2026-08-14T08:24:39+00:00,canceled,develop,webhook
pipeline_002398,project_00183,org_0076,2026-01-16T14:44:56+00:00,2026-01-16T15:44:56+00:00,on_hold,main,push
pipeline_002399,project_00176,org_0024,2026-06-03T07:02:44+00:00,2026-06-03T07:37:44+00:00,canceled,feature/auth,push
pipeline_002400,project_00148,org_0022,2026-01-02T02:15:45+00:00,2026-01-02T05:02:45+00:00,success,main,push
pipeline_002401,project_00106,org_0082,2026-02-11T12:52:49+00:00,2026-02-11T14:20:49+00:00,success,develop,webhook
pipeline_002402,project_00186,org_0005,2026-02-17T20:43:07+00:00,2026-02-17T22:18:07+00:00,success,feature/api,scheduled
pipeline_002403,project_00169,org_0005,2026-07-21T12:10:51+00:00,2026-07-21T15:05:51+00:00,success,develop,webhook
pipeline_002404,project_00053,org_0084,2026-06-01T03:42:35+00:00,2026-06-01T05:13:35+00:00,success,develop,scheduled
pipeline_002405,project_00126,org_0016,2026-04-17T08:54:33+00:00,2026-04-17T10:46:33+00:00,success,main,scheduled
pipeline_002406,project_00119,org_0033,2026-03-03T14:18:24+00:00,2026-03-03T14:34:24+00:00,failed,main,scheduled
pipeline_002407,project_00135,org_0045,2026-04-23T06:21:17+00:00,2026-04-23T07:14:17+00:00,success,feature/auth,webhook
pipeline_002408,project_00073,org_0055,2026-04-19T11:31:35+00:00,2026-04-19T12:17:35+00:00,success,main,scheduled
pipeline_002409,project_00196,org_0023,2026-07-25T16:09:30+00:00,2026-07-25T16:26:30+00:00,success,feature/auth,api
pipeline_002410,project_00165,org_0074,2026-03-29T02:46:27+00:00,2026-03-29T04:42:27+00:00,success,feature/auth,scheduled
pipeline_002411,project_00100,org_0028,2026-04-15T17:13:20+00:00,2026-04-15T17:55:20+00:00,success,feature/api,webhook
pipeline_002412,project_00005,org_0062,2026-04-02T00:57:42+00:00,2026-04-02T03:43:42+00:00,success,develop,manual
pipeline_002413,project_00131,org_0095,2026-02-26T04:37:43+00:00,2026-02-26T05:06:43+00:00,success,feature/auth,manual
pipeline_002414,project_00066,org_0081,2026-02-08T09:12:18+00:00,2026-02-08T10:22:18+00:00,failed,release,api
pipeline_002415,project_00192,org_0047,2026-06-06T18:53:38+00:00,2026-06-06T18:59:38+00:00,success,main,webhook
pipeline_002416,project_00073,org_0055,2026-04-08T21:43:50+00:00,2026-04-08T22:46:50+00:00,failed,release,manual
pipeline_002417,project_00148,org_0022,2026-07-25T19:12:21+00:00,2026-07-25T19:59:21+00:00,success,release,push
pipeline_002418,project_00039,org_0096,2026-01-08T14:24:21+00:00,2026-01-08T15:48:21+00:00,failed,release,scheduled
pipeline_002419,project_00146,org_0035,2026-05-13T13:06:42+00:00,2026-05-13T13:07:42+00:00,success,develop,push
pipeline_002420,project_00188,org_0062,2026-04-29T23:16:39+00:00,2026-04-30T01:05:39+00:00,success,feature/auth,manual
pipeline_002421,project_00052,org_0018,2026-06-06T02:28:47+00:00,2026-06-06T05:20:47+00:00,failed,release,manual
pipeline_002422,project_00145,org_0051,2026-05-19T14:25:57+00:00,2026-05-19T14:50:57+00:00,success,release,webhook
pipeline_002423,project_00063,org_0064,2026-05-07T02:33:49+00:00,2026-05-07T02:45:49+00:00,failed,feature/auth,scheduled
pipeline_002424,project_00195,org_0082,2026-04-04T15:50:26+00:00,2026-04-04T18:07:26+00:00,success,develop,scheduled
pipeline_002425,project_00144,org_0031,2026-01-07T09:09:05+00:00,2026-01-07T12:06:05+00:00,success,release,webhook
pipeline_002426,project_00060,org_0001,2026-06-09T12:19:49+00:00,2026-06-09T12:31:49+00:00,success,feature/api,manual
pipeline_002427,project_00190,org_0042,2026-01-29T04:43:04+00:00,2026-01-29T05:10:04+00:00,success,release,scheduled
pipeline_002428,project_missing_999,org_0073,2026-02-22T17:00:49+00:00,2026-02-22T17:57:49+00:00,failed,develop,api
pipeline_002429,project_00025,org_0031,2026-01-15T05:17:04+00:00,2026-01-15T06:23:04+00:00,success,release,scheduled
pipeline_002430,project_00031,org_0041,2026-04-19T21:37:08+00:00,2026-04-20T00:22:08+00:00,success,feature/api,webhook
pipeline_002431,project_00024,org_0011,2026-05-13T08:37:09+00:00,2026-05-13T09:38:09+00:00,success,main,api
pipeline_002432,project_00154,org_0012,2026-07-28T12:11:15+00:00,2026-07-28T14:53:15+00:00,canceled,develop,push
pipeline_002433,project_00122,org_0050,2026-04-18T14:35:12+00:00,2026-04-18T16:54:12+00:00,success,main,scheduled
pipeline_002434,project_00056,org_0074,2026-06-09T22:20:16+00:00,2026-06-09T23:45:16+00:00,success,release,manual
pipeline_002435,project_00059,org_0059,2026-08-12T13:40:40+00:00,2026-08-12T14:52:40+00:00,success,feature/auth,api
pipeline_002436,project_00193,org_0076,2026-06-25T16:15:42+00:00,2026-06-25T18:38:42+00:00,success,main,push
pipeline_002437,project_00161,org_0075,2026-08-11T00:40:10+00:00,2026-08-11T00:46:10+00:00,success,develop,webhook
pipeline_002438,project_00041,org_0047,2026-04-01T23:05:04+00:00,2026-04-01T23:17:04+00:00,failed,develop,webhook
pipeline_002439,project_00051,org_0038,2026-02-21T12:11:02+00:00,2026-02-21T13:27:02+00:00,success,feature/api,webhook
pipeline_002440,project_00159,org_0008,2026-02-22T05:46:15+00:00,2026-02-22T05:55:15+00:00,success,develop,api
pipeline_002441,project_00161,org_0075,2026-04-27T08:24:54+00:00,2026-04-27T11:20:54+00:00,success,main,webhook
pipeline_002442,project_00122,org_0050,2026-05-27T20:01:05+00:00,2026-05-27T20:03:05+00:00,success,main,manual
pipeline_002443,project_00045,org_0057,2026-06-13T06:00:28+00:00,2026-06-13T06:28:28+00:00,success,develop,webhook
pipeline_002444,project_00019,org_0015,2026-03-01T16:57:28+00:00,2026-03-01T18:44:28+00:00,success,develop,webhook
pipeline_002445,project_00069,org_0084,2026-07-22T01:11:31+00:00,2026-07-22T03:34:31+00:00,failed,release,manual
pipeline_002446,project_00150,org_0099,2026-05-09T04:16:56+00:00,2026-05-09T06:12:56+00:00,success,release,manual
pipeline_002447,project_00170,org_0064,2026-08-09T07:33:35+00:00,2026-08-09T08:29:35+00:00,canceled,feature/api,webhook
pipeline_002448,project_00157,org_0058,2026-06-22T20:24:25+00:00,2026-06-22T21:36:25+00:00,success,release,webhook
pipeline_002449,project_00188,org_0062,2026-01-08T18:40:19+00:00,2026-01-08T19:31:19+00:00,success,feature/api,manual
pipeline_002450,project_00120,org_0030,2026-02-05T08:24:43+00:00,2026-02-05T10:53:43+00:00,success,develop,push
pipeline_002451,project_00059,org_0059,2026-07-27T04:58:48+00:00,2026-07-27T05:27:48+00:00,success,feature/api,manual
pipeline_002452,project_00183,org_0076,2026-02-22T12:19:28+00:00,2026-02-22T12:33:28+00:00,success,release,webhook
pipeline_002453,project_00033,org_0025,2026-04-04T09:27:47+00:00,2026-04-04T09:40:47+00:00,success,release,manual
pipeline_002454,project_00019,org_0015,2026-04-04T18:53:38+00:00,2026-04-04T21:11:38+00:00,success,feature/auth,manual
pipeline_002455,project_00138,org_0054,2026-02-06T07:49:25+00:00,2026-02-06T08:56:25+00:00,success,release,webhook
pipeline_002456,project_00046,org_0095,2026-01-18T02:16:57+00:00,2026-01-18T04:06:57+00:00,unknown_status,develop,webhook
pipeline_002457,project_00057,org_0049,2026-02-04T17:06:38+00:00,2026-02-04T19:19:38+00:00,success,feature/api,push
pipeline_002458,project_00109,org_0079,2026-08-01T07:51:29+00:00,2026-08-01T08:12:29+00:00,failed,feature/auth,scheduled
pipeline_002459,project_00043,org_0095,2026-04-18T07:24:27+00:00,2026-04-18T08:51:27+00:00,success,main,push
pipeline_002460,project_00199,org_0090,2026-01-10T09:37:39+00:00,2026-01-10T09:45:39+00:00,success,develop,manual
pipeline_002461,project_00021,org_0079,2026-02-02T02:11:30+00:00,2026-02-02T05:08:30+00:00,success,main,scheduled
pipeline_002462,project_00138,org_0054,2026-05-25T06:59:56+00:00,2026-05-25T07:14:56+00:00,failed,release,push
pipeline_002463,project_00185,org_0064,2026-02-28T04:00:23+00:00,2026-02-28T05:31:23+00:00,success,main,manual
pipeline_002464,project_00166,org_0064,2026-04-23T13:42:27+00:00,2026-04-23T14:57:27+00:00,success,main,manual
pipeline_002465,project_00038,org_0037,2026-08-22T03:39:05+00:00,2026-08-22T06:31:05+00:00,success,feature/api,api
pipeline_002466,project_00126,org_0016,2026-07-22T19:27:47+00:00,2026-07-22T19:47:47+00:00,success,feature/auth,manual
pipeline_002467,project_00160,org_0052,2026-01-17T11:45:15+00:00,2026-01-17T13:06:15+00:00,success,main,manual
pipeline_002468,project_00112,org_0045,2026-07-01T11:40:14+00:00,2026-07-01T11:47:14+00:00,success,main,push
pipeline_002469,project_00170,org_0064,2026-04-12T11:21:19+00:00,2026-04-12T12:24:19+00:00,success,feature/auth,push
pipeline_002470,project_00093,org_0038,2026-07-20T08:26:59+00:00,2026-07-20T09:37:59+00:00,success,feature/api,scheduled
pipeline_002471,project_00145,org_0051,2026-02-17T17:54:20+00:00,2026-02-17T18:55:20+00:00,success,feature/auth,manual
pipeline_002472,project_00059,org_0059,2026-05-05T21:54:21+00:00,2026-05-05T23:29:21+00:00,success,feature/auth,api
pipeline_002473,project_00044,org_0058,2026-08-13T00:24:01+00:00,2026-08-13T02:01:01+00:00,failed,release,push
pipeline_002474,project_00161,org_0075,2026-07-02T10:33:59+00:00,2026-07-02T10:47:59+00:00,success,develop,scheduled
pipeline_002475,project_00155,org_0066,2026-08-27T12:50:27+00:00,2026-08-27T15:13:27+00:00,success,feature/auth,push
pipeline_002476,project_00198,org_0017,2026-08-31T11:48:44+00:00,2026-08-31T14:31:44+00:00,canceled,release,webhook
pipeline_002477,project_00033,org_0025,2026-01-26T01:19:08+00:00,2026-01-26T01:35:08+00:00,success,main,push
pipeline_002478,project_00101,org_0065,2026-04-09T04:24:27+00:00,2026-04-09T06:40:27+00:00,success,release,manual
pipeline_002479,project_00190,org_0042,2026-01-02T22:20:23+00:00,2026-01-02T23:27:23+00:00,success,feature/auth,webhook
pipeline_002480,project_00141,org_0059,2026-07-03T22:39:40+00:00,2026-07-04T00:47:40+00:00,failed,develop,manual
pipeline_002481,project_00050,org_0077,2026-05-27T20:02:05+00:00,2026-05-27T20:51:05+00:00,success,main,scheduled
pipeline_002482,project_00069,org_0084,2026-04-05T01:43:15+00:00,2026-04-05T02:23:15+00:00,success,develop,scheduled
pipeline_002483,project_00159,org_0008,2026-04-25T15:00:27+00:00,2026-04-25T15:44:27+00:00,success,feature/auth,scheduled
pipeline_002484,project_00077,org_0016,2026-03-03T14:11:33+00:00,2026-03-03T14:17:33+00:00,success,feature/api,webhook
pipeline_002485,project_00095,org_0082,2026-07-25T04:18:32+00:00,2026-07-25T06:09:32+00:00,success,feature/auth,api
pipeline_002486,project_00022,org_0045,2026-06-29T09:49:42+00:00,2026-06-29T10:00:42+00:00,failed,feature/auth,scheduled
pipeline_002487,project_00041,org_0047,2026-05-18T17:49:14+00:00,2026-05-18T19:25:14+00:00,failed,main,webhook
pipeline_002488,project_00104,org_0040,2026-03-30T23:10:17+00:00,2026-03-31T02:03:17+00:00,success,release,webhook
pipeline_002489,project_00076,org_0002,2026-03-16T10:30:46+00:00,2026-03-16T10:36:46+00:00,success,feature/api,scheduled
pipeline_002490,project_00079,org_0012,2026-06-09T16:35:01+00:00,2026-06-09T17:47:01+00:00,failed,release,manual
pipeline_002491,project_00136,org_0098,2026-07-16T04:57:27+00:00,2026-07-16T05:03:27+00:00,failed,main,api
pipeline_002492,project_00062,org_0051,2026-08-04T23:08:14+00:00,2026-08-05T02:07:14+00:00,success,develop,api
pipeline_002493,project_missing_999,org_0088,2026-02-22T03:20:11+00:00,2026-02-22T05:20:11+00:00,success,main,api
pipeline_002494,project_00010,org_0067,2026-04-23T12:09:51+00:00,2026-04-23T15:05:51+00:00,success,feature/auth,webhook
pipeline_002495,project_00053,org_0084,2026-03-25T22:30:35+00:00,2026-03-25T23:24:35+00:00,canceled,feature/auth,webhook
pipeline_002496,project_00135,org_0045,2026-04-11T02:05:50+00:00,2026-04-11T04:36:50+00:00,success,main,scheduled
pipeline_002497,project_00187,org_0078,2026-03-28T04:03:37+00:00,2026-03-28T04:40:37+00:00,failed,main,push
pipeline_002498,project_00183,org_0076,2026-08-21T23:03:20+00:00,2026-08-22T01:00:20+00:00,success,main,manual
pipeline_002499,project_00013,org_0051,2026-08-24T12:35:03+00:00,2026-08-24T13:26:03+00:00,success,main,webhook
pipeline_002500,project_00127,org_0067,2026-03-26T04:33:25+00:00,2026-03-26T05:08:25+00:00,success,feature/auth,webhook
pipeline_002501,project_00011,org_0043,2026-06-07T22:13:26+00:00,2026-06-07T22:22:26+00:00,failed,main,manual
pipeline_002502,project_00195,org_0082,2026-07-16T01:52:57+00:00,2026-07-16T04:00:57+00:00,failed,feature/auth,scheduled
pipeline_002503,project_00025,org_0031,2026-06-29T07:28:41+00:00,2026-06-29T09:37:41+00:00,failed,release,manual
pipeline_002504,project_00003,org_0015,2026-01-05T03:28:10+00:00,2026-01-05T04:16:10+00:00,success,main,push
pipeline_002505,project_00151,org_0060,2026-02-11T10:56:34+00:00,2026-02-11T12:22:34+00:00,failed,main,manual
pipeline_002506,project_00033,org_0025,2026-08-20T22:16:34+00:00,2026-08-21T00:31:34+00:00,canceled,develop,scheduled
pipeline_002507,project_00086,org_0013,2026-07-03T09:54:12+00:00,2026-07-03T12:38:12+00:00,failed,feature/auth,api
pipeline_002508,project_00153,org_0006,2026-02-16T11:41:37+00:00,2026-02-16T13:28:37+00:00,canceled,release,webhook
pipeline_002509,project_00101,org_0065,2026-05-23T21:07:18+00:00,2026-05-23T23:44:18+00:00,failed,develop,push
pipeline_002510,project_00020,org_0068,2026-05-01T20:51:13+00:00,2026-05-01T23:26:13+00:00,success,main,manual
pipeline_002511,project_00164,org_0006,2026-08-12T07:39:04+00:00,2026-08-12T08:53:04+00:00,success,feature/auth,webhook
pipeline_002512,project_00060,org_0001,2026-06-04T04:19:41+00:00,2026-06-04T06:35:41+00:00,success,main,manual
pipeline_002513,project_00036,org_0011,2026-06-08T04:06:56+00:00,2026-06-08T04:56:56+00:00,success,develop,webhook
pipeline_002514,project_00156,org_0034,2026-08-22T18:42:59+00:00,2026-08-22T20:52:59+00:00,success,develop,scheduled
pipeline_002515,project_00071,org_0048,2026-05-11T04:12:32+00:00,2026-05-11T05:39:32+00:00,success,main,api
pipeline_002516,project_00010,org_0067,2026-04-25T03:47:51+00:00,2026-04-25T04:21:51+00:00,success,feature/api,push
pipeline_002517,project_00094,org_0050,2026-01-09T06:06:12+00:00,2026-01-09T07:33:12+00:00,success,feature/api,scheduled
pipeline_002518,project_00112,org_0045,2026-01-19T00:05:29+00:00,2026-01-19T02:18:29+00:00,success,main,webhook
pipeline_002519,project_00110,org_0016,2026-01-07T23:28:53+00:00,2026-01-07T23:39:53+00:00,canceled,main,manual
pipeline_002520,project_00053,org_0084,2026-05-21T07:45:57+00:00,2026-05-21T09:25:57+00:00,success,release,push
pipeline_002521,project_00196,org_0023,2026-01-11T14:10:13+00:00,2026-01-11T15:49:13+00:00,success,feature/api,push
pipeline_002522,project_00083,org_0057,2026-03-24T15:56:16+00:00,2026-03-24T16:22:16+00:00,canceled,develop,api
pipeline_002523,project_00088,org_0041,2026-05-19T04:15:10+00:00,2026-05-19T04:29:10+00:00,failed,release,manual
pipeline_002524,project_00047,org_0081,2026-06-19T10:03:20+00:00,2026-06-19T12:30:20+00:00,success,feature/api,scheduled
pipeline_002525,project_00196,org_0023,2026-08-07T00:21:20+00:00,2026-08-07T03:06:20+00:00,canceled,release,webhook
pipeline_002526,project_00135,org_0045,2026-04-13T10:38:10+00:00,2026-04-13T11:53:10+00:00,failed,main,push
pipeline_002527,project_00062,org_0051,2026-04-29T01:32:35+00:00,2026-04-29T03:54:35+00:00,success,release,scheduled
pipeline_002528,project_00200,org_0024,2026-03-17T08:51:21+00:00,2026-03-17T10:19:21+00:00,success,feature/api,manual
pipeline_002529,project_00189,org_0026,2026-07-25T06:58:59+00:00,2026-07-25T07:33:59+00:00,success,develop,webhook
pipeline_002530,project_00166,org_0064,2026-05-26T08:45:11+00:00,2026-05-26T11:23:11+00:00,failed,main,push
pipeline_002531,project_00171,org_0008,2026-05-24T21:53:45+00:00,2026-05-24T23:49:45+00:00,success,main,manual
pipeline_002532,project_00013,org_0051,2026-07-17T01:18:21+00:00,2026-07-17T02:53:21+00:00,on_hold,release,push
pipeline_002533,project_00075,org_0017,2026-04-21T23:31:02+00:00,2026-04-22T01:58:02+00:00,success,main,scheduled
pipeline_002534,project_00066,org_0081,2026-08-15T09:00:48+00:00,2026-08-15T09:43:48+00:00,success,release,manual
pipeline_002535,project_00160,org_0052,2026-06-13T09:33:41+00:00,2026-06-13T12:13:41+00:00,success,feature/api,api
pipeline_002536,project_00142,org_0065,2026-08-23T19:50:24+00:00,2026-08-23T22:24:24+00:00,failed,feature/api,push
pipeline_002537,project_00134,org_0053,2026-04-25T18:42:09+00:00,2026-04-25T19:20:09+00:00,success,feature/auth,manual
pipeline_002538,project_00099,org_0003,2026-08-09T21:14:19+00:00,2026-08-09T22:18:19+00:00,success,release,push
pipeline_002539,project_00076,org_0002,2026-01-09T06:16:55+00:00,2026-01-09T08:25:55+00:00,failed,release,manual
pipeline_002540,project_00050,org_0077,2026-03-10T00:16:14+00:00,2026-03-10T01:05:14+00:00,success,develop,api
pipeline_002541,project_00200,org_0024,2026-02-24T20:56:20+00:00,2026-02-24T22:47:20+00:00,success,release,push
pipeline_002542,project_00105,org_0020,2026-08-30T15:29:27+00:00,2026-08-30T18:29:27+00:00,success,release,scheduled
pipeline_002543,project_00040,org_0015,2026-06-04T13:34:15+00:00,2026-06-04T16:18:15+00:00,success,feature/api,push
pipeline_002544,project_00165,org_0074,2026-06-21T15:38:21+00:00,2026-06-21T16:23:21+00:00,failed,feature/auth,manual
pipeline_002545,project_00186,org_0005,2026-03-30T14:08:33+00:00,2026-03-30T16:22:33+00:00,success,feature/auth,manual
pipeline_002546,project_00093,org_0038,2026-04-05T17:53:19+00:00,2026-04-05T20:07:19+00:00,success,release,push
pipeline_002547,project_00073,org_0055,2026-01-02T04:38:07+00:00,2026-01-02T06:07:07+00:00,canceled,main,webhook
pipeline_002548,project_00178,org_0061,2026-08-08T21:59:55+00:00,2026-08-09T00:36:55+00:00,success,main,manual
pipeline_002549,project_00038,org_0037,2026-06-07T18:20:48+00:00,2026-06-07T20:52:48+00:00,failed,release,webhook
pipeline_002550,project_00112,org_0045,2026-04-14T07:39:32+00:00,2026-04-14T08:03:32+00:00,failed,feature/api,manual
pipeline_002551,project_00097,org_0073,2026-05-14T20:59:57+00:00,2026-05-14T22:44:57+00:00,success,develop,push
pipeline_002552,project_00144,org_0031,2026-07-07T03:54:16+00:00,2026-07-07T05:44:16+00:00,success,develop,webhook
pipeline_002553,project_00136,org_0098,2026-05-02T19:50:46+00:00,2026-05-02T22:17:46+00:00,success,main,api
pipeline_002554,project_00050,org_0077,2026-04-14T17:03:32+00:00,2026-04-14T18:46:32+00:00,success,develop,manual
pipeline_002555,project_00198,org_0017,2026-05-01T16:19:54+00:00,2026-05-01T18:30:54+00:00,success,main,push
pipeline_002556,project_00043,org_0095,2026-07-05T19:10:21+00:00,2026-07-05T20:08:21+00:00,success,release,scheduled
pipeline_002557,project_00154,org_0012,2026-06-01T17:20:09+00:00,2026-06-01T19:00:09+00:00,success,main,push
pipeline_002558,project_00196,org_0023,2026-05-31T08:50:54+00:00,2026-05-31T10:59:54+00:00,success,main,webhook
pipeline_002559,project_00157,org_0058,2026-05-11T00:56:38+00:00,2026-05-11T01:03:38+00:00,success,main,scheduled
pipeline_002560,project_00136,org_0098,2026-01-22T17:49:46+00:00,2026-01-22T20:26:46+00:00,success,main,api
pipeline_002561,project_00162,org_0009,2026-08-24T13:18:13+00:00,2026-08-24T13:37:13+00:00,failed,feature/auth,push
pipeline_002562,project_00117,org_0066,2026-06-08T08:53:16+00:00,2026-06-08T09:39:16+00:00,failed,release,webhook
pipeline_002563,project_00150,org_0099,2026-06-22T03:58:56+00:00,2026-06-22T06:43:56+00:00,success,develop,push
pipeline_002564,project_00187,org_0078,2026-05-24T01:22:26+00:00,2026-05-24T02:19:26+00:00,success,feature/auth,push
pipeline_002565,project_00127,org_0067,2026-06-21T03:09:05+00:00,2026-06-21T05:03:05+00:00,success,feature/api,webhook
pipeline_002566,project_00015,org_0050,2026-06-24T09:13:01+00:00,2026-06-24T09:49:01+00:00,failed,feature/api,webhook
pipeline_002567,project_00153,org_0006,2026-02-23T06:43:56+00:00,2026-02-23T08:12:56+00:00,success,main,scheduled
pipeline_002568,project_00186,org_0005,2026-08-31T21:03:15+00:00,2026-08-31T23:05:15+00:00,canceled,main,webhook
pipeline_002569,project_00145,org_0051,2026-08-22T17:09:56+00:00,2026-08-22T17:27:56+00:00,failed,feature/auth,push
pipeline_002570,project_00102,org_0099,2026-07-23T11:51:39+00:00,2026-07-23T14:44:39+00:00,success,main,webhook
pipeline_002571,project_00051,org_0038,2026-03-20T16:59:17+00:00,2026-03-20T18:56:17+00:00,success,develop,api
pipeline_002572,project_00092,org_0078,2026-03-08T12:09:05+00:00,2026-03-08T13:01:05+00:00,success,feature/api,push
pipeline_002573,project_00120,org_0030,2026-07-31T12:50:09+00:00,2026-07-31T13:11:09+00:00,success,develop,webhook
pipeline_002574,project_00174,org_0062,2026-02-09T11:30:28+00:00,2026-02-09T11:51:28+00:00,success,main,scheduled
pipeline_002575,project_00029,org_0089,2026-03-27T00:01:34+00:00,2026-03-27T01:50:34+00:00,success,release,api
pipeline_002576,project_00034,org_0084,2026-07-01T15:32:17+00:00,2026-07-01T17:39:17+00:00,success,feature/auth,scheduled
pipeline_002577,project_00032,org_0046,2026-03-15T22:32:14+00:00,2026-03-15T23:28:14+00:00,success,release,api
pipeline_002578,project_00079,org_0012,2026-04-13T18:14:18+00:00,2026-04-13T20:46:18+00:00,success,develop,manual
pipeline_002579,project_00083,org_0057,2026-01-19T13:23:39+00:00,2026-01-19T14:00:39+00:00,failed,feature/auth,manual
pipeline_002580,project_00012,org_0052,2026-02-06T16:57:18+00:00,2026-02-06T18:48:18+00:00,success,main,webhook
pipeline_002581,project_00116,org_0081,2026-03-21T13:42:58+00:00,2026-03-21T16:37:58+00:00,success,main,scheduled
pipeline_002582,project_00121,org_0032,2026-07-27T10:56:07+00:00,2026-07-27T11:24:07+00:00,canceled,feature/api,scheduled
pipeline_002583,project_00171,org_0008,2026-07-19T09:08:56+00:00,2026-07-19T09:52:56+00:00,canceled,main,push
pipeline_002584,project_00042,org_0070,2026-02-05T20:00:18+00:00,2026-02-05T22:06:18+00:00,failed,release,manual
pipeline_002585,project_00047,org_0081,2026-02-09T17:51:32+00:00,2026-02-09T20:32:32+00:00,success,release,scheduled
pipeline_002586,project_00044,org_0058,2026-08-11T08:16:16+00:00,2026-08-11T10:36:16+00:00,success,feature/api,manual
pipeline_002587,project_00113,org_0017,2026-04-01T19:46:30+00:00,2026-04-01T21:36:30+00:00,failed,develop,manual
pipeline_002588,project_00063,org_0064,2026-02-14T15:44:31+00:00,2026-02-14T17:56:31+00:00,success,feature/auth,scheduled
pipeline_002589,project_00008,org_0003,2026-05-12T10:46:51+00:00,2026-05-12T11:45:51+00:00,success,feature/api,push
pipeline_002590,project_00127,org_0067,2026-08-17T14:15:27+00:00,2026-08-17T16:35:27+00:00,failed,feature/api,scheduled
pipeline_002591,project_00175,org_0065,2026-02-16T05:06:48+00:00,2026-02-16T07:03:48+00:00,success,main,scheduled
pipeline_002592,project_00128,org_0060,2026-04-02T15:12:45+00:00,2026-04-02T16:56:45+00:00,success,develop,push
pipeline_002593,project_00094,org_0050,2026-01-01T20:59:06+00:00,2026-01-01T22:36:06+00:00,success,main,webhook
pipeline_002594,project_00047,org_0081,2026-03-28T22:58:32+00:00,2026-03-29T01:40:32+00:00,success,develop,push
pipeline_002595,project_00101,org_0065,2026-05-23T03:44:41+00:00,2026-05-23T03:48:41+00:00,failed,release,scheduled
pipeline_002596,project_00027,org_0054,2026-04-13T21:07:37+00:00,2026-04-13T22:51:37+00:00,success,main,manual
pipeline_002597,project_00167,org_0023,2026-03-09T15:47:56+00:00,2026-03-09T16:06:56+00:00,on_hold,develop,api
pipeline_002598,project_00146,org_0035,2026-06-04T12:58:49+00:00,2026-06-04T14:55:49+00:00,failed,main,manual
pipeline_002599,project_00152,org_0021,2026-07-27T11:39:34+00:00,2026-07-27T14:34:34+00:00,success,feature/api,manual
pipeline_002600,project_00156,org_0034,2026-07-30T10:28:45+00:00,2026-07-30T11:42:45+00:00,failed,main,webhook
pipeline_002601,project_00033,org_0025,2026-01-15T16:12:39+00:00,2026-01-15T17:37:39+00:00,failed,release,webhook
pipeline_002602,project_00170,org_0064,2026-07-30T14:26:15+00:00,2026-07-30T16:17:15+00:00,on_hold,release,api
pipeline_002603,project_00130,org_0026,2026-04-24T08:24:11+00:00,2026-04-24T11:10:11+00:00,success,release,api
pipeline_002604,project_00189,org_0026,2026-08-25T19:05:42+00:00,2026-08-25T21:17:42+00:00,success,main,push
pipeline_002605,project_00073,org_0055,2026-05-15T16:13:04+00:00,2026-05-15T18:09:04+00:00,success,release,scheduled
pipeline_002606,project_00193,org_0076,2026-01-14T21:40:31+00:00,2026-01-15T00:38:31+00:00,success,main,api
pipeline_002607,project_00046,org_0095,2026-04-02T08:58:37+00:00,2026-04-02T11:18:37+00:00,success,feature/api,scheduled
pipeline_002608,project_00051,org_0038,2026-07-29T10:21:41+00:00,2026-07-29T13:10:41+00:00,success,release,scheduled
pipeline_002609,project_00071,org_0048,2026-05-28T18:02:06+00:00,2026-05-28T18:22:06+00:00,canceled,main,scheduled
pipeline_002610,project_00127,org_0067,2026-08-26T01:38:16+00:00,2026-08-26T03:55:16+00:00,success,release,webhook
pipeline_002611,project_00160,org_0052,2026-08-12T03:35:36+00:00,2026-08-12T05:27:36+00:00,success,develop,webhook
pipeline_002612,project_00082,org_0009,2026-07-20T10:33:28+00:00,2026-07-20T13:01:28+00:00,success,main,manual
pipeline_002613,project_00082,org_0009,2026-07-23T15:38:20+00:00,2026-07-23T15:39:20+00:00,success,develop,webhook
pipeline_002614,project_00095,org_0082,2026-01-21T03:28:56+00:00,2026-01-21T06:27:56+00:00,success,main,api
pipeline_002615,project_00194,org_0042,2026-06-01T12:30:10+00:00,2026-06-01T14:08:10+00:00,unknown_status,feature/auth,scheduled
pipeline_002616,project_00146,org_0035,2026-01-15T21:07:44+00:00,2026-01-15T21:15:44+00:00,success,develop,api
pipeline_002617,project_00139,org_0092,2026-03-10T07:34:26+00:00,2026-03-10T09:02:26+00:00,failed,feature/auth,api
pipeline_002618,project_00047,org_0081,2026-07-23T08:09:53+00:00,2026-07-23T09:50:53+00:00,success,feature/api,webhook
pipeline_002619,project_00036,org_0011,2026-05-18T02:23:03+00:00,2026-05-18T05:00:03+00:00,success,develop,webhook
pipeline_002620,project_00175,org_0065,2026-07-26T21:09:10+00:00,2026-07-26T23:37:10+00:00,failed,feature/api,webhook
pipeline_002621,project_00050,org_0077,2026-08-01T02:47:09+00:00,2026-08-01T05:14:09+00:00,canceled,feature/auth,scheduled
pipeline_002622,project_00043,org_0095,2026-04-12T06:09:53+00:00,2026-04-12T06:30:53+00:00,success,feature/auth,webhook
pipeline_002623,project_00137,org_0014,2026-05-12T05:20:37+00:00,2026-05-12T07:24:37+00:00,success,feature/auth,scheduled
pipeline_002624,project_00043,org_0095,2026-08-12T11:31:25+00:00,2026-08-12T12:15:25+00:00,success,release,webhook
pipeline_002625,project_00178,org_0061,2026-03-28T07:42:38+00:00,2026-03-28T09:10:38+00:00,success,feature/auth,push
pipeline_002626,project_00058,org_0052,2026-07-15T22:06:21+00:00,2026-07-15T22:34:21+00:00,success,feature/api,api
pipeline_002627,project_00094,org_0050,2026-01-10T23:09:42+00:00,2026-01-11T01:55:42+00:00,success,feature/auth,scheduled
pipeline_002628,project_00144,org_0031,2026-05-06T23:24:24+00:00,2026-05-06T23:29:24+00:00,success,feature/api,api
pipeline_002629,project_00067,org_0021,2026-03-29T01:45:28+00:00,2026-03-29T01:47:28+00:00,success,release,push
pipeline_002630,project_00173,org_0032,2026-07-18T23:04:37+00:00,2026-07-19T01:32:37+00:00,success,main,scheduled
pipeline_002631,project_00154,org_0012,2026-07-08T01:31:43+00:00,2026-07-08T02:14:43+00:00,success,release,api
pipeline_002632,project_00149,org_0053,2026-04-02T15:50:50+00:00,2026-04-02T16:59:50+00:00,failed,main,api
pipeline_002633,project_00054,org_0032,2026-06-03T05:17:35+00:00,2026-06-03T06:36:35+00:00,success,feature/auth,scheduled
pipeline_002634,project_00028,org_0055,2026-05-07T21:41:48+00:00,2026-05-07T23:05:48+00:00,success,develop,webhook
pipeline_002635,project_00094,org_0050,2026-08-29T13:02:08+00:00,2026-08-29T13:57:08+00:00,failed,feature/api,manual
pipeline_002636,project_00025,org_0031,2026-04-03T11:42:28+00:00,2026-04-03T13:32:28+00:00,success,feature/auth,push
pipeline_002637,project_00005,org_0062,2026-08-30T02:00:11+00:00,2026-08-30T03:09:11+00:00,canceled,develop,push
pipeline_002638,project_00073,org_0055,2026-02-03T20:10:33+00:00,2026-02-03T20:20:33+00:00,failed,develop,scheduled
pipeline_002639,project_00099,org_0003,2026-08-28T02:54:53+00:00,2026-08-28T05:10:53+00:00,canceled,main,manual
pipeline_002640,project_00135,org_0045,2026-07-03T15:37:58+00:00,2026-07-03T18:01:58+00:00,success,develop,scheduled
pipeline_002641,project_00002,org_0014,2026-04-16T12:15:36+00:00,2026-04-16T13:48:36+00:00,success,release,manual
pipeline_002642,project_00143,org_0010,2026-05-16T06:32:34+00:00,2026-05-16T08:15:34+00:00,success,develop,api
pipeline_002643,project_00143,org_0010,2026-06-16T06:39:49+00:00,2026-06-16T08:26:49+00:00,success,feature/auth,manual
pipeline_002644,project_00130,org_0026,2026-06-11T08:51:31+00:00,2026-06-11T10:47:31+00:00,success,feature/auth,api
pipeline_002645,project_00043,org_0095,2026-02-23T16:17:42+00:00,2026-02-23T18:24:42+00:00,failed,release,api
pipeline_002646,project_00190,org_0042,2026-04-19T14:11:20+00:00,2026-04-19T16:30:20+00:00,success,release,scheduled
pipeline_002647,project_00094,org_0050,2026-05-04T05:42:16+00:00,2026-05-04T08:20:16+00:00,success,release,webhook
pipeline_002648,project_00078,org_0062,2026-08-27T14:27:36+00:00,2026-08-27T14:58:36+00:00,canceled,feature/api,api
pipeline_002649,project_00007,org_0039,2026-02-22T20:46:46+00:00,2026-02-22T20:48:46+00:00,failed,main,webhook
pipeline_002650,project_00079,org_0012,2026-05-25T15:59:06+00:00,2026-05-25T18:43:06+00:00,success,develop,push
pipeline_002651,project_00061,org_0082,2026-02-20T22:12:02+00:00,2026-02-21T00:57:02+00:00,failed,main,api
pipeline_002652,project_00082,org_0009,2026-01-27T21:23:15+00:00,2026-01-27T22:17:15+00:00,success,feature/auth,scheduled
pipeline_002653,project_00009,org_0087,2026-07-22T15:24:23+00:00,2026-07-22T16:17:23+00:00,success,feature/api,manual
pipeline_002654,project_00189,org_0026,2026-03-12T17:45:07+00:00,2026-03-12T20:40:07+00:00,success,feature/auth,api
pipeline_002655,project_00134,org_0053,2026-07-23T19:24:53+00:00,2026-07-23T22:02:53+00:00,success,release,manual
pipeline_002656,project_00184,org_0073,2026-07-10T12:59:51+00:00,2026-07-10T13:36:51+00:00,success,develop,scheduled
pipeline_002657,project_00115,org_0035,2026-06-21T07:00:46+00:00,2026-06-21T08:15:46+00:00,success,develop,push
pipeline_002658,project_00034,org_0084,2026-05-23T06:06:30+00:00,2026-05-23T08:18:30+00:00,on_hold,develop,api
pipeline_002659,project_00074,org_0001,2026-03-23T05:25:36+00:00,2026-03-23T05:43:36+00:00,success,develop,manual
pipeline_002660,project_00028,org_0055,2026-02-21T22:24:52+00:00,2026-02-21T23:13:52+00:00,failed,develop,webhook
pipeline_002661,project_00156,org_0034,2026-02-25T14:50:17+00:00,2026-02-25T17:36:17+00:00,success,feature/auth,manual
pipeline_002662,project_00024,org_0011,2026-01-23T21:46:31+00:00,2026-01-23T23:23:31+00:00,failed,main,manual
pipeline_002663,project_00063,org_0064,2026-06-11T07:30:37+00:00,2026-06-11T08:38:37+00:00,success,develop,manual
pipeline_002664,project_00119,org_0033,2026-05-14T23:41:57+00:00,2026-05-14T23:48:57+00:00,success,feature/api,scheduled
pipeline_002665,project_00133,org_0098,2026-02-03T19:45:18+00:00,2026-02-03T22:36:18+00:00,success,develop,api
pipeline_002666,project_00123,org_0071,2026-06-30T07:13:48+00:00,2026-06-30T08:36:48+00:00,success,feature/auth,manual
pipeline_002667,project_00161,org_0075,2026-04-14T03:51:14+00:00,2026-04-14T05:55:14+00:00,success,develop,manual
pipeline_002668,project_00009,org_0087,2026-05-07T09:16:01+00:00,2026-05-07T09:53:01+00:00,success,release,scheduled
pipeline_002669,project_00098,org_0088,2026-08-04T01:47:16+00:00,2026-08-04T02:49:16+00:00,failed,feature/api,push
pipeline_002670,project_00141,org_0059,2026-03-12T13:07:26+00:00,2026-03-12T15:00:26+00:00,canceled,feature/api,webhook
pipeline_002671,project_00017,org_0074,2026-06-27T13:06:10+00:00,2026-06-27T16:02:10+00:00,success,feature/api,webhook
pipeline_002672,project_00145,org_0051,2026-08-15T05:48:02+00:00,2026-08-15T06:36:02+00:00,canceled,main,api
pipeline_002673,project_00047,org_0081,2026-03-09T00:13:31+00:00,2026-03-09T00:53:31+00:00,success,release,manual
pipeline_002674,project_00055,org_0032,2026-06-09T23:33:41+00:00,2026-06-10T00:17:41+00:00,canceled,feature/api,api
pipeline_002675,project_00169,org_0005,2026-08-16T06:14:33+00:00,2026-08-16T06:34:33+00:00,success,develop,manual
pipeline_002676,project_00141,org_0059,2026-02-25T20:59:35+00:00,2026-02-25T22:00:35+00:00,failed,feature/auth,api
pipeline_002677,project_00180,org_0035,2026-04-05T23:06:09+00:00,2026-04-06T01:34:09+00:00,failed,release,webhook
pipeline_002678,project_00082,org_0009,2026-08-04T21:46:29+00:00,2026-08-04T23:05:29+00:00,success,main,scheduled
pipeline_002679,project_00186,org_0005,2026-06-29T19:43:42+00:00,2026-06-29T21:50:42+00:00,success,feature/api,api
pipeline_002680,project_00064,org_0044,2026-01-08T14:18:55+00:00,2026-01-08T16:45:55+00:00,success,feature/auth,manual
pipeline_002681,project_00199,org_0090,2026-07-13T10:47:25+00:00,2026-07-13T13:24:25+00:00,failed,main,webhook
pipeline_002682,project_00115,org_0035,2026-08-23T10:01:44+00:00,2026-08-23T12:31:44+00:00,success,develop,manual
pipeline_002683,project_00045,org_0057,2026-06-20T22:25:04+00:00,2026-06-20T22:43:04+00:00,success,feature/auth,webhook
pipeline_002684,project_00171,org_0008,2026-08-20T10:09:04+00:00,2026-08-20T12:09:04+00:00,failed,feature/api,push
pipeline_002685,project_00055,org_0032,2026-07-10T10:11:00+00:00,2026-07-10T11:35:00+00:00,success,release,manual
pipeline_002686,project_00063,org_0064,2026-02-20T17:55:01+00:00,2026-02-20T18:34:01+00:00,success,main,webhook
pipeline_002687,project_00094,org_0050,2026-06-04T05:32:08+00:00,2026-06-04T05:46:08+00:00,success,develop,push
pipeline_002688,project_00012,org_0052,2026-04-14T00:52:58+00:00,2026-04-14T03:14:58+00:00,success,feature/api,manual
pipeline_002689,project_00129,org_0012,2026-07-16T11:28:23+00:00,2026-07-16T13:54:23+00:00,success,develop,api
pipeline_002690,project_00171,org_0008,2026-07-19T17:56:43+00:00,2026-07-19T19:28:43+00:00,success,release,scheduled
pipeline_002691,project_00016,org_0027,2026-01-16T16:54:27+00:00,2026-01-16T17:46:27+00:00,success,feature/auth,webhook
pipeline_002692,project_00100,org_0028,2026-02-01T20:23:14+00:00,2026-02-01T22:50:14+00:00,failed,release,api
pipeline_002693,project_00029,org_0089,2026-06-28T17:30:45+00:00,2026-06-28T17:48:45+00:00,success,develop,webhook
pipeline_002694,project_00187,org_0078,2026-08-10T13:35:44+00:00,2026-08-10T13:59:44+00:00,success,develop,manual
pipeline_002695,project_00043,org_0095,2026-08-16T22:06:48+00:00,2026-08-16T23:36:48+00:00,success,main,api
pipeline_002696,project_00051,org_0038,2026-07-05T14:59:29+00:00,2026-07-05T16:10:29+00:00,success,release,webhook
pipeline_002697,project_00015,org_0050,2026-08-26T17:00:02+00:00,2026-08-26T17:51:02+00:00,canceled,release,scheduled
pipeline_002698,project_00121,org_0032,2026-02-02T02:20:00+00:00,2026-02-02T03:14:00+00:00,success,feature/api,push
pipeline_002699,project_00156,org_0034,2026-02-14T17:27:48+00:00,2026-02-14T18:05:48+00:00,success,develop,webhook
pipeline_002700,project_00030,org_0063,2026-03-22T11:40:09+00:00,2026-03-22T12:21:09+00:00,success,feature/api,scheduled
pipeline_002701,project_00120,org_0030,2026-02-24T05:29:34+00:00,2026-02-24T05:43:34+00:00,success,main,push
pipeline_002702,project_00029,org_0089,2026-05-29T13:55:23+00:00,2026-05-29T15:39:23+00:00,success,develop,push
pipeline_002703,project_00031,org_0041,2026-08-28T19:35:28+00:00,2026-08-28T19:44:28+00:00,success,feature/auth,manual
pipeline_002704,project_00195,org_0082,2026-06-19T23:04:19+00:00,2026-06-20T00:08:19+00:00,success,release,webhook
pipeline_002705,project_00010,org_0067,2026-04-25T00:39:51+00:00,2026-04-25T03:06:51+00:00,success,feature/api,api
pipeline_002706,project_00054,org_0032,2026-07-28T05:15:57+00:00,2026-07-28T05:19:57+00:00,success,feature/api,api
pipeline_002707,project_00199,org_0090,2026-07-22T08:00:14+00:00,2026-07-22T08:27:14+00:00,success,feature/auth,webhook
pipeline_002708,project_00026,org_0048,2026-02-04T23:47:49+00:00,2026-02-05T01:00:49+00:00,success,release,scheduled
pipeline_002709,project_00161,org_0075,2026-07-23T19:38:35+00:00,2026-07-23T20:14:35+00:00,canceled,main,manual
pipeline_002710,project_00171,org_0008,2026-05-07T20:29:55+00:00,2026-05-07T21:04:55+00:00,success,feature/auth,scheduled
pipeline_002711,project_00033,org_0025,2026-01-07T15:31:20+00:00,2026-01-07T18:03:20+00:00,success,feature/auth,api
pipeline_002712,project_00185,org_0064,2026-05-28T18:28:34+00:00,2026-05-28T18:45:34+00:00,failed,main,webhook
pipeline_002713,project_00184,org_0073,2026-08-09T22:15:12+00:00,2026-08-10T00:48:12+00:00,success,release,scheduled
pipeline_002714,project_00005,org_0062,2026-02-07T17:40:19+00:00,2026-02-07T18:39:19+00:00,canceled,main,webhook
pipeline_002715,project_00071,org_0048,2026-03-16T01:58:43+00:00,2026-03-16T03:47:43+00:00,canceled,release,api
pipeline_002716,project_00139,org_0092,2026-05-23T09:48:15+00:00,2026-05-23T11:28:15+00:00,success,develop,webhook
pipeline_002717,project_missing_999,org_0039,2026-04-11T17:23:05+00:00,2026-04-11T17:43:05+00:00,failed,develop,push
pipeline_002718,project_00037,org_0005,2026-07-07T03:11:25+00:00,2026-07-07T03:25:25+00:00,success,feature/auth,manual
pipeline_002719,project_00042,org_0070,2026-07-06T03:29:51+00:00,2026-07-06T04:29:51+00:00,success,feature/auth,push
pipeline_002720,project_00043,org_0095,2026-08-21T15:42:26+00:00,2026-08-21T18:21:26+00:00,success,main,scheduled
pipeline_002721,project_00110,org_0016,2026-08-18T10:46:23+00:00,2026-08-18T10:52:23+00:00,success,develop,webhook
pipeline_002722,project_00073,org_0055,2026-07-26T05:43:07+00:00,2026-07-26T08:30:07+00:00,canceled,main,api
pipeline_002723,project_00082,org_0009,2026-04-12T09:16:22+00:00,2026-04-12T09:57:22+00:00,failed,main,webhook
pipeline_002724,project_00180,org_0035,2026-04-21T20:38:27+00:00,2026-04-21T20:47:27+00:00,success,main,push
pipeline_002725,project_00158,org_0014,2026-05-22T01:08:45+00:00,2026-05-22T02:52:45+00:00,canceled,release,scheduled
pipeline_002726,project_00095,org_0082,2026-06-14T08:24:30+00:00,2026-06-14T09:43:30+00:00,success,feature/auth,scheduled
pipeline_002727,project_00152,org_0021,2026-05-16T03:53:40+00:00,2026-05-16T05:29:40+00:00,success,develop,webhook
pipeline_002728,project_00065,org_0044,2026-07-06T05:55:49+00:00,2026-07-06T06:23:49+00:00,success,feature/auth,scheduled
pipeline_002729,project_00112,org_0045,2026-01-02T01:27:51+00:00,2026-01-02T01:56:51+00:00,success,main,push
pipeline_002730,project_00132,org_0076,2026-02-17T15:03:28+00:00,2026-02-17T15:13:28+00:00,success,feature/api,manual
pipeline_002731,project_00059,org_0059,2026-02-08T23:34:59+00:00,2026-02-09T01:30:59+00:00,success,main,scheduled
pipeline_002732,project_00042,org_0070,2026-06-14T14:09:05+00:00,2026-06-14T16:22:05+00:00,success,main,manual
pipeline_002733,project_00025,org_0031,2026-05-23T05:38:25+00:00,2026-05-23T07:33:25+00:00,success,release,push
pipeline_002734,project_00185,org_0064,2026-02-12T00:19:32+00:00,2026-02-12T01:47:32+00:00,failed,feature/api,push
pipeline_002735,project_00051,org_0038,2026-07-17T10:17:14+00:00,2026-07-17T10:28:14+00:00,success,main,webhook
pipeline_002736,project_00014,org_0026,2026-06-29T09:39:01+00:00,2026-06-29T10:38:01+00:00,success,main,api
pipeline_002737,project_00093,org_0038,2026-07-26T02:25:40+00:00,2026-07-26T03:36:40+00:00,success,develop,scheduled
pipeline_002738,project_00045,org_0057,2026-02-14T08:28:32+00:00,2026-02-14T09:19:32+00:00,success,release,scheduled
pipeline_002739,project_00047,org_0081,2026-05-16T12:17:47+00:00,2026-05-16T14:34:47+00:00,failed,feature/auth,scheduled
pipeline_002740,project_00110,org_0016,2026-06-16T19:05:22+00:00,2026-06-16T21:38:22+00:00,success,main,webhook
pipeline_002741,project_00031,org_0041,2026-08-06T23:18:08+00:00,2026-08-06T23:20:08+00:00,success,develop,manual
pipeline_002742,project_00104,org_0040,2026-03-02T19:28:22+00:00,2026-03-02T21:21:22+00:00,canceled,feature/api,scheduled
pipeline_002743,project_00112,org_0045,2026-02-27T19:58:29+00:00,2026-02-27T20:19:29+00:00,success,main,manual
pipeline_002744,project_00062,org_0051,2026-02-23T16:19:21+00:00,2026-02-23T19:19:21+00:00,failed,main,push
pipeline_002745,project_00015,org_0050,2026-04-14T07:20:25+00:00,2026-04-14T09:04:25+00:00,success,main,api
pipeline_002746,project_00085,org_0088,2026-08-17T20:48:23+00:00,2026-08-17T20:55:23+00:00,failed,main,push
pipeline_002747,project_00115,org_0035,2026-08-17T13:21:02+00:00,2026-08-17T15:26:02+00:00,success,main,api
pipeline_002748,project_00010,org_0067,2026-01-08T15:07:52+00:00,2026-01-08T17:55:52+00:00,success,develop,manual
pipeline_002749,project_00197,org_0023,2026-08-03T09:20:08+00:00,2026-08-03T09:38:08+00:00,failed,release,api
pipeline_002750,project_00147,org_0018,2026-01-02T04:12:45+00:00,2026-01-02T05:33:45+00:00,success,main,api
pipeline_002751,project_00045,org_0057,2026-01-17T10:14:09+00:00,2026-01-17T11:20:09+00:00,success,release,push
pipeline_002752,project_00151,org_0060,2026-04-26T14:06:07+00:00,2026-04-26T16:52:07+00:00,failed,feature/api,scheduled
pipeline_002753,project_00156,org_0034,2026-07-25T12:23:19+00:00,2026-07-25T14:30:19+00:00,success,main,webhook
pipeline_002754,project_00119,org_0033,2026-08-18T06:09:16+00:00,2026-08-18T08:02:16+00:00,success,feature/api,scheduled
pipeline_002755,project_00155,org_0066,2026-08-05T03:20:51+00:00,2026-08-05T04:35:51+00:00,success,feature/api,push
pipeline_002756,project_00039,org_0096,2026-03-25T23:54:32+00:00,2026-03-26T01:59:32+00:00,success,main,scheduled
pipeline_002757,project_00123,org_0071,2026-08-10T18:16:21+00:00,2026-08-10T19:25:21+00:00,success,develop,api
pipeline_002758,project_00112,org_0045,2026-03-13T01:49:35+00:00,2026-03-13T02:43:35+00:00,failed,release,manual
pipeline_002759,project_00153,org_0006,2026-04-23T06:39:43+00:00,2026-04-23T09:09:43+00:00,success,main,manual
pipeline_002760,project_00115,org_0035,2026-01-06T16:38:44+00:00,2026-01-06T16:56:44+00:00,failed,feature/auth,webhook
pipeline_002761,project_00111,org_0090,2026-02-24T04:51:17+00:00,2026-02-24T04:58:17+00:00,success,main,manual
pipeline_002762,project_00118,org_0073,2026-07-29T22:17:39+00:00,2026-07-29T23:01:39+00:00,success,feature/api,push
pipeline_002763,project_00041,org_0047,2026-01-11T15:39:38+00:00,2026-01-11T18:21:38+00:00,failed,feature/auth,push
pipeline_002764,project_00140,org_0030,2026-02-02T12:01:54+00:00,2026-02-02T13:02:54+00:00,success,release,manual
pipeline_002765,project_00132,org_0076,2026-08-20T06:13:09+00:00,2026-08-20T08:23:09+00:00,failed,release,scheduled
pipeline_002766,project_00038,org_0037,2026-02-13T11:30:43+00:00,2026-02-13T11:52:43+00:00,on_hold,main,manual
pipeline_002767,project_00129,org_0012,2026-08-17T05:16:14+00:00,2026-08-17T06:31:14+00:00,canceled,release,push
pipeline_002768,project_00019,org_0015,2026-08-01T06:51:01+00:00,2026-08-01T08:34:01+00:00,failed,feature/auth,manual
pipeline_002769,project_00036,org_0011,2026-03-04T09:59:04+00:00,2026-03-04T10:30:04+00:00,success,feature/auth,manual
pipeline_002770,project_00132,org_0076,2026-04-01T13:00:07+00:00,2026-04-01T15:27:07+00:00,on_hold,release,api
pipeline_002771,project_00113,org_0017,2026-01-05T11:30:17+00:00,2026-01-05T13:49:17+00:00,success,main,api
pipeline_002772,project_00139,org_0092,2026-01-19T04:24:56+00:00,2026-01-19T06:12:56+00:00,success,feature/api,push
pipeline_002773,project_00047,org_0081,2026-03-15T08:48:33+00:00,2026-03-15T10:26:33+00:00,success,feature/auth,manual
pipeline_002774,project_00104,org_0040,2026-02-05T12:52:34+00:00,2026-02-05T15:38:34+00:00,success,develop,manual
pipeline_002775,project_00128,org_0060,2026-08-18T07:12:21+00:00,2026-08-18T08:22:21+00:00,failed,release,scheduled
pipeline_002776,project_00144,org_0031,2026-07-16T00:01:15+00:00,2026-07-16T00:40:15+00:00,success,feature/api,manual
pipeline_002777,project_00172,org_0018,2026-07-05T07:13:37+00:00,2026-07-05T10:04:37+00:00,success,feature/auth,push
pipeline_002778,project_00151,org_0060,2026-05-18T17:29:45+00:00,2026-05-18T18:28:45+00:00,failed,feature/auth,push
pipeline_002779,project_00149,org_0053,2026-06-14T11:31:06+00:00,2026-06-14T12:00:06+00:00,success,main,scheduled
pipeline_002780,project_00142,org_0065,2026-04-07T08:34:01+00:00,2026-04-07T09:20:01+00:00,success,release,manual
pipeline_002781,project_00058,org_0052,2026-05-10T10:38:44+00:00,2026-05-10T12:15:44+00:00,success,feature/api,manual
pipeline_002782,project_00169,org_0005,2026-06-04T15:06:11+00:00,2026-06-04T15:53:11+00:00,success,main,manual
pipeline_002783,project_00108,org_0012,2026-04-20T22:07:25+00:00,2026-04-21T00:44:25+00:00,success,release,webhook
pipeline_002784,project_00185,org_0064,2026-04-13T20:24:26+00:00,2026-04-13T23:01:26+00:00,success,feature/auth,scheduled
pipeline_002785,project_00131,org_0095,2026-05-02T07:43:12+00:00,2026-05-02T08:22:12+00:00,success,main,webhook
pipeline_002786,project_00144,org_0031,2026-05-12T06:33:19+00:00,2026-05-12T07:00:19+00:00,success,develop,api
pipeline_002787,project_00149,org_0053,2026-04-05T10:23:50+00:00,2026-04-05T13:05:50+00:00,success,release,manual
pipeline_002788,project_00033,org_0025,2026-01-01T03:11:59+00:00,2026-01-01T05:20:59+00:00,canceled,develop,api
pipeline_002789,project_00137,org_0014,2026-06-05T09:29:13+00:00,2026-06-05T11:46:13+00:00,success,develop,manual
pipeline_002790,project_00011,org_0043,2026-06-19T06:57:33+00:00,2026-06-19T07:33:33+00:00,on_hold,feature/api,scheduled
pipeline_002791,project_00039,org_0096,2026-07-24T17:56:48+00:00,2026-07-24T19:50:48+00:00,success,main,scheduled
pipeline_002792,project_00006,org_0057,2026-08-31T01:00:32+00:00,2026-08-31T01:17:32+00:00,success,main,webhook
pipeline_002793,project_00029,org_0089,2026-08-16T18:33:25+00:00,2026-08-16T19:37:25+00:00,success,release,webhook
pipeline_002794,project_00053,org_0084,2026-06-08T05:03:07+00:00,2026-06-08T05:31:07+00:00,success,feature/api,scheduled
pipeline_002795,project_00001,org_0020,2026-05-13T17:08:43+00:00,2026-05-13T17:56:43+00:00,on_hold,main,api
pipeline_002796,project_00083,org_0057,2026-08-05T01:02:01+00:00,2026-08-05T03:13:01+00:00,success,feature/auth,push
pipeline_002797,project_00043,org_0095,2026-05-20T22:23:24+00:00,2026-05-20T23:35:24+00:00,failed,feature/api,webhook
pipeline_002798,project_00068,org_0055,2026-02-18T09:04:13+00:00,2026-02-18T11:42:13+00:00,success,feature/auth,push
pipeline_002799,project_00050,org_0077,2026-04-23T07:05:36+00:00,2026-04-23T08:16:36+00:00,success,release,scheduled
pipeline_002800,project_00103,org_0011,2026-01-25T12:52:35+00:00,2026-01-25T14:53:35+00:00,failed,feature/api,push
pipeline_002801,project_00198,org_0017,2026-07-20T07:29:07+00:00,2026-07-20T08:02:07+00:00,failed,release,manual
pipeline_002802,project_00147,org_0018,2026-08-01T06:52:42+00:00,2026-08-01T09:34:42+00:00,success,release,push
pipeline_002803,project_00103,org_0011,2026-06-29T07:35:22+00:00,2026-06-29T09:57:22+00:00,success,feature/auth,push
pipeline_002804,project_00114,org_0099,2026-04-16T04:41:31+00:00,2026-04-16T06:27:31+00:00,success,main,webhook
pipeline_002805,project_00084,org_0081,2026-08-30T18:33:48+00:00,2026-08-30T19:21:48+00:00,canceled,feature/api,api
pipeline_002806,project_00140,org_0030,2026-06-13T23:03:01+00:00,2026-06-14T01:41:01+00:00,success,release,webhook
pipeline_002807,project_00179,org_0021,2026-08-14T22:29:08+00:00,2026-08-15T00:11:08+00:00,success,release,scheduled
pipeline_002808,project_00080,org_0048,2026-07-16T19:00:08+00:00,2026-07-16T20:38:08+00:00,success,main,api
pipeline_002809,project_00088,org_0041,2026-08-17T11:50:23+00:00,2026-08-17T12:57:23+00:00,on_hold,main,push
pipeline_002810,project_00032,org_0046,2026-08-27T08:04:17+00:00,2026-08-27T08:39:17+00:00,failed,develop,push
pipeline_002811,project_00176,org_0024,2026-07-05T13:00:55+00:00,2026-07-05T14:33:55+00:00,success,feature/api,push
pipeline_002812,project_00090,org_0077,2026-02-14T00:51:27+00:00,2026-02-14T01:10:27+00:00,success,feature/api,push
pipeline_002813,project_00059,org_0059,2026-08-20T11:11:00+00:00,2026-08-20T13:29:00+00:00,failed,release,scheduled
pipeline_002814,project_00054,org_0032,2026-06-13T14:19:25+00:00,2026-06-13T15:40:25+00:00,success,develop,push
pipeline_002815,project_00132,org_0076,2026-08-13T23:10:37+00:00,2026-08-14T00:17:37+00:00,success,release,push
pipeline_002816,project_00098,org_0088,2026-07-08T13:15:49+00:00,2026-07-08T13:17:49+00:00,success,release,manual
pipeline_002817,project_00078,org_0062,2026-02-22T18:33:22+00:00,2026-02-22T19:50:22+00:00,success,release,api
pipeline_002818,project_00046,org_0095,2026-01-19T05:40:59+00:00,2026-01-19T06:56:59+00:00,canceled,feature/api,api
pipeline_002819,project_00190,org_0042,2026-08-05T05:18:29+00:00,2026-08-05T07:56:29+00:00,success,feature/api,scheduled
pipeline_002820,project_00013,org_0051,2026-05-07T22:41:27+00:00,2026-05-08T00:33:27+00:00,success,main,api
pipeline_002821,project_00081,org_0100,2026-06-14T12:09:04+00:00,2026-06-14T13:43:04+00:00,success,feature/api,api
pipeline_002822,project_00138,org_0054,2026-01-12T08:00:59+00:00,2026-01-12T10:27:59+00:00,success,feature/auth,api
pipeline_002823,project_00057,org_0049,2026-03-16T16:14:58+00:00,2026-03-16T18:24:58+00:00,failed,main,scheduled
pipeline_002824,project_00034,org_0084,2026-04-05T04:25:07+00:00,2026-04-05T06:00:07+00:00,success,feature/api,scheduled
pipeline_002825,project_00034,org_0084,2026-03-13T14:02:12+00:00,2026-03-13T15:50:12+00:00,success,feature/auth,push
pipeline_002826,project_00028,org_0055,2026-06-03T23:33:29+00:00,2026-06-04T02:15:29+00:00,success,release,api
pipeline_002827,project_00059,org_0059,2026-01-21T20:30:41+00:00,2026-01-21T20:33:41+00:00,success,feature/api,webhook
pipeline_002828,project_00048,org_0018,2026-02-15T23:42:04+00:00,2026-02-16T00:27:04+00:00,success,develop,scheduled
pipeline_002829,project_00110,org_0016,2026-07-05T18:41:02+00:00,2026-07-05T21:39:02+00:00,success,feature/auth,scheduled
pipeline_002830,project_00035,org_0054,2026-05-03T17:22:56+00:00,2026-05-03T19:59:56+00:00,success,main,push
pipeline_002831,project_00021,org_0079,2026-03-10T16:37:04+00:00,2026-03-10T17:49:04+00:00,failed,main,push
pipeline_002832,project_00096,org_0047,2026-07-15T11:39:35+00:00,2026-07-15T12:44:35+00:00,success,release,scheduled
pipeline_002833,project_00016,org_0027,2026-01-03T09:02:09+00:00,2026-01-03T11:20:09+00:00,success,feature/api,manual
pipeline_002834,project_00133,org_0098,2026-06-03T19:44:31+00:00,2026-06-03T21:48:31+00:00,failed,release,webhook
pipeline_002835,project_00051,org_0038,2026-01-31T17:33:54+00:00,2026-01-31T18:18:54+00:00,success,feature/auth,scheduled
pipeline_002836,project_00004,org_0044,2026-04-17T02:22:54+00:00,2026-04-17T04:17:54+00:00,success,feature/api,api
pipeline_002837,project_00043,org_0095,2026-06-15T01:10:36+00:00,2026-06-15T01:30:36+00:00,success,main,webhook
pipeline_002838,project_00014,org_0026,2026-03-21T04:24:04+00:00,2026-03-21T06:40:04+00:00,success,feature/api,api
pipeline_002839,project_00059,org_0059,2026-06-17T00:40:14+00:00,2026-06-17T02:09:14+00:00,success,feature/api,manual
pipeline_002840,project_00013,org_0051,2026-06-29T02:44:07+00:00,2026-06-29T05:06:07+00:00,success,develop,api
pipeline_002841,project_00068,org_0055,2026-07-19T15:21:00+00:00,2026-07-19T16:06:00+00:00,success,main,manual
pipeline_002842,project_00178,org_0061,2026-04-01T07:37:23+00:00,2026-04-01T09:46:23+00:00,success,feature/auth,api
pipeline_002843,project_00193,org_0076,2026-04-15T05:14:51+00:00,2026-04-15T05:27:51+00:00,success,feature/api,api
pipeline_002844,project_00079,org_0012,2026-05-23T16:40:12+00:00,2026-05-23T17:54:12+00:00,success,feature/auth,webhook
pipeline_002845,project_00051,org_0038,2026-01-30T18:55:52+00:00,2026-01-30T19:24:52+00:00,success,develop,webhook
pipeline_002846,project_00183,org_0076,2026-06-23T18:31:50+00:00,2026-06-23T19:45:50+00:00,failed,release,scheduled
pipeline_002847,project_00175,org_0065,2026-08-30T02:10:56+00:00,2026-08-30T02:32:56+00:00,success,feature/api,webhook
pipeline_002848,project_00063,org_0064,2026-04-24T23:20:13+00:00,2026-04-25T02:06:13+00:00,success,develop,scheduled
pipeline_002849,project_00044,org_0058,2026-01-12T22:11:32+00:00,2026-01-12T23:01:32+00:00,failed,release,manual
pipeline_002850,project_00098,org_0088,2026-03-07T21:52:02+00:00,2026-03-07T22:11:02+00:00,failed,feature/auth,push
pipeline_002851,project_00168,org_0036,2026-07-30T20:12:47+00:00,2026-07-30T20:28:47+00:00,failed,main,manual
pipeline_002852,project_00100,org_0028,2026-04-06T21:37:43+00:00,2026-04-06T21:48:43+00:00,success,develop,push
pipeline_002853,project_00099,org_0003,2026-08-25T11:10:48+00:00,2026-08-25T12:09:48+00:00,success,release,manual
pipeline_002854,project_00038,org_0037,2026-04-14T14:25:59+00:00,2026-04-14T17:05:59+00:00,failed,feature/auth,webhook
pipeline_002855,project_00079,org_0012,2026-01-05T14:07:35+00:00,2026-01-05T14:17:35+00:00,failed,main,manual
pipeline_002856,project_00018,org_0047,2026-06-03T22:08:50+00:00,2026-06-04T00:01:50+00:00,success,feature/auth,manual
pipeline_002857,project_00018,org_0047,2026-06-15T01:08:38+00:00,2026-06-15T02:37:38+00:00,on_hold,feature/auth,api
pipeline_002858,project_00066,org_0081,2026-05-20T14:27:05+00:00,2026-05-20T15:34:05+00:00,success,main,manual
pipeline_002859,project_00054,org_0032,2026-07-27T19:18:32+00:00,2026-07-27T20:51:32+00:00,success,feature/api,manual
pipeline_002860,project_00159,org_0008,2026-03-26T10:42:46+00:00,2026-03-26T12:38:46+00:00,failed,release,push
pipeline_002861,project_00004,org_0044,2026-05-05T11:15:47+00:00,2026-05-05T12:17:47+00:00,success,main,webhook
pipeline_002862,project_00138,org_0054,2026-06-27T06:49:34+00:00,2026-06-27T08:58:34+00:00,success,feature/auth,manual
pipeline_002863,project_00189,org_0026,2026-05-30T21:44:55+00:00,2026-05-31T00:24:55+00:00,success,feature/api,manual
pipeline_002864,project_00136,org_0098,2026-07-19T19:25:02+00:00,2026-07-19T20:05:02+00:00,failed,release,push
pipeline_002865,project_00079,org_0012,2026-05-03T03:22:18+00:00,2026-05-03T05:26:18+00:00,success,develop,scheduled
pipeline_002866,project_00027,org_0054,2026-04-17T12:06:35+00:00,2026-04-17T14:02:35+00:00,success,feature/auth,scheduled
pipeline_002867,project_00060,org_0001,2026-01-15T03:32:40+00:00,2026-01-15T03:55:40+00:00,failed,release,manual
pipeline_002868,project_00192,org_0047,2026-05-29T02:19:57+00:00,2026-05-29T03:24:57+00:00,success,develop,webhook
pipeline_002869,project_00143,org_0010,2026-03-29T22:03:11+00:00,2026-03-30T00:35:11+00:00,success,release,webhook
pipeline_002870,project_00061,org_0082,2026-08-09T14:15:59+00:00,2026-08-09T14:42:59+00:00,success,main,manual
pipeline_002871,project_00128,org_0060,2026-01-12T16:23:56+00:00,2026-01-12T18:04:56+00:00,canceled,develop,manual
pipeline_002872,project_00054,org_0032,2026-03-08T22:54:27+00:00,2026-03-09T01:07:27+00:00,failed,main,manual
pipeline_002873,project_00143,org_0010,2026-03-24T08:49:57+00:00,2026-03-24T09:32:57+00:00,success,main,push
pipeline_002874,project_00004,org_0044,2026-03-13T21:23:24+00:00,2026-03-13T22:22:24+00:00,success,main,push
pipeline_002875,project_00017,org_0074,2026-07-22T17:35:36+00:00,2026-07-22T19:14:36+00:00,success,feature/api,push
pipeline_002876,project_00012,org_0052,2026-01-12T13:45:38+00:00,2026-01-12T15:56:38+00:00,failed,release,manual
pipeline_002877,project_00174,org_0062,2026-07-06T17:48:49+00:00,2026-07-06T19:27:49+00:00,success,release,push
pipeline_002878,project_00076,org_0002,2026-03-15T12:52:39+00:00,2026-03-15T14:28:39+00:00,success,main,api
pipeline_002879,project_00016,org_0027,2026-04-02T08:31:09+00:00,2026-04-02T10:53:09+00:00,success,feature/auth,webhook
pipeline_002880,project_00165,org_0074,2026-02-03T00:44:44+00:00,2026-02-03T03:15:44+00:00,success,main,scheduled
pipeline_002881,project_00071,org_0048,2026-06-13T13:18:38+00:00,2026-06-13T15:39:38+00:00,success,develop,api
pipeline_002882,project_00080,org_0048,2026-06-08T17:03:43+00:00,2026-06-08T19:34:43+00:00,success,main,push
pipeline_002883,project_00001,org_0020,2026-03-19T02:40:25+00:00,2026-03-19T02:45:25+00:00,success,feature/api,webhook
pipeline_002884,project_00001,org_0020,2026-05-24T17:11:35+00:00,2026-05-24T18:23:35+00:00,canceled,release,scheduled
pipeline_002885,project_00113,org_0017,2026-01-29T22:41:48+00:00,2026-01-30T00:06:48+00:00,success,main,scheduled
pipeline_002886,project_00111,org_0090,2026-06-01T10:26:55+00:00,2026-06-01T12:15:55+00:00,success,main,push
pipeline_002887,project_missing_999,org_0064,2026-06-02T14:54:28+00:00,2026-06-02T16:29:28+00:00,success,main,push
pipeline_002888,project_00181,org_0050,2026-03-29T07:14:43+00:00,2026-03-29T08:27:43+00:00,success,feature/api,manual
pipeline_002889,project_00083,org_0057,2026-02-09T01:23:42+00:00,2026-02-09T03:06:42+00:00,success,release,api
pipeline_002890,project_00198,org_0017,2026-08-29T05:53:53+00:00,2026-08-29T07:54:53+00:00,success,release,push
pipeline_002891,project_00095,org_0082,2026-08-07T03:24:11+00:00,2026-08-07T04:14:11+00:00,success,release,webhook
pipeline_002892,project_00076,org_0002,2026-08-04T03:17:29+00:00,2026-08-04T03:54:29+00:00,success,release,manual
pipeline_002893,project_00160,org_0052,2026-06-07T09:15:48+00:00,2026-06-07T09:56:48+00:00,success,feature/api,push
pipeline_002894,project_00136,org_0098,2026-04-01T21:46:56+00:00,2026-04-02T00:05:56+00:00,success,release,manual
pipeline_002895,project_00163,org_0017,2026-08-08T17:11:51+00:00,2026-08-08T17:42:51+00:00,success,feature/api,manual
pipeline_002896,project_00019,org_0015,2026-05-22T09:30:44+00:00,2026-05-22T09:38:44+00:00,success,release,scheduled
pipeline_002897,project_00047,org_0081,2026-05-21T23:36:15+00:00,2026-05-22T01:33:15+00:00,failed,release,scheduled
pipeline_002898,project_00097,org_0073,2026-01-10T01:51:28+00:00,2026-01-10T04:49:28+00:00,success,develop,push
pipeline_002899,project_00023,org_0023,2026-02-21T12:51:48+00:00,2026-02-21T14:42:48+00:00,failed,feature/auth,scheduled
pipeline_002900,project_00162,org_0009,2026-07-22T17:10:29+00:00,2026-07-22T19:38:29+00:00,success,develop,scheduled
pipeline_002901,project_00004,org_0044,2026-04-28T13:36:27+00:00,2026-04-28T13:57:27+00:00,success,main,manual
pipeline_002902,project_00095,org_0082,2026-02-24T01:26:23+00:00,2026-02-24T01:45:23+00:00,failed,feature/auth,api
pipeline_002903,project_00131,org_0095,2026-05-03T01:59:49+00:00,2026-05-03T02:30:49+00:00,success,feature/api,api
pipeline_002904,project_00181,org_0050,2026-02-05T00:50:23+00:00,2026-02-05T03:42:23+00:00,failed,feature/api,api
pipeline_002905,project_00099,org_0003,2026-08-22T20:11:41+00:00,2026-08-22T20:59:41+00:00,failed,main,manual
pipeline_002906,project_00173,org_0032,2026-08-03T03:39:40+00:00,2026-08-03T04:17:40+00:00,success,release,manual
pipeline_002907,project_00104,org_0040,2026-02-23T12:07:00+00:00,2026-02-23T13:59:00+00:00,success,develop,webhook
pipeline_002908,project_00155,org_0066,2026-07-05T10:52:58+00:00,2026-07-05T12:18:58+00:00,success,main,scheduled
pipeline_002909,project_00014,org_0026,2026-04-13T15:46:10+00:00,2026-04-13T17:20:10+00:00,success,develop,push
pipeline_002910,project_00142,org_0065,2026-05-15T14:39:10+00:00,2026-05-15T17:34:10+00:00,success,feature/api,push
pipeline_002911,project_00082,org_0009,2026-06-18T23:35:25+00:00,2026-06-19T01:45:25+00:00,success,release,webhook
pipeline_002912,project_00033,org_0025,2026-05-23T14:15:42+00:00,2026-05-23T16:23:42+00:00,failed,release,push
pipeline_002913,project_00188,org_0062,2026-01-20T07:59:34+00:00,2026-01-20T08:16:34+00:00,success,develop,api
pipeline_002914,project_00105,org_0020,2026-04-17T20:12:05+00:00,2026-04-17T20:26:05+00:00,success,develop,webhook
pipeline_002915,project_00072,org_0081,2026-07-02T12:44:33+00:00,2026-07-02T13:30:33+00:00,success,release,manual
pipeline_002916,project_00084,org_0081,2026-04-19T17:46:32+00:00,2026-04-19T17:48:32+00:00,success,feature/api,manual
pipeline_002917,project_missing_999,org_0023,2026-07-20T16:05:15+00:00,2026-07-20T16:52:15+00:00,success,feature/auth,scheduled
pipeline_002918,project_00062,org_0051,2026-02-04T23:41:40+00:00,2026-02-05T00:16:40+00:00,on_hold,main,scheduled
pipeline_002919,project_00139,org_0092,2026-05-25T21:55:55+00:00,2026-05-25T21:57:55+00:00,success,main,api
pipeline_002920,project_00144,org_0031,2026-01-23T21:56:13+00:00,2026-01-23T22:20:13+00:00,success,feature/auth,push
pipeline_002921,project_00157,org_0058,2026-03-11T03:04:57+00:00,2026-03-11T05:03:57+00:00,failed,main,push
pipeline_002922,project_00081,org_0100,2026-03-14T04:59:28+00:00,2026-03-14T06:49:28+00:00,success,main,api
pipeline_002923,project_00059,org_0059,2026-06-21T02:35:10+00:00,2026-06-21T02:49:10+00:00,failed,develop,webhook
pipeline_002924,project_00012,org_0052,2026-01-13T17:58:46+00:00,2026-01-13T19:57:46+00:00,success,feature/api,manual
pipeline_002925,project_00081,org_0100,2026-01-06T17:04:06+00:00,2026-01-06T17:06:06+00:00,canceled,feature/auth,push
pipeline_002926,project_00130,org_0026,2026-08-11T22:05:27+00:00,2026-08-11T23:25:27+00:00,success,feature/auth,api
pipeline_002927,project_00059,org_0059,2026-02-24T16:48:36+00:00,2026-02-24T19:14:36+00:00,success,feature/api,manual
pipeline_002928,project_00143,org_0010,2026-08-11T13:31:59+00:00,2026-08-11T14:26:59+00:00,failed,feature/api,api
pipeline_002929,project_00034,org_0084,2026-08-20T03:27:37+00:00,2026-08-20T04:33:37+00:00,success,feature/api,push
pipeline_002930,project_00106,org_0082,2026-02-04T05:03:55+00:00,2026-02-04T07:43:55+00:00,unknown_status,release,webhook
pipeline_002931,project_00122,org_0050,2026-03-20T12:29:48+00:00,2026-03-20T13:49:48+00:00,failed,main,webhook
pipeline_002932,project_00198,org_0017,2026-01-28T11:11:18+00:00,2026-01-28T11:21:18+00:00,success,main,webhook
pipeline_002933,project_00091,org_0085,2026-08-07T01:22:33+00:00,2026-08-07T04:12:33+00:00,success,develop,webhook
pipeline_002934,project_00018,org_0047,2026-07-01T20:36:43+00:00,2026-07-01T21:52:43+00:00,success,feature/auth,scheduled
pipeline_002935,project_00066,org_0081,2026-07-23T12:12:03+00:00,2026-07-23T13:14:03+00:00,success,develop,scheduled
pipeline_002936,project_00136,org_0098,2026-01-24T11:40:20+00:00,2026-01-24T13:24:20+00:00,failed,release,scheduled
pipeline_002937,project_00010,org_0067,2026-06-16T17:03:27+00:00,2026-06-16T18:58:27+00:00,success,release,webhook
pipeline_002938,project_00184,org_0073,2026-04-08T14:56:48+00:00,2026-04-08T16:13:48+00:00,canceled,release,webhook
pipeline_002939,project_00141,org_0059,2026-04-28T22:07:38+00:00,2026-04-28T22:53:38+00:00,success,develop,scheduled
pipeline_002940,project_00162,org_0009,2026-04-26T16:46:18+00:00,2026-04-26T18:30:18+00:00,canceled,release,push
pipeline_002941,project_00085,org_0088,2026-05-10T17:02:08+00:00,2026-05-10T17:16:08+00:00,success,feature/api,api
pipeline_002942,project_00181,org_0050,2026-01-20T11:09:40+00:00,2026-01-20T12:50:40+00:00,success,release,api
pipeline_002943,project_00091,org_0085,2026-02-01T02:13:42+00:00,2026-02-01T03:47:42+00:00,canceled,develop,webhook
pipeline_002944,project_00145,org_0051,2026-03-12T23:33:39+00:00,2026-03-12T23:36:39+00:00,success,release,api
pipeline_002945,project_00197,org_0023,2026-05-07T01:02:53+00:00,2026-05-07T01:30:53+00:00,success,feature/auth,push
pipeline_002946,project_00171,org_0008,2026-08-22T01:13:45+00:00,2026-08-22T01:40:45+00:00,failed,main,push
pipeline_002947,project_00026,org_0048,2026-06-29T16:40:26+00:00,2026-06-29T18:50:26+00:00,canceled,main,manual
pipeline_002948,project_00176,org_0024,2026-01-08T09:59:35+00:00,2026-01-08T10:36:35+00:00,success,feature/auth,scheduled
pipeline_002949,project_00175,org_0065,2026-06-01T02:20:58+00:00,2026-06-01T02:34:58+00:00,success,develop,webhook
pipeline_002950,project_00163,org_0017,2026-01-10T05:46:00+00:00,2026-01-10T07:30:00+00:00,failed,feature/auth,webhook
pipeline_002951,project_00081,org_0100,2026-04-15T02:24:00+00:00,2026-04-15T05:23:00+00:00,canceled,develop,push
pipeline_002952,project_00022,org_0045,2026-02-22T12:27:52+00:00,2026-02-22T13:14:52+00:00,success,feature/auth,manual
pipeline_002953,project_00092,org_0078,2026-01-24T02:46:34+00:00,2026-01-24T02:49:34+00:00,success,feature/api,push
pipeline_002954,project_00021,org_0079,2026-05-05T02:01:34+00:00,2026-05-05T02:30:34+00:00,success,develop,api
pipeline_002955,project_00168,org_0036,2026-08-17T10:25:35+00:00,2026-08-17T11:32:35+00:00,success,release,api
pipeline_002956,project_00009,org_0087,2026-06-20T03:01:51+00:00,2026-06-20T04:14:51+00:00,success,feature/api,push
pipeline_002957,project_00196,org_0023,2026-06-22T00:31:15+00:00,2026-06-22T01:20:15+00:00,failed,feature/api,manual
pipeline_002958,project_00141,org_0059,2026-01-20T05:32:10+00:00,2026-01-20T07:03:10+00:00,failed,release,api
pipeline_002959,project_00165,org_0074,2026-01-11T21:26:52+00:00,2026-01-11T22:26:52+00:00,success,main,push
pipeline_002960,project_00003,org_0015,2026-06-02T11:57:12+00:00,2026-06-02T13:11:12+00:00,canceled,release,webhook
pipeline_002961,project_00078,org_0062,2026-01-05T17:45:25+00:00,2026-01-05T18:38:25+00:00,success,release,push
pipeline_002962,project_00001,org_0020,2026-04-18T17:52:25+00:00,2026-04-18T19:22:25+00:00,success,main,webhook
pipeline_002963,project_00110,org_0016,2026-01-18T17:05:21+00:00,2026-01-18T19:15:21+00:00,success,feature/auth,push
pipeline_002964,project_00019,org_0015,2026-07-30T18:53:59+00:00,2026-07-30T20:10:59+00:00,unknown_status,main,webhook
pipeline_002965,project_00168,org_0036,2026-05-11T19:18:12+00:00,2026-05-11T21:56:12+00:00,success,develop,manual
pipeline_002966,project_00092,org_0078,2026-05-15T09:57:43+00:00,2026-05-15T11:00:43+00:00,canceled,release,api
pipeline_002967,project_00038,org_0037,2026-01-18T17:59:52+00:00,2026-01-18T19:32:52+00:00,success,main,push
pipeline_002968,project_00105,org_0020,2026-07-09T02:10:10+00:00,2026-07-09T04:36:10+00:00,canceled,main,push
pipeline_002969,project_00102,org_0099,2026-08-10T19:54:15+00:00,2026-08-10T21:44:15+00:00,canceled,release,push
pipeline_002970,project_00019,org_0015,2026-08-01T07:56:33+00:00,2026-08-01T09:36:33+00:00,failed,feature/api,api
pipeline_002971,project_00012,org_0052,2026-04-04T20:12:35+00:00,2026-04-04T22:15:35+00:00,success,develop,webhook
pipeline_002972,project_00170,org_0064,2026-03-17T06:46:12+00:00,2026-03-17T09:12:12+00:00,failed,feature/auth,manual
pipeline_002973,project_00179,org_0021,2026-05-26T14:57:39+00:00,2026-05-26T15:55:39+00:00,success,feature/api,scheduled
pipeline_002974,project_00118,org_0073,2026-05-27T09:40:47+00:00,2026-05-27T10:21:47+00:00,success,main,webhook
pipeline_002975,project_00042,org_0070,2026-05-16T03:01:30+00:00,2026-05-16T03:04:30+00:00,success,develop,scheduled
pipeline_002976,project_00081,org_0100,2026-04-10T01:44:25+00:00,2026-04-10T02:18:25+00:00,failed,develop,api
pipeline_002977,project_00028,org_0055,2026-06-28T09:43:04+00:00,2026-06-28T12:01:04+00:00,success,release,push
pipeline_002978,project_00161,org_0075,2026-03-14T12:49:26+00:00,2026-03-14T15:39:26+00:00,canceled,develop,webhook
pipeline_002979,project_00057,org_0049,2026-04-30T12:06:51+00:00,2026-04-30T13:31:51+00:00,failed,main,push
pipeline_002980,project_00189,org_0026,2026-01-13T09:46:46+00:00,2026-01-13T12:13:46+00:00,success,feature/api,push
pipeline_002981,project_00092,org_0078,2026-04-05T20:54:14+00:00,2026-04-05T20:56:14+00:00,success,release,manual
pipeline_002982,project_00106,org_0082,2026-07-18T05:36:55+00:00,2026-07-18T06:41:55+00:00,success,develop,push
pipeline_002983,project_00023,org_0023,2026-05-30T03:22:57+00:00,2026-05-30T05:03:57+00:00,success,develop,manual
pipeline_002984,project_00002,org_0014,2026-04-20T08:36:28+00:00,2026-04-20T11:30:28+00:00,success,feature/api,api
pipeline_002985,project_00194,org_0042,2026-08-07T11:33:31+00:00,2026-08-07T13:56:31+00:00,failed,release,scheduled
pipeline_002986,project_00083,org_0057,2026-08-08T15:42:53+00:00,2026-08-08T16:30:53+00:00,success,release,manual
pipeline_002987,project_00198,org_0017,2026-06-14T11:17:05+00:00,2026-06-14T12:37:05+00:00,success,main,webhook
pipeline_002988,project_00062,org_0051,2026-06-12T18:06:40+00:00,2026-06-12T20:58:40+00:00,failed,develop,push
pipeline_002989,project_00178,org_0061,2026-02-24T22:33:07+00:00,2026-02-25T00:31:07+00:00,success,release,webhook
pipeline_002990,project_00020,org_0068,2026-04-10T08:33:01+00:00,2026-04-10T10:32:01+00:00,on_hold,main,manual
pipeline_002991,project_00033,org_0025,2026-01-01T10:13:41+00:00,2026-01-01T12:07:41+00:00,success,feature/auth,webhook
pipeline_002992,project_00058,org_0052,2026-08-02T21:10:58+00:00,2026-08-02T21:12:58+00:00,success,feature/api,webhook
pipeline_002993,project_00026,org_0048,2026-08-25T02:55:07+00:00,2026-08-25T05:45:07+00:00,success,feature/auth,manual
pipeline_002994,project_00032,org_0046,2026-07-22T19:45:35+00:00,2026-07-22T22:12:35+00:00,canceled,main,api
pipeline_002995,project_00145,org_0051,2026-02-06T16:27:43+00:00,2026-02-06T18:19:43+00:00,success,main,manual
pipeline_002996,project_00112,org_0045,2026-03-24T02:43:34+00:00,2026-03-24T05:01:34+00:00,success,release,manual
pipeline_002997,project_00021,org_0079,2026-08-17T13:36:07+00:00,2026-08-17T14:57:07+00:00,success,feature/api,scheduled
pipeline_002998,project_00043,org_0095,2026-02-06T13:58:25+00:00,2026-02-06T15:36:25+00:00,success,main,push
pipeline_002999,project_00193,org_0076,2026-05-12T21:56:52+00:00,2026-05-12T22:57:52+00:00,success,release,webhook
pipeline_003000,project_00018,org_0047,2026-08-01T14:57:58+00:00,2026-08-01T16:34:58+00:00,success,develop,manual
pipeline_000904,project_00024,org_0011,2026-08-27T05:42:01+00:00,2026-08-27T08:23:01+00:00,success,develop,webhook
pipeline_000602,project_00135,org_0045,2026-02-17T15:44:05+00:00,2026-02-17T17:45:05+00:00,failed,release,api
pipeline_002838,project_00014,org_0026,2026-03-21T04:24:04+00:00,2026-03-21T06:40:04+00:00,success,feature/api,api
pipeline_000490,project_00040,org_0015,2026-04-23T00:44:36+00:00,2026-04-23T03:36:36+00:00,success,main,push
pipeline_002408,project_00073,org_0055,2026-04-19T11:31:35+00:00,2026-04-19T12:17:35+00:00,success,main,scheduled
pipeline_002265,project_00121,org_0032,2026-03-02T13:10:51+00:00,2026-03-02T13:44:51+00:00,success,release,api
pipeline_000921,project_00113,org_0017,2026-02-07T03:42:57+00:00,2026-02-07T06:23:57+00:00,success,main,push
pipeline_001939,project_00113,org_0017,2026-07-13T01:36:53+00:00,2026-07-13T04:08:53+00:00,success,develop,push
pipeline_000165,project_00005,org_0062,2026-06-01T06:25:13+00:00,2026-06-01T09:18:13+00:00,success,main,manual
pipeline_000201,project_00043,org_0095,2026-03-31T07:40:09+00:00,2026-03-31T08:00:09+00:00,success,feature/auth,webhook
pipeline_001851,project_00064,org_0044,2026-03-10T21:05:59+00:00,2026-03-10T23:30:59+00:00,success,release,webhook
pipeline_002347,project_00102,org_0099,2026-01-01T20:58:31+00:00,2026-01-01T22:49:31+00:00,success,main,api
