workflow_id,pipeline_id,project_id,organization_id,workflow_name,created_at,status,duration_seconds
workflow_000001,pipeline_002384,project_00169,org_0005,lint,2026-05-10T10:16:09+00:00,failed,3321
workflow_000002,pipeline_002086,project_00136,org_0098,test,2026-04-20T11:28:17+00:00,success,1303
workflow_000003,pipeline_000219,project_00109,org_0079,build-and-test,2026-02-21T23:52:51+00:00,running,595
workflow_000004,pipeline_000689,project_00046,org_0095,lint,2026-08-05T04:30:29+00:00,success,251
workflow_000005,pipeline_000728,project_00055,org_0032,integration-tests,2026-04-17T14:57:59+00:00,success,1236
workflow_000006,pipeline_002199,project_00163,org_0017,deploy,2026-07-30T06:14:24+00:00,success,3465
workflow_000007,pipeline_000937,project_00088,org_0041,deploy,2026-03-15T12:55:18+00:00,success,666
workflow_000008,pipeline_000243,project_00132,org_0076,test,2026-04-11T01:52:35+00:00,success,1171
workflow_000009,pipeline_001996,project_00197,org_0023,test,2026-03-15T09:19:21+00:00,success,3024
workflow_000010,pipeline_000540,project_00146,org_0035,integration-tests,2026-07-27T21:23:44+00:00,failed,300
workflow_000011,pipeline_001727,project_00054,org_0032,test,2026-01-08T06:28:23+00:00,success,2940
workflow_000012,pipeline_000804,project_00122,org_0050,build-and-test,2026-06-13T20:11:57+00:00,success,3043
workflow_000013,pipeline_002570,project_00102,org_0099,build-and-test,2026-07-23T11:51:39+00:00,success,2627
workflow_000014,pipeline_000852,project_00021,org_0079,build-and-test,2026-02-05T19:49:09+00:00,success,2956
workflow_000015,pipeline_002851,project_00168,org_0036,deploy,2026-07-30T20:12:47+00:00,success,567
workflow_000016,pipeline_000535,project_00187,org_0078,lint,2026-04-08T07:43:38+00:00,success,3513
workflow_000017,pipeline_000521,project_00141,org_0059,build-and-test,2026-01-05T02:35:38+00:00,success,2970
workflow_000018,pipeline_000795,project_00151,org_0060,build-and-test,2026-06-26T16:53:24+00:00,failed,3140
workflow_000019,pipeline_000536,project_00168,org_0036,integration-tests,2026-01-01T08:05:13+00:00,success,1404
workflow_000020,pipeline_000193,project_00189,org_0026,lint,2026-07-07T18:34:42+00:00,success,837
workflow_000021,pipeline_000012,project_00168,org_0036,build-and-test,2026-03-06T01:53:07+00:00,success,3278
workflow_000022,pipeline_002437,project_00161,org_0075,deploy,2026-08-11T00:40:10+00:00,canceled,1832
workflow_000023,pipeline_001872,project_00049,org_0073,lint,2026-08-13T03:54:27+00:00,success,2424
workflow_000024,pipeline_000394,project_00060,org_0001,integration-tests,2026-03-31T16:15:33+00:00,success,570
workflow_000025,pipeline_000291,project_00040,org_0015,build-and-test,2026-04-28T21:30:16+00:00,success,2480
workflow_000026,pipeline_000368,project_00190,org_0042,lint,2026-01-22T04:19:52+00:00,failed,3359
workflow_000027,pipeline_002809,project_00088,org_0041,build-and-test,2026-08-17T11:50:23+00:00,success,1578
workflow_000028,pipeline_002491,project_00136,org_0098,build-and-test,2026-07-16T04:57:27+00:00,failed,681
workflow_000029,pipeline_002385,project_00025,org_0031,integration-tests,2026-08-17T11:23:35+00:00,success,3246
workflow_000030,pipeline_000120,project_00134,org_0053,test,2026-05-26T04:54:38+00:00,success,3068
workflow_000031,pipeline_002217,project_00197,org_0023,test,2026-08-27T02:04:29+00:00,success,1615
workflow_000032,pipeline_001606,project_00068,org_0055,deploy,2026-08-12T18:35:03+00:00,success,362
workflow_000033,pipeline_000832,project_00193,org_0076,build-and-test,2026-07-25T16:41:54+00:00,success,87
workflow_000034,pipeline_002053,project_00040,org_0015,build-and-test,2026-08-11T02:34:35+00:00,success,2312
workflow_000035,pipeline_001510,project_00009,org_0087,lint,2026-07-30T07:36:14+00:00,failed,1640
workflow_000036,pipeline_001887,project_00035,org_0054,build-and-test,2026-04-27T12:08:21+00:00,success,2898
workflow_000037,pipeline_001614,project_00186,org_0005,deploy,2026-08-09T01:27:36+00:00,success,2127
workflow_000038,pipeline_001613,project_00064,org_0044,test,2026-02-02T13:54:00+00:00,success,1271
workflow_000039,pipeline_002381,project_00071,org_0048,test,2026-05-01T23:17:00+00:00,failed,3238
workflow_000040,pipeline_001044,project_00156,org_0034,test,2026-07-06T17:47:38+00:00,success,1836
workflow_000041,pipeline_001768,project_00074,org_0001,lint,2026-01-11T01:46:58+00:00,running,2835
workflow_000042,pipeline_001255,project_00029,org_0089,integration-tests,2026-03-02T12:58:31+00:00,failed,2967
workflow_000043,pipeline_000921,project_00113,org_0017,integration-tests,2026-02-07T03:42:57+00:00,success,64
workflow_000044,pipeline_001239,project_00024,org_0011,integration-tests,2026-05-06T11:04:33+00:00,success,1888
workflow_000045,pipeline_000778,project_00084,org_0081,deploy,2026-08-10T00:56:28+00:00,failed,1608
workflow_000046,pipeline_000552,project_00162,org_0009,lint,2026-01-20T09:38:32+00:00,failed,511
workflow_000047,pipeline_000363,project_00023,org_0023,test,2026-02-13T16:51:15+00:00,canceled,1077
workflow_000048,pipeline_000887,project_00105,org_0020,lint,2026-06-23T04:51:21+00:00,success,3424
workflow_000049,pipeline_001408,project_00078,org_0062,integration-tests,2026-05-11T08:44:22+00:00,failed,1121
workflow_000050,pipeline_002759,project_00153,org_0006,deploy,2026-04-23T06:39:43+00:00,success,2138
workflow_000051,pipeline_002103,project_00041,org_0047,build-and-test,2026-08-19T15:02:13+00:00,success,2049
workflow_000052,pipeline_002434,project_00056,org_0074,integration-tests,2026-06-09T22:20:16+00:00,success,2580
workflow_000053,pipeline_001670,project_00024,org_0011,deploy,2026-07-10T06:03:55+00:00,success,2996
workflow_000054,pipeline_001275,project_00187,org_0078,build-and-test,2026-08-25T09:51:28+00:00,success,2368
workflow_000055,pipeline_002797,project_00043,org_0095,lint,2026-05-20T22:23:24+00:00,success,853
workflow_000056,pipeline_002293,project_00146,org_0035,test,2026-03-17T05:04:54+00:00,failed,578
workflow_000057,pipeline_002950,project_00163,org_0017,test,2026-01-10T05:46:00+00:00,canceled,794
workflow_000058,pipeline_001498,project_00034,org_0084,build-and-test,2026-08-24T09:29:01+00:00,success,996
workflow_000059,pipeline_000922,project_00016,org_0027,deploy,2026-01-13T22:47:08+00:00,success,858
workflow_000060,pipeline_000143,project_00163,org_0017,deploy,2026-05-23T19:35:44+00:00,success,2923
workflow_000061,pipeline_001499,project_00020,org_0068,integration-tests,2026-04-08T04:01:20+00:00,success,144
workflow_000062,pipeline_001532,project_00076,org_0002,test,2026-08-30T12:40:50+00:00,success,1942
workflow_000063,pipeline_002981,project_00092,org_0078,lint,2026-04-05T20:54:14+00:00,canceled,2338
workflow_000064,pipeline_002766,project_00038,org_0037,test,2026-02-13T11:30:43+00:00,success,3290
workflow_000065,pipeline_001858,project_00012,org_0052,lint,2026-07-29T12:16:14+00:00,success,2981
workflow_000066,pipeline_001099,project_00075,org_0017,test,2026-05-27T07:10:44+00:00,canceled,1506
workflow_000067,pipeline_000983,project_00116,org_0081,lint,2026-04-29T07:30:05+00:00,success,1964
workflow_000068,pipeline_001110,project_00014,org_0026,lint,2026-02-15T13:45:06+00:00,success,3012
workflow_000069,pipeline_002436,project_00193,org_0076,integration-tests,2026-06-25T16:15:42+00:00,success,3335
workflow_000070,pipeline_000261,project_00157,org_0058,lint,2026-04-11T20:35:11+00:00,success,1178
workflow_000071,pipeline_000519,project_00168,org_0036,build-and-test,2026-08-15T20:55:21+00:00,success,1199
workflow_000072,pipeline_001516,project_00022,org_0045,build-and-test,2026-04-08T01:32:26+00:00,success,62
workflow_000073,pipeline_002346,project_00059,org_0059,test,2026-01-16T17:53:55+00:00,canceled,2562
workflow_000074,pipeline_001255,project_00029,org_0089,integration-tests,2026-03-02T12:58:31+00:00,success,1429
workflow_000075,pipeline_000760,project_00098,org_0088,lint,2026-04-28T11:34:22+00:00,success,1353
workflow_000076,pipeline_001521,project_00105,org_0020,integration-tests,2026-01-23T18:03:00+00:00,success,1267
workflow_000077,pipeline_001830,project_00019,org_0015,deploy,2026-03-12T13:19:21+00:00,success,1011
workflow_000078,pipeline_000056,project_00071,org_0048,lint,2026-04-12T10:03:56+00:00,failed,1161
workflow_000079,pipeline_000560,project_00200,org_0024,deploy,2026-03-03T06:22:14+00:00,success,2968
workflow_000080,pipeline_002411,project_00100,org_0028,build-and-test,2026-04-15T17:13:20+00:00,success,1606
workflow_000081,pipeline_000502,project_00188,org_0062,test,2026-05-09T17:56:03+00:00,success,2764
workflow_000082,pipeline_001085,project_00197,org_0023,integration-tests,2026-04-19T21:07:28+00:00,success,1045
workflow_000083,pipeline_000645,project_00075,org_0017,lint,2026-04-24T06:30:23+00:00,failed,1262
workflow_000084,pipeline_001298,project_00022,org_0045,test,2026-02-25T01:05:34+00:00,success,3346
workflow_000085,pipeline_000229,project_00141,org_0059,lint,2026-08-27T11:07:52+00:00,success,931
workflow_000086,pipeline_002695,project_00043,org_0095,lint,2026-08-16T22:06:48+00:00,success,2818
workflow_000087,pipeline_000075,project_00083,org_0057,build-and-test,2026-07-26T05:35:37+00:00,success,2840
workflow_000088,pipeline_002994,project_00032,org_0046,build-and-test,2026-07-22T19:45:35+00:00,success,2204
workflow_000089,pipeline_001460,project_00196,org_0023,deploy,2026-04-28T15:30:40+00:00,success,522
workflow_000090,pipeline_000326,project_00049,org_0073,test,2026-07-23T12:41:03+00:00,failed,1859
workflow_000091,pipeline_000379,project_00183,org_0076,integration-tests,2026-01-09T08:17:13+00:00,success,670
workflow_000092,pipeline_000857,project_00181,org_0050,test,2026-07-19T07:14:07+00:00,failed,2724
workflow_000093,pipeline_001145,project_00176,org_0024,deploy,2026-07-19T10:46:35+00:00,success,2100
workflow_000094,pipeline_001887,project_00035,org_0054,test,2026-04-27T12:08:21+00:00,success,2816
workflow_000095,pipeline_002665,project_00133,org_0098,lint,2026-02-03T19:45:18+00:00,success,2066
workflow_000096,pipeline_000795,project_00151,org_0060,deploy,2026-06-26T16:53:24+00:00,failed,3371
workflow_000097,pipeline_002772,project_00139,org_0092,build-and-test,2026-01-19T04:24:56+00:00,failed,1713
workflow_000098,pipeline_001399,project_00127,org_0067,deploy,2026-03-21T21:18:47+00:00,success,1851
workflow_000099,pipeline_001896,project_00117,org_0066,lint,2026-03-01T16:22:11+00:00,success,1791
workflow_000100,pipeline_001640,project_00020,org_0068,test,2026-01-21T06:26:18+00:00,success,828
workflow_000101,pipeline_001918,project_00185,org_0064,build-and-test,2026-02-05T02:53:30+00:00,success,283
workflow_000102,pipeline_002645,project_00043,org_0095,build-and-test,2026-02-23T16:17:42+00:00,canceled,2607
workflow_000103,pipeline_002869,project_00143,org_0010,test,2026-03-29T22:03:11+00:00,failed,3362
workflow_000104,pipeline_001800,project_00027,org_0054,integration-tests,2026-04-27T12:46:30+00:00,success,1535
workflow_000105,pipeline_001334,project_00198,org_0017,integration-tests,2026-04-12T03:50:49+00:00,success,216
workflow_000106,pipeline_000149,project_00147,org_0018,build-and-test,2026-08-02T15:51:52+00:00,canceled,2011
workflow_000107,pipeline_002796,project_00083,org_0057,deploy,2026-08-05T01:02:01+00:00,failed,299
workflow_000108,pipeline_001267,project_00022,org_0045,deploy,2026-08-10T09:55:45+00:00,success,2743
workflow_000109,pipeline_000799,project_00169,org_0005,build-and-test,2026-08-22T17:59:51+00:00,success,2504
workflow_000110,pipeline_001234,project_00047,org_0081,deploy,2026-06-15T03:33:59+00:00,canceled,2865
workflow_000111,pipeline_000506,project_00033,org_0025,deploy,2026-07-16T08:29:50+00:00,failed,2197
workflow_000112,pipeline_002571,project_00051,org_0038,build-and-test,2026-03-20T16:59:17+00:00,success,703
workflow_000113,pipeline_000144,project_00199,org_0090,deploy,2026-03-17T03:31:45+00:00,success,1578
workflow_000114,pipeline_002550,project_00112,org_0045,test,2026-04-14T07:39:32+00:00,success,661
workflow_000115,pipeline_002123,project_00002,org_0014,lint,2026-08-30T20:50:26+00:00,success,2982
workflow_000116,pipeline_000110,project_00062,org_0051,integration-tests,2026-05-09T12:09:48+00:00,success,2387
workflow_000117,pipeline_002975,project_00042,org_0070,lint,2026-05-16T03:01:30+00:00,failed,1438
workflow_000118,pipeline_000524,project_00024,org_0011,test,2026-01-23T02:10:40+00:00,canceled,1472
workflow_000119,pipeline_002701,project_00120,org_0030,deploy,2026-02-24T05:29:34+00:00,canceled,637
workflow_000120,pipeline_000693,project_00015,org_0050,deploy,2026-06-01T23:58:15+00:00,success,3187
workflow_000121,pipeline_001814,project_00164,org_0006,deploy,2026-05-14T02:07:13+00:00,failed,808
workflow_000122,pipeline_002139,project_00053,org_0084,integration-tests,2026-02-16T17:30:37+00:00,success,35
workflow_000123,pipeline_001177,project_00022,org_0045,test,2026-06-16T14:07:18+00:00,failed,2861
workflow_000124,pipeline_002841,project_00068,org_0055,deploy,2026-07-19T15:21:00+00:00,failed,953
workflow_000125,pipeline_000530,project_00086,org_0013,deploy,2026-01-24T07:47:13+00:00,success,386
workflow_000126,pipeline_002078,project_00025,org_0031,test,2026-01-07T08:45:35+00:00,running,1953
workflow_000127,pipeline_001627,project_00192,org_0047,build-and-test,2026-02-22T13:27:11+00:00,canceled,2287
workflow_000128,pipeline_001881,project_00051,org_0038,build-and-test,2026-05-18T10:55:38+00:00,success,1623
workflow_000129,pipeline_002487,project_00041,org_0047,lint,2026-05-18T17:49:14+00:00,failed,524
workflow_000130,pipeline_002072,project_00128,org_0060,deploy,2026-04-27T14:30:23+00:00,failed,848
workflow_000131,pipeline_001562,project_00089,org_0083,build-and-test,2026-04-21T14:26:38+00:00,success,2042
workflow_000132,pipeline_000511,project_00038,org_0037,deploy,2026-08-20T06:52:23+00:00,success,1480
workflow_000133,pipeline_002642,project_00143,org_0010,integration-tests,2026-05-16T06:32:34+00:00,success,2316
workflow_000134,pipeline_002777,project_00172,org_0018,integration-tests,2026-07-05T07:13:37+00:00,success,779
workflow_000135,pipeline_002893,project_00160,org_0052,build-and-test,2026-06-07T09:15:48+00:00,canceled,2049
workflow_000136,pipeline_002729,project_00112,org_0045,lint,2026-01-02T01:27:51+00:00,canceled,3151
workflow_000137,pipeline_001074,project_00155,org_0066,integration-tests,2026-02-17T17:27:36+00:00,failed,3222
workflow_000138,pipeline_001649,project_00050,org_0077,lint,2026-01-03T04:19:52+00:00,success,1842
workflow_000139,pipeline_001076,project_00106,org_0082,deploy,2026-03-14T23:40:50+00:00,success,917
workflow_000140,pipeline_002830,project_00035,org_0054,deploy,2026-05-03T17:22:56+00:00,success,691
workflow_000141,pipeline_002917,project_00167,org_0023,integration-tests,2026-07-20T16:05:15+00:00,success,464
workflow_000142,pipeline_002489,project_00076,org_0002,test,2026-03-16T10:30:46+00:00,success,660
workflow_000143,pipeline_001418,project_00032,org_0046,integration-tests,2026-06-18T08:08:11+00:00,running,3544
workflow_000144,pipeline_002319,project_00135,org_0045,deploy,2026-01-28T20:08:12+00:00,failed,2753
workflow_000145,pipeline_002808,project_00080,org_0048,deploy,2026-07-16T19:00:08+00:00,success,1478
workflow_000146,pipeline_001659,project_00171,org_0008,build-and-test,2026-01-24T21:04:00+00:00,success,3393
workflow_000147,pipeline_002532,project_00013,org_0051,test,2026-07-17T01:18:21+00:00,success,2717
workflow_000148,pipeline_000202,project_00039,org_0096,lint,2026-03-14T14:05:13+00:00,success,2632
workflow_000149,pipeline_002958,project_00141,org_0059,lint,2026-01-20T05:32:10+00:00,failed,1032
workflow_000150,pipeline_000274,project_00091,org_0085,build-and-test,2026-05-07T06:03:39+00:00,success,1142
workflow_000151,pipeline_001626,project_00133,org_0098,lint,2026-08-23T18:30:50+00:00,success,3420
workflow_000152,pipeline_000968,project_00026,org_0048,build-and-test,2026-02-16T01:19:09+00:00,success,1321
workflow_000153,pipeline_000939,project_00077,org_0016,integration-tests,2026-06-12T14:31:22+00:00,canceled,3192
workflow_000154,pipeline_000500,project_00149,org_0053,integration-tests,2026-05-02T08:42:30+00:00,success,85
workflow_000155,pipeline_002704,project_00195,org_0082,build-and-test,2026-06-19T23:04:19+00:00,success,1608
workflow_000156,pipeline_000715,project_00062,org_0051,lint,2026-02-28T10:30:24+00:00,success,2113
workflow_000157,pipeline_001175,project_00004,org_0044,lint,2026-04-02T20:23:08+00:00,success,3422
workflow_000158,pipeline_002950,project_00163,org_0017,lint,2026-01-10T05:46:00+00:00,success,1611
workflow_000159,pipeline_000260,project_00173,org_0032,test,2026-03-23T20:21:16+00:00,failed,3268
workflow_000160,pipeline_001951,project_00025,org_0031,build-and-test,2026-05-01T20:33:04+00:00,success,1059
workflow_000161,pipeline_002330,project_00101,org_0065,build-and-test,2026-03-16T08:48:11+00:00,failed,2594
workflow_000162,pipeline_002703,project_00031,org_0041,build-and-test,2026-08-28T19:35:28+00:00,success,1783
workflow_000163,pipeline_002951,project_00081,org_0100,test,2026-04-15T02:24:00+00:00,success,2349
workflow_000164,pipeline_002758,project_00112,org_0045,test,2026-03-13T01:49:35+00:00,success,1142
workflow_000165,pipeline_000070,project_00081,org_0100,integration-tests,2026-03-12T01:02:48+00:00,canceled,404
workflow_000166,pipeline_002361,project_00065,org_0044,lint,2026-01-08T01:53:34+00:00,success,896
workflow_000167,pipeline_002421,project_00052,org_0018,test,2026-06-06T02:28:47+00:00,success,2064
workflow_000168,pipeline_001466,project_00194,org_0042,deploy,2026-06-13T03:12:25+00:00,success,3320
workflow_000169,pipeline_000003,project_00163,org_0017,deploy,2026-02-04T10:59:10+00:00,success,721
workflow_000170,pipeline_001781,project_00085,org_0088,deploy,2026-07-17T01:27:52+00:00,success,321
workflow_000171,pipeline_002551,project_00097,org_0073,lint,2026-05-14T20:59:57+00:00,success,3015
workflow_000172,pipeline_002711,project_00033,org_0025,build-and-test,2026-01-07T15:31:20+00:00,success,330
workflow_000173,pipeline_000827,project_00093,org_0038,integration-tests,2026-03-02T23:38:57+00:00,success,2964
workflow_000174,pipeline_001762,project_00027,org_0054,integration-tests,2026-02-26T16:40:01+00:00,success,2208
workflow_000175,pipeline_002321,project_00128,org_0060,lint,2026-08-24T12:50:12+00:00,success,2349
workflow_000176,pipeline_002144,project_00004,org_0044,lint,2026-08-12T23:47:57+00:00,success,705
workflow_000177,pipeline_001747,project_00168,org_0036,lint,2026-06-12T08:58:24+00:00,failed,977
workflow_000178,pipeline_000328,project_00025,org_0031,integration-tests,2026-07-23T04:34:56+00:00,running,789
workflow_000179,pipeline_000541,project_00015,org_0050,lint,2026-02-05T05:04:38+00:00,success,2794
workflow_000180,pipeline_000116,project_00053,org_0084,lint,2026-06-27T04:09:57+00:00,canceled,2878
workflow_000181,pipeline_002363,project_00123,org_0071,integration-tests,2026-05-17T11:07:23+00:00,success,1976
workflow_000182,pipeline_002658,project_00034,org_0084,integration-tests,2026-05-23T06:06:30+00:00,success,1001
workflow_000183,pipeline_002611,project_00160,org_0052,deploy,2026-08-12T03:35:36+00:00,canceled,2835
workflow_000184,pipeline_002342,project_00073,org_0055,test,2026-05-10T04:06:25+00:00,success,2498
workflow_000185,pipeline_000376,project_00005,org_0062,lint,2026-04-24T14:15:22+00:00,success,801
workflow_000186,pipeline_000127,project_00045,org_0057,integration-tests,2026-02-19T20:36:17+00:00,success,3247
workflow_000187,pipeline_002369,project_00107,org_0094,test,2026-01-03T21:19:31+00:00,success,540
workflow_000188,pipeline_000593,project_00177,org_0029,build-and-test,2026-05-10T06:54:36+00:00,success,2430
workflow_000189,pipeline_000284,project_00168,org_0036,test,2026-06-01T09:37:48+00:00,failed,3202
workflow_000190,pipeline_001430,project_00036,org_0011,lint,2026-03-19T11:32:12+00:00,failed,1145
workflow_000191,pipeline_001159,project_00087,org_0094,integration-tests,2026-04-07T23:58:50+00:00,success,3304
workflow_000192,pipeline_001164,project_00185,org_0064,lint,2026-03-14T07:06:56+00:00,success,234
workflow_000193,pipeline_000005,project_00066,org_0081,deploy,2026-02-11T22:57:19+00:00,success,2328
workflow_000194,pipeline_001902,project_00164,org_0006,lint,2026-07-17T05:15:30+00:00,success,2261
workflow_000195,pipeline_002726,project_00095,org_0082,lint,2026-06-14T08:24:30+00:00,success,1249
workflow_000196,pipeline_002345,project_00172,org_0018,lint,2026-08-14T01:55:31+00:00,success,1297
workflow_000197,pipeline_000365,project_00044,org_0058,lint,2026-05-16T19:35:35+00:00,failed,1609
workflow_000198,pipeline_001424,project_00013,org_0051,lint,2026-04-08T15:31:47+00:00,failed,168
workflow_000199,pipeline_001053,project_00064,org_0044,test,2026-08-22T20:26:18+00:00,success,1695
workflow_000200,pipeline_001001,project_00116,org_0081,test,2026-03-06T00:24:42+00:00,success,933
workflow_000201,pipeline_001927,project_00007,org_0039,deploy,2026-07-12T01:00:29+00:00,success,3057
workflow_000202,pipeline_001582,project_00126,org_0016,test,2026-06-02T07:39:45+00:00,success,2555
workflow_000203,pipeline_000764,project_00072,org_0081,lint,2026-05-21T00:57:46+00:00,success,480
workflow_000204,pipeline_002601,project_00033,org_0025,integration-tests,2026-01-15T16:12:39+00:00,success,592
workflow_000205,pipeline_002332,project_00116,org_0081,lint,2026-02-21T14:44:53+00:00,success,873
workflow_000206,pipeline_000203,project_00107,org_0094,test,2026-05-09T05:55:04+00:00,success,2975
workflow_000207,pipeline_000033,project_00195,org_0082,deploy,2026-02-08T21:58:08+00:00,success,481
workflow_000208,pipeline_000662,project_00172,org_0018,integration-tests,2026-05-17T12:31:52+00:00,success,1723
workflow_000209,pipeline_002763,project_00041,org_0047,deploy,2026-01-11T15:39:38+00:00,success,991
workflow_000210,pipeline_000321,project_00083,org_0057,test,2026-07-01T21:45:18+00:00,success,2178
workflow_000211,pipeline_002543,project_00040,org_0015,integration-tests,2026-06-04T13:34:15+00:00,failed,3157
workflow_000212,pipeline_001374,project_00002,org_0014,integration-tests,2026-01-21T09:15:05+00:00,success,1183
workflow_000213,pipeline_001696,project_00126,org_0016,lint,2026-08-16T17:54:50+00:00,success,1383
workflow_000214,pipeline_001073,project_00001,org_0020,test,2026-06-27T10:47:46+00:00,failed,1289
workflow_000215,pipeline_002905,project_00099,org_0003,test,2026-08-22T20:11:41+00:00,failed,3272
workflow_000216,pipeline_001251,project_00041,org_0047,integration-tests,2026-01-12T17:21:05+00:00,success,2362
workflow_000217,pipeline_002472,project_00059,org_0059,integration-tests,2026-05-05T21:54:21+00:00,success,2518
workflow_000218,pipeline_missing_999,project_00166,org_0064,test,2026-06-27T05:05:09+00:00,success,1876
workflow_000219,pipeline_001168,project_00138,org_0054,deploy,2026-04-15T15:45:04+00:00,success,1134
workflow_000220,pipeline_001680,project_00092,org_0078,test,2026-04-29T22:41:44+00:00,success,3139
workflow_000221,pipeline_002769,project_00036,org_0011,integration-tests,2026-03-04T09:59:04+00:00,success,949
workflow_000222,pipeline_000196,project_00167,org_0023,integration-tests,2026-05-06T20:33:42+00:00,success,1750
workflow_000223,pipeline_000526,project_00097,org_0073,integration-tests,2026-08-08T20:08:37+00:00,failed,2993
workflow_000224,pipeline_000896,project_00070,org_0012,integration-tests,2026-04-06T12:13:03+00:00,success,2213
workflow_000225,pipeline_002632,project_00149,org_0053,integration-tests,2026-04-02T15:50:50+00:00,success,1134
workflow_000226,pipeline_000409,project_00083,org_0057,deploy,2026-06-25T02:33:38+00:00,success,62
workflow_000227,pipeline_002339,project_00071,org_0048,lint,2026-07-26T04:03:31+00:00,success,2861
workflow_000228,pipeline_000710,project_00081,org_0100,build-and-test,2026-03-19T16:51:09+00:00,failed,3149
workflow_000229,pipeline_000178,project_00033,org_0025,lint,2026-04-02T02:00:16+00:00,success,3518
workflow_000230,pipeline_002125,project_00051,org_0038,test,2026-05-08T00:24:08+00:00,success,2611
workflow_000231,pipeline_002908,project_00155,org_0066,lint,2026-07-05T10:52:58+00:00,success,1965
workflow_000232,pipeline_002399,project_00176,org_0024,deploy,2026-06-03T07:02:44+00:00,failed,544
workflow_000233,pipeline_000153,project_00136,org_0098,deploy,2026-07-04T09:59:23+00:00,success,1266
workflow_000234,pipeline_001140,project_00027,org_0054,integration-tests,2026-02-17T23:08:09+00:00,success,1276
workflow_000235,pipeline_001563,project_00113,org_0017,build-and-test,2026-03-28T20:24:50+00:00,success,2532
workflow_000236,pipeline_000916,project_00177,org_0029,integration-tests,2026-06-14T14:17:27+00:00,success,142
workflow_000237,pipeline_000580,project_00044,org_0058,test,2026-05-14T10:21:37+00:00,success,3219
workflow_000238,pipeline_000471,project_00148,org_0022,deploy,2026-02-19T11:23:53+00:00,failed,1920
workflow_000239,pipeline_001366,project_00005,org_0062,lint,2026-08-12T14:27:37+00:00,failed,2195
workflow_000240,pipeline_002896,project_00019,org_0015,integration-tests,2026-05-22T09:30:44+00:00,success,1384
workflow_000241,pipeline_002386,project_00121,org_0032,test,2026-05-21T05:57:31+00:00,success,3468
workflow_000242,pipeline_001931,project_00048,org_0018,build-and-test,2026-07-21T09:26:08+00:00,success,1792
workflow_000243,pipeline_000324,project_00188,org_0062,integration-tests,2026-03-14T01:18:17+00:00,success,311
workflow_000244,pipeline_001070,project_00125,org_0035,test,2026-07-03T18:50:23+00:00,success,804
workflow_000245,pipeline_001063,project_00116,org_0081,test,2026-08-09T05:40:54+00:00,success,936
workflow_000246,pipeline_000347,project_00040,org_0015,build-and-test,2026-02-06T14:49:11+00:00,success,2250
workflow_000247,pipeline_002256,project_00116,org_0081,test,2026-02-27T21:03:14+00:00,success,868
workflow_000248,pipeline_001215,project_00084,org_0081,deploy,2026-04-15T09:20:13+00:00,success,1698
workflow_000249,pipeline_000646,project_00050,org_0077,deploy,2026-03-13T03:59:25+00:00,success,1048
workflow_000250,pipeline_000799,project_00169,org_0005,test,2026-08-22T17:59:51+00:00,success,780
workflow_000251,pipeline_001086,project_00171,org_0008,lint,2026-02-22T17:20:29+00:00,success,471
workflow_000252,pipeline_000077,project_00151,org_0060,test,2026-04-29T21:11:58+00:00,success,1876
workflow_000253,pipeline_002926,project_00130,org_0026,integration-tests,2026-08-11T22:05:27+00:00,success,3066
workflow_000254,pipeline_002840,project_00013,org_0051,lint,2026-06-29T02:44:07+00:00,failed,2242
workflow_000255,pipeline_000115,project_00155,org_0066,build-and-test,2026-08-29T10:06:53+00:00,success,2697
workflow_000256,pipeline_001286,project_00022,org_0045,deploy,2026-06-10T11:14:57+00:00,success,1179
workflow_000257,pipeline_001563,project_00113,org_0017,integration-tests,2026-03-28T20:24:50+00:00,canceled,656
workflow_000258,pipeline_002679,project_00186,org_0005,build-and-test,2026-06-29T19:43:42+00:00,success,2025
workflow_000259,pipeline_001795,project_00080,org_0048,test,2026-06-20T21:30:19+00:00,success,1109
workflow_000260,pipeline_000772,project_00055,org_0032,build-and-test,2026-08-15T15:03:21+00:00,success,3476
workflow_000261,pipeline_001305,project_00039,org_0096,build-and-test,2026-06-28T03:00:44+00:00,success,2227
workflow_000262,pipeline_001502,project_00014,org_0026,build-and-test,2026-05-15T14:52:35+00:00,success,3368
workflow_000263,pipeline_002291,project_00024,org_0011,integration-tests,2026-08-28T13:41:08+00:00,canceled,1759
workflow_000264,pipeline_001601,project_00070,org_0012,test,2026-02-18T00:26:04+00:00,success,3108
workflow_000265,pipeline_001380,project_00024,org_0011,deploy,2026-04-13T10:54:22+00:00,success,576
workflow_000266,pipeline_002132,project_00118,org_0073,deploy,2026-06-01T18:05:41+00:00,success,987
workflow_000267,pipeline_000039,project_00059,org_0059,deploy,2026-02-22T04:33:49+00:00,success,1382
workflow_000268,pipeline_001644,project_00043,org_0095,integration-tests,2026-04-18T20:41:39+00:00,running,912
workflow_000269,pipeline_000838,project_00185,org_0064,build-and-test,2026-05-02T19:51:05+00:00,success,928
workflow_000270,pipeline_000809,project_00125,org_0035,test,2026-06-05T05:17:27+00:00,success,1836
workflow_000271,pipeline_000278,project_00168,org_0036,build-and-test,2026-04-24T03:38:16+00:00,success,1782
workflow_000272,pipeline_001869,project_00189,org_0026,test,2026-01-14T07:00:10+00:00,canceled,73
workflow_000273,pipeline_001793,project_00085,org_0088,lint,2026-07-17T00:18:47+00:00,success,1989
workflow_000274,pipeline_002498,project_00183,org_0076,integration-tests,2026-08-21T23:03:20+00:00,success,3363
workflow_000275,pipeline_001292,project_00052,org_0018,deploy,2026-06-05T22:26:31+00:00,failed,262
workflow_000276,pipeline_000711,project_00117,org_0066,test,2026-08-01T15:39:08+00:00,success,892
workflow_000277,pipeline_000230,project_00100,org_0028,build-and-test,2026-01-03T01:18:44+00:00,canceled,738
workflow_000278,pipeline_000946,project_00185,org_0064,integration-tests,2026-03-09T16:26:58+00:00,success,1088
workflow_000279,pipeline_001998,project_00090,org_0077,deploy,2026-06-29T10:28:56+00:00,success,917
workflow_000280,pipeline_001110,project_00014,org_0026,deploy,2026-02-15T13:45:06+00:00,success,2242
workflow_000281,pipeline_001213,project_00169,org_0005,lint,2026-08-15T12:23:18+00:00,success,3304
workflow_000282,pipeline_002382,project_00148,org_0022,build-and-test,2026-08-01T01:41:28+00:00,success,2969
workflow_000283,pipeline_000668,project_00091,org_0085,deploy,2026-05-28T10:16:07+00:00,success,572
workflow_000284,pipeline_001199,project_00129,org_0012,build-and-test,2026-01-09T11:53:19+00:00,failed,269
workflow_000285,pipeline_001800,project_00027,org_0054,lint,2026-04-27T12:46:30+00:00,canceled,1090
workflow_000286,pipeline_002706,project_00054,org_0032,integration-tests,2026-07-28T05:15:57+00:00,success,3209
workflow_000287,pipeline_000417,project_00160,org_0052,lint,2026-04-09T07:09:55+00:00,success,2860
workflow_000288,pipeline_002029,project_00079,org_0012,test,2026-01-26T15:22:47+00:00,failed,1725
workflow_000289,pipeline_000434,project_00031,org_0041,integration-tests,2026-01-10T07:34:23+00:00,failed,2490
workflow_000290,pipeline_000750,project_00198,org_0017,test,2026-06-26T04:51:49+00:00,success,1503
workflow_000291,pipeline_002621,project_00050,org_0077,integration-tests,2026-08-01T02:47:09+00:00,success,1835
workflow_000292,pipeline_000632,project_00122,org_0050,lint,2026-07-24T00:09:38+00:00,success,1420
workflow_000293,pipeline_002072,project_00128,org_0060,build-and-test,2026-04-27T14:30:23+00:00,success,1327
workflow_000294,pipeline_002453,project_00033,org_0025,build-and-test,2026-04-04T09:27:47+00:00,failed,2425
workflow_000295,pipeline_002819,project_00190,org_0042,test,2026-08-05T05:18:29+00:00,success,3135
workflow_000296,pipeline_002187,project_00182,org_0031,test,2026-07-23T22:59:16+00:00,failed,2107
workflow_000297,pipeline_002969,project_00102,org_0099,deploy,2026-08-10T19:54:15+00:00,canceled,2018
workflow_000298,pipeline_001021,project_00197,org_0023,deploy,2026-08-21T13:51:52+00:00,success,3181
workflow_000299,pipeline_000313,project_00071,org_0048,deploy,2026-08-16T01:46:11+00:00,success,376
workflow_000300,pipeline_000353,project_00031,org_0041,build-and-test,2026-03-30T01:09:42+00:00,success,1905
workflow_000301,pipeline_002104,project_00117,org_0066,build-and-test,2026-04-18T04:02:07+00:00,success,1449
workflow_000302,pipeline_002820,project_00013,org_0051,integration-tests,2026-05-07T22:41:27+00:00,success,3072
workflow_000303,pipeline_002516,project_00010,org_0067,build-and-test,2026-04-25T03:47:51+00:00,success,332
workflow_000304,pipeline_001862,project_00122,org_0050,build-and-test,2026-07-02T07:56:08+00:00,failed,2015
workflow_000305,pipeline_001194,project_00181,org_0050,build-and-test,2026-06-23T02:52:32+00:00,failed,953
workflow_000306,pipeline_missing_999,project_00059,org_0059,deploy,2026-07-27T04:58:48+00:00,success,2437
workflow_000307,pipeline_002538,project_00099,org_0003,integration-tests,2026-08-09T21:14:19+00:00,success,1483
workflow_000308,pipeline_000730,project_00140,org_0030,integration-tests,2026-06-14T13:55:41+00:00,success,3160
workflow_000309,pipeline_000449,project_00096,org_0047,lint,2026-01-15T12:32:49+00:00,success,748
workflow_000310,pipeline_000583,project_00122,org_0050,lint,2026-06-29T17:15:46+00:00,canceled,3095
workflow_000311,pipeline_001043,project_00098,org_0088,deploy,2026-06-30T01:32:33+00:00,success,1891
workflow_000312,pipeline_000745,project_00107,org_0094,deploy,2026-05-23T18:16:34+00:00,success,3540
workflow_000313,pipeline_001185,project_00078,org_0062,deploy,2026-02-12T17:47:11+00:00,success,1568
workflow_000314,pipeline_000722,project_00006,org_0057,lint,2026-01-22T11:41:15+00:00,success,2836
workflow_000315,pipeline_001068,project_00016,org_0027,integration-tests,2026-04-14T08:03:08+00:00,failed,1596
workflow_000316,pipeline_000788,project_00135,org_0045,deploy,2026-07-23T18:21:05+00:00,failed,36
workflow_000317,pipeline_002836,project_00004,org_0044,integration-tests,2026-04-17T02:22:54+00:00,failed,858
workflow_000318,pipeline_001188,project_00026,org_0048,test,2026-06-17T08:20:57+00:00,success,3444
workflow_000319,pipeline_000076,project_00058,org_0052,test,2026-05-14T17:34:21+00:00,success,2154
workflow_000320,pipeline_002045,project_00086,org_0013,integration-tests,2026-08-03T02:14:49+00:00,success,1384
workflow_000321,pipeline_000049,project_00057,org_0049,test,2026-03-29T10:11:46+00:00,success,3324
workflow_000322,pipeline_000681,project_00038,org_0037,build-and-test,2026-06-26T13:30:10+00:00,failed,2544
workflow_000323,pipeline_002799,project_00050,org_0077,lint,2026-04-23T07:05:36+00:00,failed,2833
workflow_000324,pipeline_001431,project_00078,org_0062,build-and-test,2026-04-29T10:46:10+00:00,success,1312
workflow_000325,pipeline_000777,project_00169,org_0005,lint,2026-01-03T06:06:35+00:00,success,2585
workflow_000326,pipeline_002876,project_00012,org_0052,deploy,2026-01-12T13:45:38+00:00,success,2629
workflow_000327,pipeline_002695,project_00043,org_0095,deploy,2026-08-16T22:06:48+00:00,success,2478
workflow_000328,pipeline_001297,project_00055,org_0032,lint,2026-01-09T21:50:30+00:00,success,787
workflow_000329,pipeline_001853,project_00096,org_0047,lint,2026-08-28T20:01:48+00:00,success,3285
workflow_000330,pipeline_000699,project_00030,org_0063,deploy,2026-05-12T02:36:23+00:00,canceled,2353
workflow_000331,pipeline_000630,project_00114,org_0099,build-and-test,2026-04-23T02:15:50+00:00,success,1665
workflow_000332,pipeline_001431,project_00078,org_0062,integration-tests,2026-04-29T10:46:10+00:00,success,3345
workflow_000333,pipeline_002477,project_00033,org_0025,deploy,2026-01-26T01:19:08+00:00,success,1540
workflow_000334,pipeline_002346,project_00059,org_0059,deploy,2026-01-16T17:53:55+00:00,success,1200
workflow_000335,pipeline_000480,project_00036,org_0011,build-and-test,2026-08-14T13:08:56+00:00,success,3571
workflow_000336,pipeline_001682,project_00122,org_0050,deploy,2026-04-05T14:24:41+00:00,success,2452
workflow_000337,pipeline_001302,project_00179,org_0021,test,2026-06-19T15:07:18+00:00,failed,2901
workflow_000338,pipeline_002383,project_00104,org_0040,lint,2026-01-16T19:42:01+00:00,success,1030
workflow_000339,pipeline_001898,project_00150,org_0099,deploy,2026-03-07T10:07:25+00:00,success,735
workflow_000340,pipeline_002550,project_00112,org_0045,test,2026-04-14T07:39:32+00:00,success,766
workflow_000341,pipeline_000176,project_00119,org_0033,lint,2026-08-02T11:14:43+00:00,success,1403
workflow_000342,pipeline_002717,project_00007,org_0039,test,2026-04-11T17:23:05+00:00,success,140
workflow_000343,pipeline_002648,project_00078,org_0062,integration-tests,2026-08-27T14:27:36+00:00,success,826
workflow_000344,pipeline_000839,project_00157,org_0058,build-and-test,2026-02-27T00:51:04+00:00,success,2234
workflow_000345,pipeline_000166,project_00017,org_0074,build-and-test,2026-08-16T10:15:44+00:00,success,2219
workflow_000346,pipeline_000920,project_00086,org_0013,deploy,2026-07-21T19:43:20+00:00,success,2661
workflow_000347,pipeline_000343,project_00191,org_0076,deploy,2026-04-09T16:16:56+00:00,failed,416
workflow_000348,pipeline_000709,project_00167,org_0023,build-and-test,2026-04-28T05:25:05+00:00,success,1242
workflow_000349,pipeline_002095,project_00094,org_0050,build-and-test,2026-01-23T22:07:04+00:00,failed,2234
workflow_000350,pipeline_000630,project_00114,org_0099,lint,2026-04-23T02:15:50+00:00,success,2224
workflow_000351,pipeline_002046,project_00189,org_0026,lint,2026-08-11T18:49:47+00:00,success,64
workflow_000352,pipeline_000426,project_00024,org_0011,integration-tests,2026-04-27T05:37:36+00:00,success,1368
workflow_000353,pipeline_001074,project_00155,org_0066,integration-tests,2026-02-17T17:27:36+00:00,success,1625
workflow_000354,pipeline_001267,project_00022,org_0045,test,2026-08-10T09:55:45+00:00,failed,3459
workflow_000355,pipeline_002760,project_00115,org_0035,build-and-test,2026-01-06T16:38:44+00:00,success,1620
workflow_000356,pipeline_000728,project_00055,org_0032,integration-tests,2026-04-17T14:57:59+00:00,canceled,2069
workflow_000357,pipeline_001812,project_00012,org_0052,integration-tests,2026-06-01T11:39:02+00:00,success,3437
workflow_000358,pipeline_001285,project_00113,org_0017,integration-tests,2026-05-23T10:11:32+00:00,success,3047
workflow_000359,pipeline_001589,project_00114,org_0099,lint,2026-06-15T03:08:40+00:00,success,3594
workflow_000360,pipeline_001636,project_00027,org_0054,test,2026-02-19T04:58:03+00:00,failed,516
workflow_000361,pipeline_002441,project_00161,org_0075,lint,2026-04-27T08:24:54+00:00,failed,921
workflow_000362,pipeline_001214,project_00161,org_0075,deploy,2026-08-23T16:52:22+00:00,success,607
workflow_000363,pipeline_002929,project_00034,org_0084,lint,2026-08-20T03:27:37+00:00,failed,763
workflow_000364,pipeline_000308,project_00189,org_0026,deploy,2026-01-14T00:20:18+00:00,success,1281
workflow_000365,pipeline_002827,project_00059,org_0059,build-and-test,2026-01-21T20:30:41+00:00,success,698
workflow_000366,pipeline_002506,project_00033,org_0025,test,2026-08-20T22:16:34+00:00,success,3289
workflow_000367,pipeline_000462,project_00121,org_0032,test,2026-01-20T14:17:02+00:00,failed,2123
workflow_000368,pipeline_002328,project_00112,org_0045,build-and-test,2026-06-09T04:21:49+00:00,success,3563
workflow_000369,pipeline_002520,project_00053,org_0084,lint,2026-05-21T07:45:57+00:00,success,3144
workflow_000370,pipeline_001665,project_00197,org_0023,integration-tests,2026-03-07T18:19:27+00:00,success,2540
workflow_000371,pipeline_001138,project_00086,org_0013,integration-tests,2026-04-17T02:54:09+00:00,failed,425
workflow_000372,pipeline_002670,project_00141,org_0059,deploy,2026-03-12T13:07:26+00:00,success,845
workflow_000373,pipeline_000455,project_00197,org_0023,integration-tests,2026-05-02T08:31:55+00:00,success,928
workflow_000374,pipeline_001770,project_00163,org_0017,lint,2026-04-29T08:23:43+00:00,success,3050
workflow_000375,pipeline_002819,project_00190,org_0042,deploy,2026-08-05T05:18:29+00:00,failed,285
workflow_000376,pipeline_000023,project_00139,org_0092,test,2026-06-10T18:38:06+00:00,canceled,3093
workflow_000377,pipeline_000661,project_00032,org_0046,integration-tests,2026-08-22T17:06:27+00:00,success,2258
workflow_000378,pipeline_001623,project_00103,org_0011,deploy,2026-01-04T14:17:44+00:00,failed,45
workflow_000379,pipeline_001318,project_00149,org_0053,build-and-test,2026-01-13T16:11:06+00:00,success,765
workflow_000380,pipeline_001107,project_00038,org_0037,deploy,2026-03-23T11:09:50+00:00,failed,992
workflow_000381,pipeline_002253,project_00136,org_0098,build-and-test,2026-03-18T00:10:12+00:00,canceled,2295
workflow_000382,pipeline_002823,project_00057,org_0049,deploy,2026-03-16T16:14:58+00:00,canceled,3480
workflow_000383,pipeline_002523,project_00088,org_0041,deploy,2026-05-19T04:15:10+00:00,success,2342
workflow_000384,pipeline_002505,project_00151,org_0060,build-and-test,2026-02-11T10:56:34+00:00,success,1660
workflow_000385,pipeline_002188,project_00108,org_0012,lint,2026-07-03T22:48:45+00:00,success,1903
workflow_000386,pipeline_001787,project_00195,org_0082,deploy,2026-08-14T17:49:59+00:00,failed,756
workflow_000387,pipeline_002277,project_00037,org_0005,deploy,2026-01-07T08:39:15+00:00,failed,2084
workflow_000388,pipeline_002497,project_00187,org_0078,lint,2026-03-28T04:03:37+00:00,success,864
workflow_000389,pipeline_000879,project_00079,org_0012,lint,2026-06-08T04:05:29+00:00,success,3089
workflow_000390,pipeline_000342,project_00156,org_0034,integration-tests,2026-04-04T11:41:48+00:00,success,497
workflow_000391,pipeline_002586,project_00044,org_0058,integration-tests,2026-08-11T08:16:16+00:00,canceled,3102
workflow_000392,pipeline_001649,project_00050,org_0077,deploy,2026-01-03T04:19:52+00:00,success,459
workflow_000393,pipeline_001016,project_00083,org_0057,lint,2026-08-07T06:43:26+00:00,success,3212
workflow_000394,pipeline_000446,project_00153,org_0006,build-and-test,2026-02-15T09:04:15+00:00,running,807
workflow_000395,pipeline_000636,project_00150,org_0099,integration-tests,2026-04-29T00:41:14+00:00,failed,853
workflow_000396,pipeline_000925,project_00025,org_0031,integration-tests,2026-08-28T17:40:17+00:00,success,2786
workflow_000397,pipeline_002215,project_00145,org_0051,integration-tests,2026-03-16T06:44:01+00:00,failed,946
workflow_000398,pipeline_001431,project_00078,org_0062,deploy,2026-04-29T10:46:10+00:00,success,2487
workflow_000399,pipeline_002984,project_00002,org_0014,build-and-test,2026-04-20T08:36:28+00:00,success,1362
workflow_000400,pipeline_002901,project_00004,org_0044,build-and-test,2026-04-28T13:36:27+00:00,success,2005
workflow_000401,pipeline_002020,project_00139,org_0092,lint,2026-06-25T15:55:34+00:00,success,207
workflow_000402,pipeline_001731,project_00100,org_0028,test,2026-07-04T16:56:24+00:00,failed,714
workflow_000403,pipeline_000026,project_00147,org_0018,integration-tests,2026-07-20T17:05:14+00:00,success,3537
workflow_000404,pipeline_002680,project_00064,org_0044,test,2026-01-08T14:18:55+00:00,success,337
workflow_000405,pipeline_002545,project_00186,org_0005,deploy,2026-03-30T14:08:33+00:00,success,1851
workflow_000406,pipeline_001679,project_00108,org_0012,build-and-test,2026-07-04T15:56:35+00:00,success,2090
workflow_000407,pipeline_002846,project_00183,org_0076,build-and-test,2026-06-23T18:31:50+00:00,success,2460
workflow_000408,pipeline_001717,project_00163,org_0017,integration-tests,2026-07-11T15:17:24+00:00,failed,2664
workflow_000409,pipeline_001012,project_00198,org_0017,integration-tests,2026-05-27T13:34:52+00:00,failed,1463
workflow_000410,pipeline_002707,project_00199,org_0090,lint,2026-07-22T08:00:14+00:00,success,2797
workflow_000411,pipeline_000069,project_00052,org_0018,deploy,2026-05-14T01:54:53+00:00,failed,1573
workflow_000412,pipeline_001510,project_00009,org_0087,lint,2026-07-30T07:36:14+00:00,success,3158
workflow_000413,pipeline_000700,project_00118,org_0073,integration-tests,2026-06-14T01:44:02+00:00,failed,2384
workflow_000414,pipeline_000386,project_00085,org_0088,deploy,2026-06-24T10:33:36+00:00,success,866
workflow_000415,pipeline_001262,project_00098,org_0088,integration-tests,2026-03-06T00:16:27+00:00,success,2346
workflow_000416,pipeline_000666,project_00002,org_0014,test,2026-02-08T07:49:03+00:00,success,2497
workflow_000417,pipeline_001118,project_00077,org_0016,lint,2026-08-10T22:02:57+00:00,success,66
workflow_000418,pipeline_001821,project_00118,org_0073,test,2026-05-21T15:59:02+00:00,failed,2402
workflow_000419,pipeline_002490,project_00079,org_0012,build-and-test,2026-06-09T16:35:01+00:00,success,2599
workflow_000420,pipeline_001947,project_00017,org_0074,deploy,2026-07-25T17:49:57+00:00,failed,1717
workflow_000421,pipeline_001733,project_00137,org_0014,integration-tests,2026-03-08T00:38:23+00:00,running,1277
workflow_000422,pipeline_000258,project_00129,org_0012,lint,2026-05-15T20:58:03+00:00,success,1653
workflow_000423,pipeline_001985,project_00177,org_0029,build-and-test,2026-01-04T23:19:34+00:00,success,2296
workflow_000424,pipeline_002439,project_00051,org_0038,lint,2026-02-21T12:11:02+00:00,success,2814
workflow_000425,pipeline_002040,project_00183,org_0076,test,2026-02-02T06:17:37+00:00,success,2838
workflow_000426,pipeline_002531,project_00171,org_0008,integration-tests,2026-05-24T21:53:45+00:00,success,1159
workflow_000427,pipeline_000309,project_00171,org_0008,integration-tests,2026-03-22T22:52:05+00:00,success,2521
workflow_000428,pipeline_002065,project_00106,org_0082,test,2026-07-16T18:21:42+00:00,success,1922
workflow_000429,pipeline_000994,project_00166,org_0064,test,2026-06-27T05:05:09+00:00,failed,2155
workflow_000430,pipeline_002581,project_00116,org_0081,test,2026-03-21T13:42:58+00:00,success,3032
workflow_000431,pipeline_002382,project_00148,org_0022,integration-tests,2026-08-01T01:41:28+00:00,failed,467
workflow_000432,pipeline_001560,project_00194,org_0042,test,2026-03-11T06:57:21+00:00,failed,2216
workflow_000433,pipeline_000115,project_00155,org_0066,test,2026-08-29T10:06:53+00:00,success,70
workflow_000434,pipeline_002478,project_00101,org_0065,deploy,2026-04-09T04:24:27+00:00,success,2138
workflow_000435,pipeline_001616,project_00177,org_0029,build-and-test,2026-08-08T13:05:35+00:00,success,730
workflow_000436,pipeline_000485,project_00076,org_0002,build-and-test,2026-01-25T05:42:30+00:00,success,601
workflow_000437,pipeline_001879,project_00112,org_0045,build-and-test,2026-08-03T21:06:58+00:00,success,1217
workflow_000438,pipeline_002265,project_00121,org_0032,integration-tests,2026-03-02T13:10:51+00:00,canceled,104
workflow_000439,pipeline_002230,project_00053,org_0084,deploy,2026-01-16T12:14:36+00:00,success,3444
workflow_000440,pipeline_001035,project_00053,org_0084,test,2026-02-18T18:18:48+00:00,success,3184
workflow_000441,pipeline_000908,project_00145,org_0051,build-and-test,2026-03-10T04:02:50+00:00,success,2240
workflow_000442,pipeline_002348,project_00138,org_0054,integration-tests,2026-08-01T06:10:38+00:00,success,2756
workflow_000443,pipeline_000169,project_00041,org_0047,test,2026-07-27T04:16:47+00:00,success,2761
workflow_000444,pipeline_002216,project_00133,org_0098,integration-tests,2026-06-09T19:49:25+00:00,success,2467
workflow_000445,pipeline_001941,project_00181,org_0050,test,2026-02-27T10:20:33+00:00,failed,3075
workflow_000446,pipeline_000435,project_00158,org_0014,integration-tests,2026-06-11T00:39:04+00:00,success,3575
workflow_000447,pipeline_000969,project_00086,org_0013,build-and-test,2026-03-18T08:52:35+00:00,success,1861
workflow_000448,pipeline_001518,project_00004,org_0044,build-and-test,2026-02-18T06:37:11+00:00,success,901
workflow_000449,pipeline_000189,project_00101,org_0065,test,2026-03-28T17:22:07+00:00,failed,3142
workflow_000450,pipeline_002781,project_00058,org_0052,lint,2026-05-10T10:38:44+00:00,success,3591
workflow_000451,pipeline_002444,project_00019,org_0015,test,2026-03-01T16:57:28+00:00,success,100
workflow_000452,pipeline_001465,project_00195,org_0082,lint,2026-03-31T22:03:30+00:00,success,2315
workflow_000453,pipeline_001070,project_00125,org_0035,integration-tests,2026-07-03T18:50:23+00:00,success,1825
workflow_000454,pipeline_002218,project_00176,org_0024,test,2026-05-21T09:18:08+00:00,success,2362
workflow_000455,pipeline_000213,project_00028,org_0055,integration-tests,2026-01-07T10:22:29+00:00,failed,2983
workflow_000456,pipeline_000080,project_00193,org_0076,build-and-test,2026-03-15T04:15:28+00:00,success,693
workflow_000457,pipeline_001698,project_00157,org_0058,build-and-test,2026-08-21T16:40:15+00:00,success,2614
workflow_000458,pipeline_000836,project_00016,org_0027,lint,2026-06-02T17:30:26+00:00,success,2847
workflow_000459,pipeline_000504,project_00067,org_0021,build-and-test,2026-01-24T20:27:18+00:00,success,1240
workflow_000460,pipeline_001242,project_00108,org_0012,test,2026-08-02T08:12:46+00:00,success,2468
workflow_000461,pipeline_000178,project_00033,org_0025,lint,2026-04-02T02:00:16+00:00,success,2754
workflow_000462,pipeline_001405,project_00091,org_0085,lint,2026-07-04T00:25:01+00:00,success,1671
workflow_000463,pipeline_001533,project_00039,org_0096,deploy,2026-08-18T14:38:20+00:00,success,188
workflow_000464,pipeline_001548,project_00183,org_0076,deploy,2026-07-02T11:24:54+00:00,failed,546
workflow_000465,pipeline_000479,project_00084,org_0081,test,2026-07-11T23:09:52+00:00,canceled,2533
workflow_000466,pipeline_002447,project_00170,org_0064,lint,2026-08-09T07:33:35+00:00,failed,590
workflow_000467,pipeline_001292,project_00052,org_0018,lint,2026-06-05T22:26:31+00:00,failed,784
workflow_000468,pipeline_000741,project_00001,org_0020,build-and-test,2026-06-05T14:26:20+00:00,success,1388
workflow_000469,pipeline_000967,project_00132,org_0076,deploy,2026-08-01T07:09:53+00:00,canceled,2682
workflow_000470,pipeline_002703,project_00031,org_0041,test,2026-08-28T19:35:28+00:00,success,150
workflow_000471,pipeline_001060,project_00001,org_0020,lint,2026-02-07T14:54:00+00:00,success,1622
workflow_000472,pipeline_001244,project_00148,org_0022,integration-tests,2026-03-27T04:20:27+00:00,success,3247
workflow_000473,pipeline_001334,project_00198,org_0017,test,2026-04-12T03:50:49+00:00,success,2490
workflow_000474,pipeline_001791,project_00185,org_0064,test,2026-06-21T21:43:14+00:00,success,3503
workflow_000475,pipeline_000950,project_00135,org_0045,integration-tests,2026-08-31T00:40:48+00:00,success,55
workflow_000476,pipeline_002004,project_00185,org_0064,build-and-test,2026-03-07T23:43:29+00:00,canceled,1207
workflow_000477,pipeline_001365,project_00084,org_0081,test,2026-08-18T14:06:50+00:00,success,710
workflow_000478,pipeline_002874,project_00004,org_0044,integration-tests,2026-03-13T21:23:24+00:00,success,3065
workflow_000479,pipeline_001021,project_00197,org_0023,lint,2026-08-21T13:51:52+00:00,success,787
workflow_000480,pipeline_000375,project_00100,org_0028,build-and-test,2026-04-16T08:47:45+00:00,canceled,3221
workflow_000481,pipeline_001935,project_00149,org_0053,deploy,2026-02-20T00:10:25+00:00,canceled,2651
workflow_000482,pipeline_000587,project_00179,org_0021,lint,2026-02-08T01:25:07+00:00,success,1773
workflow_000483,pipeline_001109,project_00110,org_0016,integration-tests,2026-03-07T07:57:04+00:00,success,3026
workflow_000484,pipeline_001010,project_00056,org_0074,integration-tests,2026-06-21T16:16:49+00:00,success,1344
workflow_000485,pipeline_002918,project_00062,org_0051,test,2026-02-04T23:41:40+00:00,success,730
workflow_000486,pipeline_000742,project_00022,org_0045,integration-tests,2026-02-13T00:59:37+00:00,success,727
workflow_000487,pipeline_002791,project_00039,org_0096,test,2026-07-24T17:56:48+00:00,success,3549
workflow_000488,pipeline_001281,project_00018,org_0047,build-and-test,2026-04-19T18:52:57+00:00,success,2087
workflow_000489,pipeline_001343,project_00002,org_0014,lint,2026-03-03T12:17:08+00:00,success,374
workflow_000490,pipeline_001838,project_00078,org_0062,build-and-test,2026-03-05T09:57:46+00:00,success,243
workflow_000491,pipeline_002168,project_00100,org_0028,build-and-test,2026-05-26T14:28:11+00:00,success,2484
workflow_000492,pipeline_000380,project_00086,org_0013,test,2026-07-10T06:30:18+00:00,success,1288
workflow_000493,pipeline_001103,project_00194,org_0042,lint,2026-06-01T23:45:53+00:00,success,1529
workflow_000494,pipeline_002616,project_00146,org_0035,deploy,2026-01-15T21:07:44+00:00,success,608
workflow_000495,pipeline_001219,project_00042,org_0070,lint,2026-03-11T00:36:12+00:00,failed,3027
workflow_000496,pipeline_003000,project_00018,org_0047,test,2026-08-01T14:57:58+00:00,success,3263
workflow_000497,pipeline_001890,project_00041,org_0047,build-and-test,2026-06-12T17:26:58+00:00,success,1259
workflow_000498,pipeline_002877,project_00174,org_0062,integration-tests,2026-07-06T17:48:49+00:00,success,1094
workflow_000499,pipeline_001186,project_00064,org_0044,integration-tests,2026-05-05T05:07:59+00:00,success,1395
workflow_000500,pipeline_000948,project_00174,org_0062,lint,2026-02-23T07:12:08+00:00,success,154
workflow_000501,pipeline_000911,project_00175,org_0065,deploy,2026-08-06T12:39:33+00:00,success,921
workflow_000502,pipeline_001726,project_00103,org_0011,build-and-test,2026-03-12T09:28:10+00:00,failed,311
workflow_000503,pipeline_002820,project_00013,org_0051,deploy,2026-05-07T22:41:27+00:00,success,2669
workflow_000504,pipeline_002135,project_00003,org_0015,integration-tests,2026-04-17T12:01:16+00:00,running,1779
workflow_000505,pipeline_000154,project_00172,org_0018,integration-tests,2026-05-15T09:01:18+00:00,success,2221
workflow_000506,pipeline_000718,project_00062,org_0051,integration-tests,2026-02-14T02:26:33+00:00,success,3283
workflow_000507,pipeline_000714,project_00187,org_0078,lint,2026-01-24T06:08:15+00:00,success,834
workflow_000508,pipeline_000040,project_00069,org_0084,test,2026-06-11T20:36:12+00:00,failed,1810
workflow_000509,pipeline_000754,project_00068,org_0055,test,2026-04-02T10:53:06+00:00,failed,1313
workflow_000510,pipeline_000744,project_00045,org_0057,build-and-test,2026-08-19T07:21:03+00:00,success,1282
workflow_000511,pipeline_001674,project_00191,org_0076,test,2026-04-15T10:47:48+00:00,failed,901
workflow_000512,pipeline_001342,project_00088,org_0041,deploy,2026-05-15T16:15:30+00:00,success,3330
workflow_000513,pipeline_002097,project_00125,org_0035,build-and-test,2026-05-03T00:15:38+00:00,success,2342
workflow_000514,pipeline_000440,project_00122,org_0050,test,2026-01-14T19:25:36+00:00,success,1989
workflow_000515,pipeline_000771,project_00047,org_0081,test,2026-03-07T08:37:23+00:00,success,1592
workflow_000516,pipeline_002034,project_00030,org_0063,build-and-test,2026-02-26T22:50:32+00:00,failed,1843
workflow_000517,pipeline_001552,project_00156,org_0034,deploy,2026-08-28T11:24:15+00:00,success,1658
workflow_000518,pipeline_002412,project_00005,org_0062,build-and-test,2026-04-02T00:57:42+00:00,running,949
workflow_000519,pipeline_000860,project_00011,org_0043,lint,2026-07-23T00:38:22+00:00,success,2506
workflow_000520,pipeline_002358,project_00030,org_0063,test,2026-06-25T06:20:33+00:00,failed,2606
workflow_000521,pipeline_001762,project_00027,org_0054,test,2026-02-26T16:40:01+00:00,running,1428
workflow_000522,pipeline_000216,project_00169,org_0005,integration-tests,2026-02-20T14:45:10+00:00,success,2429
workflow_000523,pipeline_000119,project_00088,org_0041,build-and-test,2026-05-18T22:08:06+00:00,success,2210
workflow_000524,pipeline_002440,project_00159,org_0008,integration-tests,2026-02-22T05:46:15+00:00,success,963
workflow_000525,pipeline_002366,project_00169,org_0005,build-and-test,2026-07-11T23:54:38+00:00,success,988
workflow_000526,pipeline_002801,project_00198,org_0017,test,2026-07-20T07:29:07+00:00,success,2914
workflow_000527,pipeline_000349,project_00024,org_0011,integration-tests,2026-08-10T13:19:32+00:00,success,2747
workflow_000528,pipeline_002139,project_00053,org_0084,test,2026-02-16T17:30:37+00:00,canceled,727
workflow_000529,pipeline_002665,project_00133,org_0098,test,2026-02-03T19:45:18+00:00,success,3045
workflow_000530,pipeline_002108,project_00102,org_0099,integration-tests,2026-03-11T03:03:56+00:00,success,3106
workflow_000531,pipeline_002745,project_00015,org_0050,integration-tests,2026-04-14T07:20:25+00:00,failed,2417
workflow_000532,pipeline_001519,project_00046,org_0095,lint,2026-06-22T08:35:48+00:00,success,1549
workflow_000533,pipeline_002009,project_00192,org_0047,test,2026-04-03T07:14:09+00:00,success,2368
workflow_000534,pipeline_001428,project_00109,org_0079,integration-tests,2026-06-05T00:00:30+00:00,success,2153
workflow_000535,pipeline_000456,project_00083,org_0057,integration-tests,2026-03-19T21:18:46+00:00,success,617
workflow_000536,pipeline_000293,project_00077,org_0016,lint,2026-01-04T13:07:19+00:00,failed,1925
workflow_000537,pipeline_002995,project_00145,org_0051,integration-tests,2026-02-06T16:27:43+00:00,success,2743
workflow_000538,pipeline_002586,project_00044,org_0058,build-and-test,2026-08-11T08:16:16+00:00,failed,1255
workflow_000539,pipeline_002167,project_00092,org_0078,integration-tests,2026-06-06T12:14:23+00:00,success,2522
workflow_000540,pipeline_001851,project_00064,org_0044,build-and-test,2026-03-10T21:05:59+00:00,success,1374
workflow_000541,pipeline_002379,project_00025,org_0031,integration-tests,2026-04-13T14:31:15+00:00,success,1105
workflow_000542,pipeline_001347,project_00071,org_0048,build-and-test,2026-07-07T00:36:11+00:00,failed,3285
workflow_000543,pipeline_000845,project_00186,org_0005,lint,2026-06-14T04:16:37+00:00,success,684
workflow_000544,pipeline_002143,project_00010,org_0067,lint,2026-07-13T04:19:20+00:00,running,459
workflow_000545,pipeline_000340,project_00137,org_0014,deploy,2026-08-21T23:37:11+00:00,failed,2644
workflow_000546,pipeline_000122,project_00031,org_0041,deploy,2026-06-02T14:03:38+00:00,success,1429
workflow_000547,pipeline_001780,project_00059,org_0059,integration-tests,2026-03-20T15:42:58+00:00,success,365
workflow_000548,pipeline_002368,project_00049,org_0073,deploy,2026-01-02T10:41:20+00:00,success,2043
workflow_000549,pipeline_002207,project_00154,org_0012,build-and-test,2026-01-13T00:08:22+00:00,success,1408
workflow_000550,pipeline_002362,project_00042,org_0070,build-and-test,2026-02-26T15:04:30+00:00,failed,122
workflow_000551,pipeline_002529,project_00189,org_0026,integration-tests,2026-07-25T06:58:59+00:00,success,713
workflow_000552,pipeline_000432,project_00034,org_0084,lint,2026-08-27T13:35:51+00:00,success,222
workflow_000553,pipeline_001518,project_00004,org_0044,test,2026-02-18T06:37:11+00:00,success,3558
workflow_000554,pipeline_001742,project_00072,org_0081,lint,2026-05-05T01:03:22+00:00,success,935
workflow_000555,pipeline_001531,project_00093,org_0038,build-and-test,2026-05-11T02:17:37+00:00,success,2721
workflow_000556,pipeline_001283,project_00167,org_0023,integration-tests,2026-02-24T13:03:47+00:00,success,114
workflow_000557,pipeline_002957,project_00196,org_0023,lint,2026-06-22T00:31:15+00:00,canceled,78
workflow_000558,pipeline_002740,project_00110,org_0016,test,2026-06-16T19:05:22+00:00,success,2787
workflow_000559,pipeline_001617,project_00177,org_0029,build-and-test,2026-03-23T06:06:38+00:00,failed,527
workflow_000560,pipeline_000500,project_00149,org_0053,integration-tests,2026-05-02T08:42:30+00:00,success,2424
workflow_000561,pipeline_000327,project_00157,org_0058,build-and-test,2026-04-20T22:57:15+00:00,success,3542
workflow_000562,pipeline_002182,project_00124,org_0032,deploy,2026-07-08T20:09:17+00:00,failed,1972
workflow_000563,pipeline_001260,project_00103,org_0011,deploy,2026-08-29T09:54:21+00:00,success,1320
workflow_000564,pipeline_001432,project_00047,org_0081,build-and-test,2026-05-27T00:15:23+00:00,success,1777
workflow_000565,pipeline_000174,project_00042,org_0070,integration-tests,2026-03-13T10:56:11+00:00,success,2205
workflow_000566,pipeline_001344,project_00156,org_0034,integration-tests,2026-01-12T11:28:29+00:00,failed,3534
workflow_000567,pipeline_002058,project_00111,org_0090,build-and-test,2026-04-01T12:25:24+00:00,success,1372
workflow_000568,pipeline_000250,project_00069,org_0084,deploy,2026-03-12T23:40:28+00:00,success,2957
workflow_000569,pipeline_001889,project_00036,org_0011,deploy,2026-02-25T20:14:04+00:00,success,1435
workflow_000570,pipeline_002856,project_00018,org_0047,integration-tests,2026-06-03T22:08:50+00:00,success,1582
workflow_000571,pipeline_001647,project_00055,org_0032,deploy,2026-08-28T14:36:58+00:00,canceled,353
workflow_000572,pipeline_000889,project_00109,org_0079,test,2026-08-04T14:23:38+00:00,success,2485
workflow_000573,pipeline_001643,project_00080,org_0048,integration-tests,2026-07-22T17:15:33+00:00,success,1476
workflow_000574,pipeline_000992,project_00103,org_0011,integration-tests,2026-08-23T21:35:51+00:00,success,59
workflow_000575,pipeline_002567,project_00153,org_0006,test,2026-02-23T06:43:56+00:00,success,3107
workflow_000576,pipeline_001763,project_00185,org_0064,build-and-test,2026-03-07T14:45:37+00:00,success,1225
workflow_000577,pipeline_001845,project_00049,org_0073,deploy,2026-03-23T16:23:38+00:00,success,1399
workflow_000578,pipeline_001581,project_00169,org_0005,lint,2026-03-11T22:19:16+00:00,success,2026
workflow_000579,pipeline_002327,project_00198,org_0017,deploy,2026-05-10T05:15:06+00:00,success,3265
workflow_000580,pipeline_000474,project_00099,org_0003,build-and-test,2026-01-26T15:43:23+00:00,success,1038
workflow_000581,pipeline_001610,project_00102,org_0099,integration-tests,2026-04-01T03:28:25+00:00,success,578
workflow_000582,pipeline_002082,project_00028,org_0055,deploy,2026-01-26T23:36:35+00:00,success,774
workflow_000583,pipeline_001872,project_00049,org_0073,build-and-test,2026-08-13T03:54:27+00:00,failed,2261
workflow_000584,pipeline_002436,project_00193,org_0076,lint,2026-06-25T16:15:42+00:00,running,2693
workflow_000585,pipeline_001550,project_00109,org_0079,lint,2026-05-18T14:56:49+00:00,success,1051
workflow_000586,pipeline_001209,project_00137,org_0014,deploy,2026-02-15T02:55:16+00:00,success,1577
workflow_000587,pipeline_001045,project_00040,org_0015,test,2026-03-15T15:26:26+00:00,success,2916
workflow_000588,pipeline_002798,project_00068,org_0055,lint,2026-02-18T09:04:13+00:00,success,459
workflow_000589,pipeline_002554,project_00050,org_0077,lint,2026-04-14T17:03:32+00:00,canceled,1354
workflow_000590,pipeline_002600,project_00156,org_0034,deploy,2026-07-30T10:28:45+00:00,success,3381
workflow_000591,pipeline_002601,project_00033,org_0025,test,2026-01-15T16:12:39+00:00,success,1117
workflow_000592,pipeline_000176,project_00119,org_0033,test,2026-08-02T11:14:43+00:00,canceled,183
workflow_000593,pipeline_000774,project_00007,org_0039,integration-tests,2026-04-21T09:41:35+00:00,success,584
workflow_000594,pipeline_002009,project_00192,org_0047,deploy,2026-04-03T07:14:09+00:00,success,614
workflow_000595,pipeline_001994,project_00022,org_0045,lint,2026-01-27T04:13:01+00:00,success,580
workflow_000596,pipeline_002086,project_00136,org_0098,build-and-test,2026-04-20T11:28:17+00:00,success,1091
workflow_000597,pipeline_002771,project_00113,org_0017,test,2026-01-05T11:30:17+00:00,success,2196
workflow_000598,pipeline_002372,project_00031,org_0041,deploy,2026-08-31T16:55:26+00:00,success,3283
workflow_000599,pipeline_000866,project_00196,org_0023,build-and-test,2026-02-23T19:07:16+00:00,success,2385
workflow_000600,pipeline_000184,project_00028,org_0055,lint,2026-03-10T06:17:47+00:00,success,1095
workflow_000601,pipeline_002848,project_00063,org_0064,integration-tests,2026-04-24T23:20:13+00:00,success,2864
workflow_000602,pipeline_000015,project_00025,org_0031,integration-tests,2026-01-20T06:38:09+00:00,success,2101
workflow_000603,pipeline_002198,project_00123,org_0071,test,2026-07-05T22:07:39+00:00,canceled,2115
workflow_000604,pipeline_001861,project_00138,org_0054,test,2026-06-21T00:58:23+00:00,failed,3120
workflow_000605,pipeline_001437,project_00132,org_0076,build-and-test,2026-05-25T21:38:52+00:00,failed,1001
workflow_000606,pipeline_001347,project_00071,org_0048,integration-tests,2026-07-07T00:36:11+00:00,failed,1888
workflow_000607,pipeline_000557,project_00086,org_0013,lint,2026-01-25T13:16:14+00:00,success,1119
workflow_000608,pipeline_000806,project_00052,org_0018,build-and-test,2026-04-25T12:01:40+00:00,success,1770
workflow_000609,pipeline_002265,project_00121,org_0032,integration-tests,2026-03-02T13:10:51+00:00,running,3261
workflow_000610,pipeline_000433,project_00047,org_0081,lint,2026-08-25T16:04:24+00:00,failed,3391
workflow_000611,pipeline_001110,project_00014,org_0026,build-and-test,2026-02-15T13:45:06+00:00,success,883
workflow_000612,pipeline_002420,project_00188,org_0062,integration-tests,2026-04-29T23:16:39+00:00,failed,296
workflow_000613,pipeline_002078,project_00025,org_0031,lint,2026-01-07T08:45:35+00:00,success,1954
workflow_000614,pipeline_001816,project_00199,org_0090,test,2026-06-10T16:41:04+00:00,canceled,941
workflow_000615,pipeline_003000,project_00018,org_0047,deploy,2026-08-01T14:57:58+00:00,success,1193
workflow_000616,pipeline_001946,project_00014,org_0026,lint,2026-05-20T04:03:34+00:00,success,1058
workflow_000617,pipeline_000387,project_00139,org_0092,deploy,2026-03-20T13:40:04+00:00,failed,2508
workflow_000618,pipeline_000052,project_00109,org_0079,integration-tests,2026-05-27T05:00:19+00:00,canceled,1459
workflow_000619,pipeline_000791,project_00012,org_0052,integration-tests,2026-07-19T09:22:12+00:00,failed,1746
workflow_000620,pipeline_000095,project_00068,org_0055,deploy,2026-06-30T07:22:43+00:00,success,1651
workflow_000621,pipeline_000546,project_00126,org_0016,test,2026-05-31T23:34:33+00:00,success,713
workflow_000622,pipeline_000162,project_00007,org_0039,test,2026-06-28T08:17:21+00:00,success,3500
workflow_000623,pipeline_000698,project_00061,org_0082,deploy,2026-05-02T04:58:42+00:00,failed,2533
workflow_000624,pipeline_000143,project_00163,org_0017,test,2026-05-23T19:35:44+00:00,success,578
workflow_000625,pipeline_000030,project_00100,org_0028,test,2026-08-05T01:41:24+00:00,failed,301
workflow_000626,pipeline_000081,project_00059,org_0059,build-and-test,2026-03-29T02:49:35+00:00,failed,2056
workflow_000627,pipeline_002825,project_00034,org_0084,integration-tests,2026-03-13T14:02:12+00:00,failed,1144
workflow_000628,pipeline_000409,project_00083,org_0057,integration-tests,2026-06-25T02:33:38+00:00,success,1138
workflow_000629,pipeline_001521,project_00105,org_0020,deploy,2026-01-23T18:03:00+00:00,failed,2664
workflow_000630,pipeline_000309,project_00171,org_0008,build-and-test,2026-03-22T22:52:05+00:00,success,2956
workflow_000631,pipeline_002524,project_00047,org_0081,test,2026-06-19T10:03:20+00:00,success,2628
workflow_000632,pipeline_000592,project_00095,org_0082,deploy,2026-06-30T07:33:01+00:00,failed,2258
workflow_000633,pipeline_001908,project_00149,org_0053,build-and-test,2026-08-23T11:52:39+00:00,success,3042
workflow_000634,pipeline_002286,project_00157,org_0058,lint,2026-06-28T18:13:22+00:00,success,1626
workflow_000635,pipeline_001048,project_00010,org_0067,integration-tests,2026-02-18T08:12:52+00:00,success,780
workflow_000636,pipeline_000727,project_00192,org_0047,test,2026-04-02T15:06:08+00:00,success,2061
workflow_000637,pipeline_001223,project_00034,org_0084,deploy,2026-04-07T10:43:26+00:00,success,87
workflow_000638,pipeline_001086,project_00171,org_0008,deploy,2026-02-22T17:20:29+00:00,success,438
workflow_000639,pipeline_000442,project_00134,org_0053,integration-tests,2026-04-27T06:05:09+00:00,failed,241
workflow_000640,pipeline_000146,project_00143,org_0010,deploy,2026-04-13T14:53:29+00:00,success,2183
workflow_000641,pipeline_001768,project_00074,org_0001,build-and-test,2026-01-11T01:46:58+00:00,failed,911
workflow_000642,pipeline_000206,project_00162,org_0009,lint,2026-07-19T02:10:38+00:00,success,2267
workflow_000643,pipeline_001636,project_00027,org_0054,lint,2026-02-19T04:58:03+00:00,failed,725
workflow_000644,pipeline_000230,project_00100,org_0028,deploy,2026-01-03T01:18:44+00:00,failed,160
workflow_000645,pipeline_002436,project_00193,org_0076,test,2026-06-25T16:15:42+00:00,failed,998
workflow_000646,pipeline_001602,project_00022,org_0045,lint,2026-01-30T17:17:02+00:00,failed,317
workflow_000647,pipeline_002340,project_00157,org_0058,test,2026-03-18T09:00:48+00:00,success,2257
workflow_000648,pipeline_002390,project_00105,org_0020,build-and-test,2026-01-03T01:16:25+00:00,success,1934
workflow_000649,pipeline_001949,project_00085,org_0088,integration-tests,2026-02-04T14:31:32+00:00,success,275
workflow_000650,pipeline_000393,project_00158,org_0014,lint,2026-04-14T15:20:23+00:00,success,1396
workflow_000651,pipeline_002307,project_00015,org_0050,build-and-test,2026-06-19T04:18:16+00:00,success,1919
workflow_000652,pipeline_000886,project_00064,org_0044,integration-tests,2026-08-04T10:14:53+00:00,success,806
workflow_000653,pipeline_000142,project_00014,org_0026,lint,2026-01-06T00:50:41+00:00,success,413
workflow_000654,pipeline_000448,project_00116,org_0081,deploy,2026-04-28T12:42:14+00:00,success,1589
workflow_000655,pipeline_002320,project_00156,org_0034,build-and-test,2026-04-11T23:12:35+00:00,failed,1965
workflow_000656,pipeline_000310,project_00041,org_0047,lint,2026-01-17T09:12:04+00:00,success,790
workflow_000657,pipeline_000492,project_00035,org_0054,build-and-test,2026-02-02T21:07:13+00:00,failed,1069
workflow_000658,pipeline_001296,project_00016,org_0027,test,2026-05-21T09:21:24+00:00,failed,3275
workflow_000659,pipeline_000459,project_00027,org_0054,lint,2026-03-22T05:26:26+00:00,success,714
workflow_000660,pipeline_002242,project_00196,org_0023,build-and-test,2026-04-16T12:38:41+00:00,success,55
workflow_000661,pipeline_001863,project_00158,org_0014,test,2026-02-07T10:29:49+00:00,success,1697
workflow_000662,pipeline_000221,project_00182,org_0031,deploy,2026-01-03T18:18:28+00:00,failed,3141
workflow_000663,pipeline_001236,project_00068,org_0055,test,2026-01-30T15:48:54+00:00,failed,569
workflow_000664,pipeline_000753,project_00108,org_0012,test,2026-03-12T01:10:08+00:00,success,2683
workflow_000665,pipeline_001628,project_00082,org_0009,build-and-test,2026-06-11T16:13:28+00:00,success,771
workflow_000666,pipeline_000880,project_00047,org_0081,integration-tests,2026-01-11T13:15:13+00:00,success,367
workflow_000667,pipeline_000582,project_00023,org_0023,build-and-test,2026-06-09T21:17:10+00:00,success,1279
workflow_000668,pipeline_001828,project_00120,org_0030,lint,2026-08-25T21:54:19+00:00,failed,1569
workflow_000669,pipeline_002528,project_00200,org_0024,build-and-test,2026-03-17T08:51:21+00:00,success,778
workflow_000670,pipeline_001724,project_00096,org_0047,test,2026-08-11T15:52:44+00:00,success,950
workflow_000671,pipeline_000535,project_00187,org_0078,lint,2026-04-08T07:43:38+00:00,success,2698
workflow_000672,pipeline_001908,project_00149,org_0053,integration-tests,2026-08-23T11:52:39+00:00,failed,2979
workflow_000673,pipeline_002283,project_00080,org_0048,build-and-test,2026-07-16T18:56:59+00:00,running,2803
workflow_000674,pipeline_000549,project_00174,org_0062,test,2026-07-28T09:06:52+00:00,canceled,3418
workflow_000675,pipeline_002835,project_00051,org_0038,test,2026-01-31T17:33:54+00:00,success,1466
workflow_000676,pipeline_000459,project_00027,org_0054,lint,2026-03-22T05:26:26+00:00,success,463
workflow_000677,pipeline_000436,project_00164,org_0006,integration-tests,2026-03-24T11:07:58+00:00,success,1339
workflow_000678,pipeline_002200,project_00038,org_0037,integration-tests,2026-01-27T09:45:00+00:00,canceled,402
workflow_000679,pipeline_000700,project_00118,org_0073,lint,2026-06-14T01:44:02+00:00,success,1687
workflow_000680,pipeline_002880,project_00165,org_0074,test,2026-02-03T00:44:44+00:00,failed,3316
workflow_000681,pipeline_002195,project_00096,org_0047,lint,2026-01-24T07:11:04+00:00,success,2307
workflow_000682,pipeline_001753,project_00121,org_0032,integration-tests,2026-03-19T14:08:02+00:00,success,549
workflow_000683,pipeline_000877,project_00098,org_0088,lint,2026-04-10T21:04:14+00:00,success,270
workflow_000684,pipeline_000040,project_00069,org_0084,integration-tests,2026-06-11T20:36:12+00:00,success,1307
workflow_000685,pipeline_001869,project_00189,org_0026,test,2026-01-14T07:00:10+00:00,success,3098
workflow_000686,pipeline_000946,project_00185,org_0064,lint,2026-03-09T16:26:58+00:00,failed,2313
workflow_000687,pipeline_000363,project_00023,org_0023,integration-tests,2026-02-13T16:51:15+00:00,success,163
workflow_000688,pipeline_002010,project_00163,org_0017,test,2026-06-26T16:45:39+00:00,success,2353
workflow_000689,pipeline_000536,project_00168,org_0036,build-and-test,2026-01-01T08:05:13+00:00,success,208
workflow_000690,pipeline_000207,project_00043,org_0095,lint,2026-04-11T07:09:15+00:00,success,3004
workflow_000691,pipeline_002168,project_00100,org_0028,deploy,2026-05-26T14:28:11+00:00,success,3021
workflow_000692,pipeline_002562,project_00117,org_0066,deploy,2026-06-08T08:53:16+00:00,failed,3247
workflow_000693,pipeline_001336,project_00118,org_0073,deploy,2026-08-20T10:08:19+00:00,success,1131
workflow_000694,pipeline_002089,project_00072,org_0081,lint,2026-08-04T12:56:07+00:00,success,190
workflow_000695,pipeline_002066,project_00089,org_0083,deploy,2026-04-04T12:08:43+00:00,success,2381
workflow_000696,pipeline_002162,project_00058,org_0052,lint,2026-06-26T04:21:45+00:00,success,1798
workflow_000697,pipeline_000768,project_00067,org_0021,deploy,2026-03-05T12:26:33+00:00,failed,69
workflow_000698,pipeline_000689,project_00046,org_0095,build-and-test,2026-08-05T04:30:29+00:00,running,846
workflow_000699,pipeline_002978,project_00161,org_0075,lint,2026-03-14T12:49:26+00:00,failed,3071
workflow_000700,pipeline_000608,project_00189,org_0026,build-and-test,2026-01-09T08:13:46+00:00,success,1376
workflow_000701,pipeline_000007,project_00097,org_0073,deploy,2026-02-09T09:22:57+00:00,failed,38
workflow_000702,pipeline_000250,project_00069,org_0084,build-and-test,2026-03-12T23:40:28+00:00,success,2155
workflow_000703,pipeline_001544,project_00063,org_0064,deploy,2026-06-08T07:16:11+00:00,failed,3076
workflow_000704,pipeline_002926,project_00130,org_0026,lint,2026-08-11T22:05:27+00:00,success,2461
workflow_000705,pipeline_000456,project_00083,org_0057,integration-tests,2026-03-19T21:18:46+00:00,success,2144
workflow_000706,pipeline_002135,project_00003,org_0015,integration-tests,2026-04-17T12:01:16+00:00,failed,2357
workflow_000707,pipeline_000369,project_00004,org_0044,build-and-test,2026-05-14T07:31:15+00:00,success,1693
workflow_000708,pipeline_000011,project_00087,org_0094,build-and-test,2026-08-19T16:45:57+00:00,success,3535
workflow_000709,pipeline_000379,project_00183,org_0076,lint,2026-01-09T08:17:13+00:00,success,3066
workflow_000710,pipeline_002572,project_00092,org_0078,deploy,2026-03-08T12:09:05+00:00,failed,598
workflow_000711,pipeline_002808,project_00080,org_0048,lint,2026-07-16T19:00:08+00:00,success,1900
workflow_000712,pipeline_002384,project_00169,org_0005,integration-tests,2026-05-10T10:16:09+00:00,canceled,2394
workflow_000713,pipeline_002977,project_00028,org_0055,lint,2026-06-28T09:43:04+00:00,failed,2560
workflow_000714,pipeline_000184,project_00028,org_0055,lint,2026-03-10T06:17:47+00:00,success,3286
workflow_000715,pipeline_001380,project_00024,org_0011,test,2026-04-13T10:54:22+00:00,success,3481
workflow_000716,pipeline_000337,project_00161,org_0075,integration-tests,2026-03-11T11:26:57+00:00,success,1086
workflow_000717,pipeline_001592,project_00053,org_0084,deploy,2026-08-31T20:05:33+00:00,success,124
workflow_000718,pipeline_002445,project_00069,org_0084,integration-tests,2026-07-22T01:11:31+00:00,success,2832
workflow_000719,pipeline_000898,project_00156,org_0034,deploy,2026-07-05T01:34:18+00:00,success,426
workflow_000720,pipeline_002962,project_00001,org_0020,deploy,2026-04-18T17:52:25+00:00,canceled,367
workflow_000721,pipeline_000394,project_00060,org_0001,integration-tests,2026-03-31T16:15:33+00:00,failed,1333
workflow_000722,pipeline_000379,project_00183,org_0076,integration-tests,2026-01-09T08:17:13+00:00,success,1542
workflow_000723,pipeline_002844,project_00079,org_0012,test,2026-05-23T16:40:12+00:00,success,609
workflow_000724,pipeline_002349,project_00170,org_0064,test,2026-01-20T21:10:42+00:00,success,104
workflow_000725,pipeline_000775,project_00096,org_0047,test,2026-08-18T06:21:12+00:00,failed,2752
workflow_000726,pipeline_000050,project_00006,org_0057,build-and-test,2026-01-04T10:56:06+00:00,success,1356
workflow_000727,pipeline_000980,project_00040,org_0015,test,2026-05-09T06:09:28+00:00,success,152
workflow_000728,pipeline_001829,project_00071,org_0048,test,2026-06-30T20:46:47+00:00,success,2384
workflow_000729,pipeline_002488,project_00104,org_0040,integration-tests,2026-03-30T23:10:17+00:00,success,2413
workflow_000730,pipeline_002884,project_00001,org_0020,test,2026-05-24T17:11:35+00:00,failed,1799
workflow_000731,pipeline_001809,project_00110,org_0016,deploy,2026-05-29T12:17:07+00:00,failed,421
workflow_000732,pipeline_000240,project_00090,org_0077,integration-tests,2026-05-15T22:42:09+00:00,success,2667
workflow_000733,pipeline_002954,project_00021,org_0079,build-and-test,2026-05-05T02:01:34+00:00,failed,2923
workflow_000734,pipeline_002209,project_00167,org_0023,build-and-test,2026-05-13T14:50:55+00:00,failed,653
workflow_000735,pipeline_000565,project_00023,org_0023,deploy,2026-04-27T23:23:07+00:00,success,2473
workflow_000736,pipeline_001184,project_00087,org_0094,build-and-test,2026-06-15T11:18:53+00:00,success,1631
workflow_000737,pipeline_000577,project_00046,org_0095,build-and-test,2026-05-31T10:10:48+00:00,success,2081
workflow_000738,pipeline_000287,project_00070,org_0012,lint,2026-08-02T00:48:45+00:00,success,1360
workflow_000739,pipeline_000557,project_00086,org_0013,lint,2026-01-25T13:16:14+00:00,success,1498
workflow_000740,pipeline_002610,project_00127,org_0067,deploy,2026-08-26T01:38:16+00:00,success,684
workflow_000741,pipeline_000911,project_00175,org_0065,test,2026-08-06T12:39:33+00:00,running,101
workflow_000742,pipeline_000035,project_00156,org_0034,test,2026-07-03T17:06:50+00:00,success,2568
workflow_000743,pipeline_000388,project_00111,org_0090,integration-tests,2026-02-26T08:55:06+00:00,canceled,2289
workflow_000744,pipeline_002873,project_00143,org_0010,test,2026-03-24T08:49:57+00:00,success,505
workflow_000745,pipeline_002813,project_00059,org_0059,lint,2026-08-20T11:11:00+00:00,canceled,2603
workflow_000746,pipeline_000724,project_00186,org_0005,test,2026-02-24T14:06:56+00:00,success,103
workflow_000747,pipeline_001175,project_00004,org_0044,lint,2026-04-02T20:23:08+00:00,success,159
workflow_000748,pipeline_000250,project_00069,org_0084,lint,2026-03-12T23:40:28+00:00,success,927
workflow_000749,pipeline_000227,project_00148,org_0022,test,2026-05-14T17:38:00+00:00,success,126
workflow_000750,pipeline_000221,project_00182,org_0031,build-and-test,2026-01-03T18:18:28+00:00,success,1022
workflow_000751,pipeline_002140,project_00045,org_0057,deploy,2026-01-06T13:41:46+00:00,success,151
workflow_000752,pipeline_000368,project_00190,org_0042,deploy,2026-01-22T04:19:52+00:00,success,550
workflow_000753,pipeline_002326,project_00038,org_0037,lint,2026-02-11T19:35:56+00:00,success,396
workflow_000754,pipeline_000513,project_00014,org_0026,build-and-test,2026-04-13T16:20:40+00:00,success,1113
workflow_000755,pipeline_002181,project_00110,org_0016,test,2026-02-12T14:14:27+00:00,success,3042
workflow_000756,pipeline_001759,project_00184,org_0073,lint,2026-08-24T17:26:05+00:00,failed,949
workflow_000757,pipeline_002993,project_00026,org_0048,test,2026-08-25T02:55:07+00:00,success,3001
workflow_000758,pipeline_000189,project_00101,org_0065,test,2026-03-28T17:22:07+00:00,success,621
workflow_000759,pipeline_001802,project_00170,org_0064,lint,2026-03-03T00:34:57+00:00,running,3520
workflow_000760,pipeline_002597,project_00167,org_0023,test,2026-03-09T15:47:56+00:00,success,133
workflow_000761,pipeline_000439,project_00008,org_0003,integration-tests,2026-03-10T04:58:54+00:00,success,999
workflow_000762,pipeline_000029,project_00161,org_0075,test,2026-02-27T10:19:30+00:00,success,3075
workflow_000763,pipeline_002564,project_00187,org_0078,deploy,2026-05-24T01:22:26+00:00,canceled,1296
workflow_000764,pipeline_002015,project_00107,org_0094,deploy,2026-06-28T20:55:51+00:00,success,1462
workflow_000765,pipeline_002287,project_00014,org_0026,lint,2026-07-20T18:45:58+00:00,success,1708
workflow_000766,pipeline_missing_999,project_00007,org_0039,deploy,2026-03-04T21:54:21+00:00,success,1331
workflow_000767,pipeline_000416,project_00161,org_0075,deploy,2026-03-12T04:12:32+00:00,failed,2766
workflow_000768,pipeline_000751,project_00049,org_0073,lint,2026-04-14T09:11:25+00:00,success,45
workflow_000769,pipeline_002087,project_00145,org_0051,lint,2026-07-03T21:33:16+00:00,failed,2911
workflow_000770,pipeline_001587,project_00075,org_0017,test,2026-04-15T01:13:53+00:00,canceled,3237
workflow_000771,pipeline_001640,project_00020,org_0068,deploy,2026-01-21T06:26:18+00:00,failed,1160
workflow_000772,pipeline_000314,project_00011,org_0043,integration-tests,2026-08-14T16:01:49+00:00,failed,1704
workflow_000773,pipeline_002236,project_00190,org_0042,lint,2026-08-27T12:07:39+00:00,success,3488
workflow_000774,pipeline_001105,project_00034,org_0084,integration-tests,2026-05-06T14:28:46+00:00,success,1943
workflow_000775,pipeline_000330,project_00147,org_0018,deploy,2026-05-31T22:00:12+00:00,success,2647
workflow_000776,pipeline_000851,project_00200,org_0024,test,2026-05-21T07:15:26+00:00,success,1720
workflow_000777,pipeline_000446,project_00153,org_0006,integration-tests,2026-02-15T09:04:15+00:00,success,2346
workflow_000778,pipeline_001980,project_00012,org_0052,test,2026-05-29T03:43:57+00:00,running,544
workflow_000779,pipeline_000964,project_00116,org_0081,test,2026-07-01T13:53:27+00:00,failed,3354
workflow_000780,pipeline_000859,project_00155,org_0066,test,2026-06-08T16:36:47+00:00,success,3003
workflow_000781,pipeline_001718,project_00177,org_0029,lint,2026-08-28T17:06:15+00:00,success,482
workflow_000782,pipeline_000618,project_00032,org_0046,build-and-test,2026-01-10T16:19:11+00:00,success,2639
workflow_000783,pipeline_001773,project_00038,org_0037,test,2026-08-15T21:27:46+00:00,success,3106
workflow_000784,pipeline_001460,project_00196,org_0023,deploy,2026-04-28T15:30:40+00:00,success,2384
workflow_000785,pipeline_000705,project_00163,org_0017,build-and-test,2026-01-30T06:02:39+00:00,canceled,2733
workflow_000786,pipeline_002831,project_00021,org_0079,test,2026-03-10T16:37:04+00:00,failed,2662
workflow_000787,pipeline_000361,project_00167,org_0023,build-and-test,2026-08-10T21:11:16+00:00,success,2939
workflow_000788,pipeline_002509,project_00101,org_0065,lint,2026-05-23T21:07:18+00:00,failed,2269
workflow_000789,pipeline_002255,project_00158,org_0014,build-and-test,2026-08-03T16:41:36+00:00,success,1928
workflow_000790,pipeline_001021,project_00197,org_0023,build-and-test,2026-08-21T13:51:52+00:00,failed,1787
workflow_000791,pipeline_000957,project_00096,org_0047,test,2026-07-13T15:10:29+00:00,success,2803
workflow_000792,pipeline_002404,project_00053,org_0084,test,2026-06-01T03:42:35+00:00,success,3568
workflow_000793,pipeline_002060,project_00155,org_0066,deploy,2026-03-14T06:15:01+00:00,failed,2193
workflow_000794,pipeline_002117,project_00165,org_0074,test,2026-03-29T13:59:51+00:00,success,1749
workflow_000795,pipeline_002199,project_00163,org_0017,build-and-test,2026-07-30T06:14:24+00:00,running,1689
workflow_000796,pipeline_001064,project_00195,org_0082,build-and-test,2026-03-16T12:29:46+00:00,success,432
workflow_000797,pipeline_000413,project_00141,org_0059,build-and-test,2026-05-28T19:30:52+00:00,success,689
workflow_000798,pipeline_001520,project_00010,org_0067,test,2026-05-20T07:32:48+00:00,success,3100
workflow_000799,pipeline_001143,project_00082,org_0009,build-and-test,2026-06-01T06:59:36+00:00,failed,793
workflow_000800,pipeline_001013,project_00052,org_0018,build-and-test,2026-02-05T11:46:59+00:00,success,1674
workflow_000801,pipeline_000209,project_00115,org_0035,test,2026-08-24T13:13:51+00:00,success,2192
workflow_000802,pipeline_001737,project_00160,org_0052,build-and-test,2026-05-17T13:23:43+00:00,failed,1011
workflow_000803,pipeline_002035,project_00098,org_0088,deploy,2026-07-03T14:56:14+00:00,success,3020
workflow_000804,pipeline_002630,project_00173,org_0032,integration-tests,2026-07-18T23:04:37+00:00,success,269
workflow_000805,pipeline_000830,project_00122,org_0050,deploy,2026-05-13T13:20:01+00:00,success,2892
workflow_000806,pipeline_000826,project_00144,org_0031,build-and-test,2026-01-17T07:11:00+00:00,success,2285
workflow_000807,pipeline_002426,project_00060,org_0001,integration-tests,2026-06-09T12:19:49+00:00,success,232
workflow_000808,pipeline_000329,project_00009,org_0087,build-and-test,2026-03-20T11:30:47+00:00,failed,162
workflow_000809,pipeline_000055,project_00077,org_0016,deploy,2026-02-11T23:36:26+00:00,success,1974
workflow_000810,pipeline_000479,project_00084,org_0081,deploy,2026-07-11T23:09:52+00:00,success,2855
workflow_000811,pipeline_002034,project_00030,org_0063,build-and-test,2026-02-26T22:50:32+00:00,success,1941
workflow_000812,pipeline_002672,project_00145,org_0051,integration-tests,2026-08-15T05:48:02+00:00,success,3227
workflow_000813,pipeline_000430,project_00023,org_0023,lint,2026-07-07T20:03:56+00:00,failed,667
workflow_000814,pipeline_001454,project_00008,org_0003,integration-tests,2026-04-21T01:41:11+00:00,running,238
workflow_000815,pipeline_002957,project_00196,org_0023,integration-tests,2026-06-22T00:31:15+00:00,success,2413
workflow_000816,pipeline_002655,project_00134,org_0053,test,2026-07-23T19:24:53+00:00,failed,2635
workflow_000817,pipeline_001912,project_00106,org_0082,integration-tests,2026-01-12T00:28:12+00:00,success,1523
workflow_000818,pipeline_000039,project_00059,org_0059,build-and-test,2026-02-22T04:33:49+00:00,success,1822
workflow_000819,pipeline_001396,project_00057,org_0049,deploy,2026-02-14T17:37:44+00:00,success,708
workflow_000820,pipeline_002893,project_00160,org_0052,build-and-test,2026-06-07T09:15:48+00:00,success,711
workflow_000821,pipeline_002287,project_00014,org_0026,integration-tests,2026-07-20T18:45:58+00:00,success,3458
workflow_000822,pipeline_001818,project_00147,org_0018,integration-tests,2026-08-01T06:32:34+00:00,failed,1961
workflow_000823,pipeline_000564,project_00178,org_0061,lint,2026-01-15T14:39:18+00:00,success,260
workflow_000824,pipeline_002929,project_00034,org_0084,deploy,2026-08-20T03:27:37+00:00,success,1731
workflow_000825,pipeline_000434,project_00031,org_0041,lint,2026-01-10T07:34:23+00:00,success,2857
workflow_000826,pipeline_002098,project_00153,org_0006,build-and-test,2026-08-23T23:46:03+00:00,failed,1955
workflow_000827,pipeline_000634,project_00045,org_0057,deploy,2026-08-04T20:33:37+00:00,failed,2802
workflow_000828,pipeline_002441,project_00161,org_0075,integration-tests,2026-04-27T08:24:54+00:00,success,1603
workflow_000829,pipeline_001030,project_00190,org_0042,lint,2026-05-08T15:36:41+00:00,success,524
workflow_000830,pipeline_002194,project_00060,org_0001,deploy,2026-03-20T14:56:43+00:00,success,3460
workflow_000831,pipeline_000929,project_00153,org_0006,build-and-test,2026-01-27T05:33:36+00:00,success,1747
workflow_000832,pipeline_002293,project_00146,org_0035,build-and-test,2026-03-17T05:04:54+00:00,failed,58
workflow_000833,pipeline_000746,project_00058,org_0052,test,2026-01-09T01:15:38+00:00,success,2789
workflow_000834,pipeline_002961,project_00078,org_0062,integration-tests,2026-01-05T17:45:25+00:00,success,1471
workflow_000835,pipeline_001907,project_00152,org_0021,integration-tests,2026-02-08T06:48:06+00:00,success,725
workflow_000836,pipeline_002668,project_00009,org_0087,test,2026-05-07T09:16:01+00:00,success,1230
workflow_000837,pipeline_000796,project_00048,org_0018,deploy,2026-03-23T23:17:59+00:00,success,1648
workflow_000838,pipeline_000763,project_00037,org_0005,deploy,2026-04-12T03:09:35+00:00,running,527
workflow_000839,pipeline_001601,project_00070,org_0012,integration-tests,2026-02-18T00:26:04+00:00,success,1604
workflow_000840,pipeline_002468,project_00112,org_0045,lint,2026-07-01T11:40:14+00:00,success,3498
workflow_000841,pipeline_001868,project_00069,org_0084,test,2026-02-21T03:35:56+00:00,success,1963
workflow_000842,pipeline_000082,project_00130,org_0026,lint,2026-03-07T15:03:07+00:00,failed,2824
workflow_000843,pipeline_002797,project_00043,org_0095,test,2026-05-20T22:23:24+00:00,success,2568
workflow_000844,pipeline_002827,project_00059,org_0059,build-and-test,2026-01-21T20:30:41+00:00,success,3510
workflow_000845,pipeline_001494,project_00061,org_0082,deploy,2026-04-01T02:42:29+00:00,success,254
workflow_000846,pipeline_000473,project_00106,org_0082,lint,2026-04-03T15:40:58+00:00,failed,3402
workflow_000847,pipeline_000595,project_00159,org_0008,lint,2026-05-11T08:54:04+00:00,success,1997
workflow_000848,pipeline_000040,project_00069,org_0084,deploy,2026-06-11T20:36:12+00:00,success,220
workflow_000849,pipeline_002658,project_00034,org_0084,integration-tests,2026-05-23T06:06:30+00:00,failed,3232
workflow_000850,pipeline_000642,project_00188,org_0062,test,2026-08-12T09:50:46+00:00,failed,2908
workflow_000851,pipeline_002847,project_00175,org_0065,build-and-test,2026-08-30T02:10:56+00:00,success,3575
workflow_000852,pipeline_000910,project_00174,org_0062,integration-tests,2026-01-09T23:28:14+00:00,success,2249
workflow_000853,pipeline_001200,project_00012,org_0052,integration-tests,2026-08-08T21:07:52+00:00,success,126
workflow_000854,pipeline_000042,project_00132,org_0076,test,2026-03-03T17:43:50+00:00,canceled,3055
workflow_000855,pipeline_001742,project_00072,org_0081,integration-tests,2026-05-05T01:03:22+00:00,failed,335
workflow_000856,pipeline_000064,project_00168,org_0036,test,2026-02-04T16:20:04+00:00,failed,221
workflow_000857,pipeline_000604,project_00118,org_0073,build-and-test,2026-02-03T21:46:35+00:00,success,321
workflow_000858,pipeline_001545,project_00067,org_0021,lint,2026-04-22T09:57:49+00:00,failed,3157
workflow_000859,pipeline_002926,project_00130,org_0026,integration-tests,2026-08-11T22:05:27+00:00,running,2890
workflow_000860,pipeline_001192,project_00150,org_0099,lint,2026-05-30T03:35:58+00:00,failed,1033
workflow_000861,pipeline_000947,project_00051,org_0038,integration-tests,2026-01-09T08:19:12+00:00,failed,983
workflow_000862,pipeline_001270,project_00186,org_0005,integration-tests,2026-05-19T04:38:38+00:00,success,42
workflow_000863,pipeline_001335,project_00161,org_0075,build-and-test,2026-01-09T23:41:17+00:00,failed,3147
workflow_000864,pipeline_001132,project_00098,org_0088,lint,2026-03-05T10:14:48+00:00,success,3178
workflow_000865,pipeline_000637,project_00007,org_0039,lint,2026-01-01T22:48:16+00:00,success,3341
workflow_000866,pipeline_002398,project_00183,org_0076,lint,2026-01-16T14:44:56+00:00,failed,530
workflow_000867,pipeline_001311,project_00032,org_0046,lint,2026-07-13T20:14:05+00:00,success,1410
workflow_000868,pipeline_001315,project_00180,org_0035,build-and-test,2026-08-29T22:19:40+00:00,success,3185
workflow_000869,pipeline_000313,project_00071,org_0048,lint,2026-08-16T01:46:11+00:00,canceled,1379
workflow_000870,pipeline_000404,project_00100,org_0028,deploy,2026-07-20T10:38:57+00:00,success,1554
workflow_000871,pipeline_002306,project_00063,org_0064,lint,2026-03-05T02:06:05+00:00,success,1428
workflow_000872,pipeline_001484,project_00053,org_0084,test,2026-08-01T11:13:25+00:00,success,3528
workflow_000873,pipeline_002620,project_00175,org_0065,build-and-test,2026-07-26T21:09:10+00:00,failed,3356
workflow_000874,pipeline_002452,project_00183,org_0076,lint,2026-02-22T12:19:28+00:00,success,3037
workflow_000875,pipeline_001571,project_00021,org_0079,build-and-test,2026-03-28T09:18:27+00:00,success,3252
workflow_000876,pipeline_001199,project_00129,org_0012,lint,2026-01-09T11:53:19+00:00,failed,3481
workflow_000877,pipeline_001515,project_00191,org_0076,test,2026-04-03T12:26:08+00:00,success,1924
workflow_000878,pipeline_001920,project_00087,org_0094,deploy,2026-06-20T00:18:13+00:00,success,294
workflow_000879,pipeline_001809,project_00110,org_0016,build-and-test,2026-05-29T12:17:07+00:00,success,863
workflow_000880,pipeline_000251,project_00189,org_0026,integration-tests,2026-03-19T13:01:37+00:00,success,1511
workflow_000881,pipeline_001574,project_00049,org_0073,test,2026-08-05T18:31:26+00:00,failed,1998
workflow_000882,pipeline_002178,project_00119,org_0033,deploy,2026-04-17T16:46:23+00:00,success,2990
workflow_000883,pipeline_000251,project_00189,org_0026,deploy,2026-03-19T13:01:37+00:00,success,1332
workflow_000884,pipeline_001258,project_00129,org_0012,deploy,2026-04-29T20:26:35+00:00,success,3209
workflow_000885,pipeline_000761,project_00011,org_0043,lint,2026-08-14T10:31:48+00:00,success,328
workflow_000886,pipeline_001236,project_00068,org_0055,integration-tests,2026-01-30T15:48:54+00:00,failed,2920
workflow_000887,pipeline_001881,project_00051,org_0038,deploy,2026-05-18T10:55:38+00:00,success,693
workflow_000888,pipeline_002305,project_00106,org_0082,deploy,2026-06-05T06:52:43+00:00,success,3186
workflow_000889,pipeline_001616,project_00177,org_0029,integration-tests,2026-08-08T13:05:35+00:00,success,634
workflow_000890,pipeline_001847,project_00098,org_0088,deploy,2026-06-13T02:48:49+00:00,success,3445
workflow_000891,pipeline_001230,project_00091,org_0085,build-and-test,2026-04-22T09:36:01+00:00,success,1785
workflow_000892,pipeline_001027,project_00061,org_0082,deploy,2026-06-16T09:53:22+00:00,success,2703
workflow_000893,pipeline_001546,project_00108,org_0012,deploy,2026-07-16T03:10:58+00:00,success,306
workflow_000894,pipeline_002894,project_00136,org_0098,deploy,2026-04-01T21:46:56+00:00,canceled,882
workflow_000895,pipeline_002977,project_00028,org_0055,integration-tests,2026-06-28T09:43:04+00:00,canceled,1672
workflow_000896,pipeline_001950,project_00105,org_0020,lint,2026-05-29T01:53:13+00:00,failed,1496
workflow_000897,pipeline_002473,project_00044,org_0058,deploy,2026-08-13T00:24:01+00:00,success,2196
workflow_000898,pipeline_001767,project_00071,org_0048,integration-tests,2026-08-19T20:28:18+00:00,failed,2517
workflow_000899,pipeline_000214,project_00039,org_0096,lint,2026-08-24T03:46:18+00:00,failed,2872
workflow_000900,pipeline_000124,project_00198,org_0017,test,2026-06-24T23:00:25+00:00,success,2173
workflow_000901,pipeline_001612,project_00144,org_0031,integration-tests,2026-03-07T17:34:39+00:00,success,752
workflow_000902,pipeline_000236,project_00133,org_0098,test,2026-03-31T23:19:47+00:00,failed,3214
workflow_000903,pipeline_000964,project_00116,org_0081,test,2026-07-01T13:53:27+00:00,success,3258
workflow_000904,pipeline_000105,project_00181,org_0050,integration-tests,2026-07-23T19:39:26+00:00,canceled,2503
workflow_000905,pipeline_000594,project_00179,org_0021,lint,2026-08-26T20:55:31+00:00,success,1742
workflow_000906,pipeline_000344,project_00001,org_0020,test,2026-01-14T11:04:53+00:00,success,1870
workflow_000907,pipeline_001758,project_00099,org_0003,test,2026-01-28T07:51:18+00:00,failed,1317
workflow_000908,pipeline_000786,project_00158,org_0014,test,2026-03-14T08:57:44+00:00,success,266
workflow_000909,pipeline_001941,project_00181,org_0050,integration-tests,2026-02-27T10:20:33+00:00,success,1927
workflow_000910,pipeline_002048,project_00086,org_0013,test,2026-05-23T10:46:00+00:00,success,680
workflow_000911,pipeline_001788,project_00082,org_0009,build-and-test,2026-01-29T08:55:03+00:00,success,3563
workflow_000912,pipeline_000114,project_00104,org_0040,deploy,2026-06-10T03:16:25+00:00,failed,2188
workflow_000913,pipeline_001064,project_00195,org_0082,deploy,2026-03-16T12:29:46+00:00,failed,1983
workflow_000914,pipeline_000861,project_00078,org_0062,lint,2026-04-25T04:06:15+00:00,failed,563
workflow_000915,pipeline_001866,project_00027,org_0054,deploy,2026-04-08T00:06:25+00:00,success,2922
workflow_000916,pipeline_000722,project_00006,org_0057,deploy,2026-01-22T11:41:15+00:00,canceled,633
workflow_000917,pipeline_001975,project_00137,org_0014,build-and-test,2026-01-11T20:38:06+00:00,success,337
workflow_000918,pipeline_001904,project_00150,org_0099,test,2026-07-12T05:30:41+00:00,success,2037
workflow_000919,pipeline_001745,project_00046,org_0095,integration-tests,2026-06-05T08:46:36+00:00,success,2044
workflow_000920,pipeline_000437,project_00018,org_0047,lint,2026-04-30T12:38:53+00:00,success,3222
workflow_000921,pipeline_001207,project_00137,org_0014,deploy,2026-04-03T12:20:28+00:00,success,2254
workflow_000922,pipeline_001524,project_00159,org_0008,build-and-test,2026-01-20T06:06:57+00:00,success,3458
workflow_000923,pipeline_002263,project_00003,org_0015,lint,2026-05-07T09:40:24+00:00,success,983
workflow_000924,pipeline_000133,project_00182,org_0031,test,2026-03-11T01:20:04+00:00,success,454
workflow_000925,pipeline_001741,project_00141,org_0059,integration-tests,2026-06-08T15:38:48+00:00,success,2424
workflow_000926,pipeline_000734,project_00137,org_0014,deploy,2026-04-02T19:14:20+00:00,success,768
workflow_000927,pipeline_001693,project_00172,org_0018,integration-tests,2026-05-27T03:17:30+00:00,failed,86
workflow_000928,pipeline_000392,project_00200,org_0024,test,2026-03-14T23:40:05+00:00,success,1658
workflow_000929,pipeline_001101,project_00125,org_0035,lint,2026-06-02T03:54:50+00:00,failed,278
workflow_000930,pipeline_001730,project_00118,org_0073,integration-tests,2026-08-17T07:45:25+00:00,success,322
workflow_000931,pipeline_001846,project_00066,org_0081,lint,2026-07-17T13:45:22+00:00,failed,3140
workflow_000932,pipeline_000080,project_00193,org_0076,deploy,2026-03-15T04:15:28+00:00,failed,359
workflow_000933,pipeline_001639,project_00158,org_0014,deploy,2026-02-26T21:24:04+00:00,success,3218
workflow_000934,pipeline_000162,project_00007,org_0039,test,2026-06-28T08:17:21+00:00,failed,164
workflow_000935,pipeline_001193,project_00031,org_0041,integration-tests,2026-01-16T22:30:38+00:00,success,786
workflow_000936,pipeline_001693,project_00172,org_0018,lint,2026-05-27T03:17:30+00:00,success,1175
workflow_000937,pipeline_001544,project_00063,org_0064,integration-tests,2026-06-08T07:16:11+00:00,success,493
workflow_000938,pipeline_001805,project_00116,org_0081,deploy,2026-04-30T14:55:31+00:00,success,3235
workflow_000939,pipeline_001817,project_00147,org_0018,lint,2026-03-19T16:04:55+00:00,running,2304
workflow_000940,pipeline_000022,project_00016,org_0027,integration-tests,2026-02-28T16:38:23+00:00,success,2335
workflow_000941,pipeline_000134,project_00195,org_0082,lint,2026-05-17T19:05:39+00:00,failed,1361
workflow_000942,pipeline_001066,project_00076,org_0002,build-and-test,2026-02-03T06:50:51+00:00,success,1462
workflow_000943,pipeline_002523,project_00088,org_0041,integration-tests,2026-05-19T04:15:10+00:00,failed,2282
workflow_000944,pipeline_001332,project_00098,org_0088,build-and-test,2026-01-10T19:43:07+00:00,failed,926
workflow_000945,pipeline_002477,project_00033,org_0025,deploy,2026-01-26T01:19:08+00:00,success,2900
workflow_000946,pipeline_000648,project_00025,org_0031,lint,2026-07-27T13:09:30+00:00,success,3557
workflow_000947,pipeline_000357,project_00024,org_0011,deploy,2026-03-28T05:59:17+00:00,failed,512
workflow_000948,pipeline_001588,project_00144,org_0031,deploy,2026-05-06T12:22:04+00:00,success,225
workflow_000949,pipeline_001223,project_00034,org_0084,integration-tests,2026-04-07T10:43:26+00:00,failed,273
workflow_000950,pipeline_000514,project_00122,org_0050,lint,2026-04-28T00:56:42+00:00,failed,1883
workflow_000951,pipeline_001619,project_00143,org_0010,test,2026-02-01T15:01:21+00:00,failed,1888
workflow_000952,pipeline_000681,project_00038,org_0037,integration-tests,2026-06-26T13:30:10+00:00,success,1487
workflow_000953,pipeline_000842,project_00100,org_0028,integration-tests,2026-02-18T22:27:27+00:00,success,2583
workflow_000954,pipeline_002567,project_00153,org_0006,integration-tests,2026-02-23T06:43:56+00:00,success,1884
workflow_000955,pipeline_002961,project_00078,org_0062,build-and-test,2026-01-05T17:45:25+00:00,success,2266
workflow_000956,pipeline_001782,project_00021,org_0079,test,2026-01-22T17:43:22+00:00,failed,1744
workflow_000957,pipeline_002029,project_00079,org_0012,test,2026-01-26T15:22:47+00:00,failed,3497
workflow_000958,pipeline_000089,project_00185,org_0064,deploy,2026-08-28T21:21:44+00:00,success,71
workflow_000959,pipeline_002725,project_00158,org_0014,build-and-test,2026-05-22T01:08:45+00:00,success,3480
workflow_000960,pipeline_000704,project_00158,org_0014,integration-tests,2026-04-27T07:44:13+00:00,success,792
workflow_000961,pipeline_000319,project_00065,org_0044,test,2026-01-16T08:03:35+00:00,failed,1255
workflow_000962,pipeline_000976,project_00143,org_0010,integration-tests,2026-01-12T16:35:25+00:00,success,1091
workflow_000963,pipeline_002221,project_00096,org_0047,integration-tests,2026-04-06T09:28:23+00:00,canceled,2425
workflow_000964,pipeline_000923,project_00016,org_0027,deploy,2026-06-21T14:58:41+00:00,failed,1457
workflow_000965,pipeline_000789,project_00123,org_0071,deploy,2026-04-27T15:52:05+00:00,success,56
workflow_000966,pipeline_000688,project_00116,org_0081,deploy,2026-05-03T03:54:15+00:00,success,196
workflow_000967,pipeline_000631,project_00036,org_0011,test,2026-08-17T00:54:53+00:00,canceled,3328
workflow_000968,pipeline_001358,project_00003,org_0015,test,2026-05-04T17:27:57+00:00,failed,273
workflow_000969,pipeline_000465,project_00194,org_0042,integration-tests,2026-06-30T20:35:43+00:00,failed,956
workflow_000970,pipeline_001383,project_00125,org_0035,test,2026-02-10T14:20:03+00:00,success,2970
workflow_000971,pipeline_002798,project_00068,org_0055,build-and-test,2026-02-18T09:04:13+00:00,success,1688
workflow_000972,pipeline_002380,project_00148,org_0022,integration-tests,2026-03-24T10:52:37+00:00,failed,3341
workflow_000973,pipeline_002295,project_00017,org_0074,test,2026-03-05T10:55:06+00:00,failed,882
workflow_000974,pipeline_002556,project_00043,org_0095,deploy,2026-07-05T19:10:21+00:00,failed,1035
workflow_000975,pipeline_000790,project_00134,org_0053,deploy,2026-06-16T02:44:57+00:00,success,1038
workflow_000976,pipeline_001615,project_00106,org_0082,deploy,2026-05-01T22:58:14+00:00,success,571
workflow_000977,pipeline_000030,project_00100,org_0028,integration-tests,2026-08-05T01:41:24+00:00,success,2341
workflow_000978,pipeline_002206,project_00154,org_0012,deploy,2026-07-22T10:28:52+00:00,success,3436
workflow_000979,pipeline_001104,project_00179,org_0021,test,2026-03-17T18:23:27+00:00,success,2404
workflow_000980,pipeline_000236,project_00133,org_0098,lint,2026-03-31T23:19:47+00:00,failed,3107
workflow_000981,pipeline_002452,project_00183,org_0076,lint,2026-02-22T12:19:28+00:00,success,2535
workflow_000982,pipeline_002463,project_00185,org_0064,integration-tests,2026-02-28T04:00:23+00:00,success,261
workflow_000983,pipeline_000483,project_00174,org_0062,deploy,2026-04-29T06:36:46+00:00,success,2063
workflow_000984,pipeline_001645,project_00126,org_0016,deploy,2026-04-08T07:11:35+00:00,success,1913
workflow_000985,pipeline_001266,project_00142,org_0065,integration-tests,2026-03-20T08:13:18+00:00,success,685
workflow_000986,pipeline_000269,project_00026,org_0048,build-and-test,2026-03-05T10:27:24+00:00,success,2468
workflow_000987,pipeline_001099,project_00075,org_0017,build-and-test,2026-05-27T07:10:44+00:00,success,1865
workflow_000988,pipeline_001401,project_00129,org_0012,integration-tests,2026-08-30T14:33:47+00:00,running,430
workflow_000989,pipeline_002401,project_00106,org_0082,deploy,2026-02-11T12:52:49+00:00,success,1858
workflow_000990,pipeline_000312,project_00029,org_0089,deploy,2026-04-02T15:21:39+00:00,success,1555
workflow_000991,pipeline_000951,project_00037,org_0005,lint,2026-02-20T19:05:41+00:00,success,1764
workflow_000992,pipeline_001123,project_00011,org_0043,lint,2026-02-20T00:39:07+00:00,success,2765
workflow_000993,pipeline_002084,project_00126,org_0016,lint,2026-01-06T00:52:00+00:00,success,451
workflow_000994,pipeline_000582,project_00023,org_0023,build-and-test,2026-06-09T21:17:10+00:00,failed,1773
workflow_000995,pipeline_000494,project_00109,org_0079,lint,2026-08-03T09:28:45+00:00,failed,966
workflow_000996,pipeline_000109,project_00121,org_0032,build-and-test,2026-07-12T13:30:59+00:00,success,678
workflow_000997,pipeline_002703,project_00031,org_0041,integration-tests,2026-08-28T19:35:28+00:00,canceled,1321
workflow_000998,pipeline_000563,project_00134,org_0053,test,2026-06-24T22:12:38+00:00,success,710
workflow_000999,pipeline_002889,project_00083,org_0057,build-and-test,2026-02-09T01:23:42+00:00,success,2860
workflow_001000,pipeline_000944,project_00075,org_0017,test,2026-06-21T00:54:04+00:00,success,1331
workflow_001001,pipeline_000386,project_00085,org_0088,test,2026-06-24T10:33:36+00:00,success,3191
workflow_001002,pipeline_000572,project_00008,org_0003,build-and-test,2026-07-08T09:05:59+00:00,success,460
workflow_001003,pipeline_001227,project_00178,org_0061,deploy,2026-04-14T20:52:35+00:00,success,232
workflow_001004,pipeline_002120,project_00018,org_0047,lint,2026-01-16T14:02:20+00:00,success,2451
workflow_001005,pipeline_001889,project_00036,org_0011,deploy,2026-02-25T20:14:04+00:00,success,2509
workflow_001006,pipeline_000520,project_00198,org_0017,test,2026-03-17T16:50:20+00:00,failed,1059
workflow_001007,pipeline_000538,project_00123,org_0071,deploy,2026-06-19T08:21:07+00:00,running,2085
workflow_001008,pipeline_002234,project_00196,org_0023,deploy,2026-03-27T09:21:30+00:00,failed,1071
workflow_001009,pipeline_002574,project_00174,org_0062,test,2026-02-09T11:30:28+00:00,failed,2240
workflow_001010,pipeline_000449,project_00096,org_0047,integration-tests,2026-01-15T12:32:49+00:00,success,60
workflow_001011,pipeline_001240,project_00082,org_0009,integration-tests,2026-07-11T22:20:17+00:00,success,199
workflow_001012,pipeline_001768,project_00074,org_0001,lint,2026-01-11T01:46:58+00:00,success,3427
workflow_001013,pipeline_002354,project_00169,org_0005,deploy,2026-04-24T12:35:18+00:00,canceled,990
workflow_001014,pipeline_000697,project_00092,org_0078,integration-tests,2026-06-09T23:27:43+00:00,success,2316
workflow_001015,pipeline_001762,project_00027,org_0054,test,2026-02-26T16:40:01+00:00,success,2559
workflow_001016,pipeline_000235,project_00169,org_0005,deploy,2026-07-21T05:32:19+00:00,success,2964
workflow_001017,pipeline_002224,project_00018,org_0047,test,2026-03-15T08:56:14+00:00,canceled,1156
workflow_001018,pipeline_000235,project_00169,org_0005,integration-tests,2026-07-21T05:32:19+00:00,success,2092
workflow_001019,pipeline_001472,project_00009,org_0087,integration-tests,2026-02-24T14:08:17+00:00,success,3427
workflow_001020,pipeline_002218,project_00176,org_0024,deploy,2026-05-21T09:18:08+00:00,running,1343
workflow_001021,pipeline_002866,project_00027,org_0054,lint,2026-04-17T12:06:35+00:00,failed,1987
workflow_001022,pipeline_000553,project_00157,org_0058,lint,2026-03-08T06:56:25+00:00,failed,103
workflow_001023,pipeline_002081,project_00112,org_0045,test,2026-03-04T01:38:11+00:00,success,543
workflow_001024,pipeline_002698,project_00121,org_0032,integration-tests,2026-02-02T02:20:00+00:00,failed,1514
workflow_001025,pipeline_001250,project_00180,org_0035,deploy,2026-02-11T04:04:59+00:00,failed,2641
workflow_001026,pipeline_001307,project_00033,org_0025,test,2026-06-24T12:02:47+00:00,success,2428
workflow_001027,pipeline_001605,project_00132,org_0076,deploy,2026-01-10T02:24:05+00:00,success,737
workflow_001028,pipeline_000752,project_00111,org_0090,test,2026-03-22T05:42:25+00:00,success,465
workflow_001029,pipeline_002185,project_00043,org_0095,deploy,2026-02-24T01:29:15+00:00,success,3289
workflow_001030,pipeline_002719,project_00042,org_0070,lint,2026-07-06T03:29:51+00:00,success,1258
workflow_001031,pipeline_001832,project_00160,org_0052,deploy,2026-06-01T10:34:26+00:00,success,802
workflow_001032,pipeline_002413,project_00131,org_0095,test,2026-02-26T04:37:43+00:00,failed,2676
workflow_001033,pipeline_000053,project_00078,org_0062,build-and-test,2026-07-22T04:41:48+00:00,failed,724
workflow_001034,pipeline_000666,project_00002,org_0014,deploy,2026-02-08T07:49:03+00:00,canceled,387
workflow_001035,pipeline_001178,project_00064,org_0044,integration-tests,2026-04-20T04:24:13+00:00,success,2463
workflow_001036,pipeline_000047,project_00151,org_0060,build-and-test,2026-08-03T02:48:09+00:00,success,2713
workflow_001037,pipeline_001711,project_00013,org_0051,lint,2026-06-30T11:54:24+00:00,success,2871
workflow_001038,pipeline_001817,project_00147,org_0018,build-and-test,2026-03-19T16:04:55+00:00,success,1662
workflow_001039,pipeline_000002,project_00191,org_0076,test,2026-01-31T05:12:37+00:00,canceled,1433
workflow_001040,pipeline_000216,project_00169,org_0005,integration-tests,2026-02-20T14:45:10+00:00,success,825
workflow_001041,pipeline_000759,project_00172,org_0018,build-and-test,2026-08-21T07:55:37+00:00,success,1197
workflow_001042,pipeline_002651,project_00061,org_0082,build-and-test,2026-02-20T22:12:02+00:00,success,978
workflow_001043,pipeline_002518,project_00112,org_0045,build-and-test,2026-01-19T00:05:29+00:00,success,3144
workflow_001044,pipeline_000346,project_00006,org_0057,integration-tests,2026-04-18T04:06:24+00:00,success,1548
workflow_001045,pipeline_000823,project_00197,org_0023,integration-tests,2026-01-19T03:03:18+00:00,success,580
workflow_001046,pipeline_000657,project_00033,org_0025,test,2026-03-23T11:51:35+00:00,failed,413
workflow_001047,pipeline_000356,project_00173,org_0032,integration-tests,2026-06-02T13:55:55+00:00,success,3520
workflow_001048,pipeline_000024,project_00134,org_0053,build-and-test,2026-06-12T13:56:01+00:00,success,117
workflow_001049,pipeline_002167,project_00092,org_0078,deploy,2026-06-06T12:14:23+00:00,success,2729
workflow_001050,pipeline_000153,project_00136,org_0098,test,2026-07-04T09:59:23+00:00,success,1669
workflow_001051,pipeline_000455,project_00197,org_0023,lint,2026-05-02T08:31:55+00:00,failed,254
workflow_001052,pipeline_001942,project_00146,org_0035,lint,2026-04-08T20:55:21+00:00,failed,1631
workflow_001053,pipeline_001153,project_00128,org_0060,deploy,2026-07-20T00:15:17+00:00,failed,2951
workflow_001054,pipeline_001450,project_00163,org_0017,build-and-test,2026-01-09T09:51:57+00:00,success,1363
workflow_001055,pipeline_000935,project_00169,org_0005,lint,2026-02-26T03:46:23+00:00,success,1141
workflow_001056,pipeline_001736,project_00116,org_0081,build-and-test,2026-07-01T12:17:54+00:00,success,1773
workflow_001057,pipeline_002700,project_00030,org_0063,deploy,2026-03-22T11:40:09+00:00,failed,2787
workflow_001058,pipeline_000456,project_00083,org_0057,deploy,2026-03-19T21:18:46+00:00,running,841
workflow_001059,pipeline_001681,project_00113,org_0017,build-and-test,2026-08-28T11:14:36+00:00,success,3276
workflow_001060,pipeline_002529,project_00189,org_0026,test,2026-07-25T06:58:59+00:00,success,411
workflow_001061,pipeline_001783,project_00066,org_0081,test,2026-03-12T22:44:39+00:00,success,849
workflow_001062,pipeline_002931,project_00122,org_0050,build-and-test,2026-03-20T12:29:48+00:00,success,1160
workflow_001063,pipeline_001179,project_00051,org_0038,build-and-test,2026-07-04T01:00:04+00:00,canceled,835
workflow_001064,pipeline_001884,project_00163,org_0017,deploy,2026-08-29T01:53:41+00:00,success,2727
workflow_001065,pipeline_001591,project_00115,org_0035,integration-tests,2026-06-09T03:43:13+00:00,success,1751
workflow_001066,pipeline_000130,project_00036,org_0011,lint,2026-06-10T07:03:59+00:00,failed,883
workflow_001067,pipeline_001029,project_00165,org_0074,integration-tests,2026-01-15T17:18:58+00:00,success,2584
workflow_001068,pipeline_000185,project_00138,org_0054,test,2026-03-18T06:52:41+00:00,failed,3343
workflow_001069,pipeline_000285,project_00161,org_0075,lint,2026-02-19T02:14:33+00:00,success,1423
workflow_001070,pipeline_000410,project_00117,org_0066,integration-tests,2026-02-05T00:32:07+00:00,success,110
workflow_001071,pipeline_000355,project_00039,org_0096,lint,2026-05-07T22:17:29+00:00,success,2342
workflow_001072,pipeline_000774,project_00007,org_0039,deploy,2026-04-21T09:41:35+00:00,success,778
workflow_001073,pipeline_000169,project_00041,org_0047,deploy,2026-07-27T04:16:47+00:00,success,927
workflow_001074,pipeline_001824,project_00096,org_0047,test,2026-01-07T07:00:24+00:00,success,1124
workflow_001075,pipeline_000319,project_00065,org_0044,lint,2026-01-16T08:03:35+00:00,success,1130
workflow_001076,pipeline_001415,project_00071,org_0048,lint,2026-07-31T14:59:20+00:00,failed,3290
workflow_001077,pipeline_000805,project_00125,org_0035,integration-tests,2026-07-03T02:35:52+00:00,failed,2375
workflow_001078,pipeline_001047,project_00126,org_0016,lint,2026-04-30T13:00:17+00:00,success,74
workflow_001079,pipeline_000678,project_00032,org_0046,test,2026-04-01T10:30:08+00:00,failed,3195
workflow_001080,pipeline_002196,project_00171,org_0008,test,2026-04-14T06:15:04+00:00,failed,1580
workflow_001081,pipeline_000561,project_00002,org_0014,lint,2026-03-11T16:14:56+00:00,success,199
workflow_001082,pipeline_001151,project_00024,org_0011,lint,2026-03-06T02:57:57+00:00,success,2142
workflow_001083,pipeline_001778,project_00039,org_0096,test,2026-04-19T02:05:20+00:00,success,79
workflow_001084,pipeline_000014,project_00185,org_0064,integration-tests,2026-07-29T18:20:02+00:00,success,2081
workflow_001085,pipeline_001382,project_00055,org_0032,test,2026-01-06T02:21:46+00:00,success,1127
workflow_001086,pipeline_000715,project_00062,org_0051,build-and-test,2026-02-28T10:30:24+00:00,success,1170
workflow_001087,pipeline_000961,project_00147,org_0018,test,2026-03-03T01:17:49+00:00,failed,2501
workflow_001088,pipeline_000066,project_00121,org_0032,build-and-test,2026-01-21T20:18:19+00:00,success,932
workflow_001089,pipeline_001954,project_00066,org_0081,integration-tests,2026-01-08T22:08:55+00:00,success,2782
workflow_001090,pipeline_001751,project_00191,org_0076,build-and-test,2026-08-22T12:55:08+00:00,success,3496
workflow_001091,pipeline_002653,project_00009,org_0087,lint,2026-07-22T15:24:23+00:00,failed,1232
workflow_001092,pipeline_000910,project_00174,org_0062,lint,2026-01-09T23:28:14+00:00,success,2170
workflow_001093,pipeline_001073,project_00001,org_0020,test,2026-06-27T10:47:46+00:00,success,239
workflow_001094,pipeline_001623,project_00103,org_0011,lint,2026-01-04T14:17:44+00:00,success,3112
workflow_001095,pipeline_001849,project_00180,org_0035,test,2026-02-02T19:08:41+00:00,failed,1080
workflow_001096,pipeline_001697,project_00197,org_0023,lint,2026-04-02T07:49:39+00:00,success,1618
workflow_001097,pipeline_000958,project_00135,org_0045,lint,2026-07-07T16:39:18+00:00,success,3344
workflow_001098,pipeline_000276,project_00164,org_0006,test,2026-05-12T00:41:13+00:00,success,2872
workflow_001099,pipeline_000357,project_00024,org_0011,integration-tests,2026-03-28T05:59:17+00:00,success,2149
workflow_001100,pipeline_002495,project_00053,org_0084,integration-tests,2026-03-25T22:30:35+00:00,success,274
workflow_001101,pipeline_000611,project_00034,org_0084,lint,2026-04-30T00:44:25+00:00,success,2879
workflow_001102,pipeline_000684,project_00078,org_0062,integration-tests,2026-08-30T13:09:01+00:00,failed,75
workflow_001103,pipeline_002118,project_00040,org_0015,test,2026-02-23T11:12:23+00:00,success,2886
workflow_001104,pipeline_001862,project_00122,org_0050,integration-tests,2026-07-02T07:56:08+00:00,success,1218
workflow_001105,pipeline_000968,project_00026,org_0048,test,2026-02-16T01:19:09+00:00,success,1784
workflow_001106,pipeline_000137,project_00052,org_0018,test,2026-04-14T16:25:04+00:00,failed,963
workflow_001107,pipeline_002892,project_00076,org_0002,deploy,2026-08-04T03:17:29+00:00,success,1770
workflow_001108,pipeline_002426,project_00060,org_0001,integration-tests,2026-06-09T12:19:49+00:00,success,140
workflow_001109,pipeline_001624,project_00134,org_0053,lint,2026-05-06T04:51:23+00:00,success,2757
workflow_001110,pipeline_000865,project_00116,org_0081,build-and-test,2026-05-12T04:44:27+00:00,failed,1959
workflow_001111,pipeline_002871,project_00128,org_0060,build-and-test,2026-01-12T16:23:56+00:00,success,585
workflow_001112,pipeline_000750,project_00198,org_0017,deploy,2026-06-26T04:51:49+00:00,success,3542
workflow_001113,pipeline_001948,project_00154,org_0012,integration-tests,2026-03-11T15:34:39+00:00,success,3208
workflow_001114,pipeline_000333,project_00143,org_0010,integration-tests,2026-06-11T12:57:53+00:00,success,2126
workflow_001115,pipeline_001852,project_00036,org_0011,integration-tests,2026-07-02T10:58:18+00:00,success,1794
workflow_001116,pipeline_001348,project_00167,org_0023,deploy,2026-04-25T07:16:09+00:00,success,1379
workflow_001117,pipeline_002770,project_00132,org_0076,integration-tests,2026-04-01T13:00:07+00:00,failed,221
workflow_001118,pipeline_001587,project_00075,org_0017,lint,2026-04-15T01:13:53+00:00,failed,2375
workflow_001119,pipeline_001699,project_00128,org_0060,deploy,2026-03-15T00:00:45+00:00,success,3360
workflow_001120,pipeline_000693,project_00015,org_0050,integration-tests,2026-06-01T23:58:15+00:00,failed,3587
workflow_001121,pipeline_002064,project_00042,org_0070,lint,2026-06-03T06:34:19+00:00,running,128
workflow_001122,pipeline_001290,project_00120,org_0030,test,2026-07-01T22:37:52+00:00,failed,3486
workflow_001123,pipeline_002748,project_00010,org_0067,test,2026-01-08T15:07:52+00:00,success,599
workflow_001124,pipeline_000484,project_00150,org_0099,lint,2026-01-04T03:40:36+00:00,success,2683
workflow_001125,pipeline_002298,project_00067,org_0021,lint,2026-08-13T02:26:05+00:00,failed,3162
workflow_001126,pipeline_000319,project_00065,org_0044,integration-tests,2026-01-16T08:03:35+00:00,failed,2826
workflow_001127,pipeline_002963,project_00110,org_0016,lint,2026-01-18T17:05:21+00:00,success,1630
workflow_001128,pipeline_000844,project_00006,org_0057,deploy,2026-01-11T19:57:54+00:00,failed,3153
workflow_001129,pipeline_000286,project_00009,org_0087,lint,2026-05-19T14:00:05+00:00,failed,2396
workflow_001130,pipeline_002770,project_00132,org_0076,build-and-test,2026-04-01T13:00:07+00:00,success,3346
workflow_001131,pipeline_002377,project_00007,org_0039,integration-tests,2026-04-21T17:50:21+00:00,success,3458
workflow_001132,pipeline_002085,project_00176,org_0024,integration-tests,2026-08-29T04:39:11+00:00,success,2350
workflow_001133,pipeline_002198,project_00123,org_0071,deploy,2026-07-05T22:07:39+00:00,success,2331
workflow_001134,pipeline_000631,project_00036,org_0011,lint,2026-08-17T00:54:53+00:00,failed,3181
workflow_001135,pipeline_000836,project_00016,org_0027,deploy,2026-06-02T17:30:26+00:00,success,1904
workflow_001136,pipeline_000025,project_00061,org_0082,integration-tests,2026-07-04T23:05:10+00:00,success,3431
workflow_001137,pipeline_001262,project_00098,org_0088,integration-tests,2026-03-06T00:16:27+00:00,success,1689
workflow_001138,pipeline_002406,project_00119,org_0033,test,2026-03-03T14:18:24+00:00,success,874
workflow_001139,pipeline_002941,project_00085,org_0088,integration-tests,2026-05-10T17:02:08+00:00,success,2753
workflow_001140,pipeline_000961,project_00147,org_0018,build-and-test,2026-03-03T01:17:49+00:00,success,1002
workflow_001141,pipeline_001339,project_00125,org_0035,test,2026-08-31T23:47:09+00:00,failed,2650
workflow_001142,pipeline_002464,project_00166,org_0064,build-and-test,2026-04-23T13:42:27+00:00,success,1499
workflow_001143,pipeline_002317,project_00011,org_0043,integration-tests,2026-08-27T14:16:53+00:00,running,1871
workflow_001144,pipeline_000110,project_00062,org_0051,lint,2026-05-09T12:09:48+00:00,success,290
workflow_001145,pipeline_002527,project_00062,org_0051,test,2026-04-29T01:32:35+00:00,failed,1828
workflow_001146,pipeline_000778,project_00084,org_0081,build-and-test,2026-08-10T00:56:28+00:00,success,2517
workflow_001147,pipeline_002173,project_00122,org_0050,deploy,2026-04-08T22:16:04+00:00,canceled,1142
workflow_001148,pipeline_000951,project_00037,org_0005,integration-tests,2026-02-20T19:05:41+00:00,canceled,3071
workflow_001149,pipeline_001139,project_00003,org_0015,deploy,2026-02-08T00:55:51+00:00,failed,2886
workflow_001150,pipeline_000601,project_00014,org_0026,build-and-test,2026-01-25T14:38:36+00:00,success,2236
workflow_001151,pipeline_000458,project_00071,org_0048,lint,2026-02-14T10:50:53+00:00,success,3552
workflow_001152,pipeline_000023,project_00139,org_0092,lint,2026-06-10T18:38:06+00:00,success,2655
workflow_001153,pipeline_001111,project_00039,org_0096,deploy,2026-06-06T21:29:49+00:00,success,1437
workflow_001154,pipeline_002643,project_00143,org_0010,integration-tests,2026-06-16T06:39:49+00:00,success,3124
workflow_001155,pipeline_000213,project_00028,org_0055,build-and-test,2026-01-07T10:22:29+00:00,success,3515
workflow_001156,pipeline_001035,project_00053,org_0084,integration-tests,2026-02-18T18:18:48+00:00,canceled,2725
workflow_001157,pipeline_000582,project_00023,org_0023,integration-tests,2026-06-09T21:17:10+00:00,success,36
workflow_001158,pipeline_000819,project_00127,org_0067,lint,2026-04-28T22:14:26+00:00,failed,498
workflow_001159,pipeline_001950,project_00105,org_0020,build-and-test,2026-05-29T01:53:13+00:00,canceled,669
workflow_001160,pipeline_001689,project_00052,org_0018,test,2026-03-08T19:47:38+00:00,success,226
workflow_001161,pipeline_000834,project_00008,org_0003,build-and-test,2026-06-21T21:07:56+00:00,success,2239
workflow_001162,pipeline_000129,project_00071,org_0048,integration-tests,2026-06-04T12:25:01+00:00,success,3577
workflow_001163,pipeline_000269,project_00026,org_0048,lint,2026-03-05T10:27:24+00:00,success,645
workflow_001164,pipeline_002166,project_00048,org_0018,deploy,2026-01-28T16:54:04+00:00,success,1728
workflow_001165,pipeline_002254,project_00195,org_0082,deploy,2026-03-30T18:31:18+00:00,success,3185
workflow_001166,pipeline_001213,project_00169,org_0005,test,2026-08-15T12:23:18+00:00,failed,1366
workflow_001167,pipeline_000124,project_00198,org_0017,build-and-test,2026-06-24T23:00:25+00:00,success,2144
workflow_001168,pipeline_002080,project_00072,org_0081,integration-tests,2026-03-30T10:41:02+00:00,canceled,2344
workflow_001169,pipeline_000754,project_00068,org_0055,lint,2026-04-02T10:53:06+00:00,success,393
workflow_001170,pipeline_000309,project_00171,org_0008,lint,2026-03-22T22:52:05+00:00,success,1762
workflow_001171,pipeline_002427,project_00190,org_0042,build-and-test,2026-01-29T04:43:04+00:00,failed,1606
workflow_001172,pipeline_000452,project_00133,org_0098,deploy,2026-02-21T13:00:48+00:00,failed,1693
workflow_001173,pipeline_001606,project_00068,org_0055,deploy,2026-08-12T18:35:03+00:00,success,165
workflow_001174,pipeline_002173,project_00122,org_0050,deploy,2026-04-08T22:16:04+00:00,failed,1013
workflow_001175,pipeline_002560,project_00136,org_0098,build-and-test,2026-01-22T17:49:46+00:00,success,2633
workflow_001176,pipeline_000718,project_00062,org_0051,lint,2026-02-14T02:26:33+00:00,success,1113
workflow_001177,pipeline_001150,project_00105,org_0020,test,2026-05-02T10:55:09+00:00,success,3319
workflow_001178,pipeline_002437,project_00161,org_0075,lint,2026-08-11T00:40:10+00:00,success,783
workflow_001179,pipeline_002630,project_00173,org_0032,test,2026-07-18T23:04:37+00:00,success,2167
workflow_001180,pipeline_002788,project_00033,org_0025,lint,2026-01-01T03:11:59+00:00,failed,362
workflow_001181,pipeline_000732,project_00009,org_0087,build-and-test,2026-01-22T05:34:59+00:00,failed,1239
workflow_001182,pipeline_002712,project_00185,org_0064,deploy,2026-05-28T18:28:34+00:00,success,2723
workflow_001183,pipeline_001532,project_00076,org_0002,deploy,2026-08-30T12:40:50+00:00,success,106
workflow_001184,pipeline_002399,project_00176,org_0024,build-and-test,2026-06-03T07:02:44+00:00,canceled,669
workflow_001185,pipeline_000913,project_00127,org_0067,lint,2026-05-21T09:09:42+00:00,success,66
workflow_001186,pipeline_000749,project_00095,org_0082,integration-tests,2026-03-08T01:39:36+00:00,canceled,2364
workflow_001187,pipeline_001849,project_00180,org_0035,lint,2026-02-02T19:08:41+00:00,failed,2914
workflow_001188,pipeline_000241,project_00104,org_0040,deploy,2026-08-12T06:31:08+00:00,success,2688
workflow_001189,pipeline_001839,project_00198,org_0017,build-and-test,2026-05-19T00:03:11+00:00,success,3119
workflow_001190,pipeline_001203,project_00156,org_0034,deploy,2026-04-16T10:30:33+00:00,success,574
workflow_001191,pipeline_002826,project_00028,org_0055,test,2026-06-03T23:33:29+00:00,success,1483
workflow_001192,pipeline_000911,project_00175,org_0065,lint,2026-08-06T12:39:33+00:00,success,3117
workflow_001193,pipeline_000325,project_00062,org_0051,integration-tests,2026-05-05T13:05:08+00:00,failed,3264
workflow_001194,pipeline_001505,project_00061,org_0082,test,2026-06-20T23:40:58+00:00,success,1025
workflow_001195,pipeline_001639,project_00158,org_0014,test,2026-02-26T21:24:04+00:00,failed,2119
workflow_001196,pipeline_002240,project_00060,org_0001,deploy,2026-02-08T23:29:04+00:00,success,2966
workflow_001197,pipeline_002335,project_00011,org_0043,lint,2026-02-24T12:04:22+00:00,running,1048
workflow_001198,pipeline_002121,project_00150,org_0099,test,2026-07-10T20:47:10+00:00,success,2947
workflow_001199,pipeline_001639,project_00158,org_0014,lint,2026-02-26T21:24:04+00:00,success,839
workflow_001200,pipeline_000521,project_00141,org_0059,deploy,2026-01-05T02:35:38+00:00,success,1591
workflow_001201,pipeline_001652,project_00161,org_0075,lint,2026-01-23T05:23:39+00:00,success,2589
workflow_001202,pipeline_002167,project_00092,org_0078,lint,2026-06-06T12:14:23+00:00,success,331
workflow_001203,pipeline_000530,project_00086,org_0013,test,2026-01-24T07:47:13+00:00,success,2352
workflow_001204,pipeline_001985,project_00177,org_0029,deploy,2026-01-04T23:19:34+00:00,success,236
workflow_001205,pipeline_001051,project_00109,org_0079,deploy,2026-04-06T20:15:59+00:00,success,1614
workflow_001206,pipeline_000756,project_00178,org_0061,deploy,2026-06-04T09:28:42+00:00,canceled,2338
workflow_001207,pipeline_002540,project_00050,org_0077,deploy,2026-03-10T00:16:14+00:00,success,1737
workflow_001208,pipeline_001631,project_00018,org_0047,build-and-test,2026-05-17T02:27:24+00:00,canceled,2361
workflow_001209,pipeline_002390,project_00105,org_0020,lint,2026-01-03T01:16:25+00:00,success,1442
workflow_001210,pipeline_001545,project_00067,org_0021,integration-tests,2026-04-22T09:57:49+00:00,running,2490
workflow_001211,pipeline_002693,project_00029,org_0089,deploy,2026-06-28T17:30:45+00:00,success,3049
workflow_001212,pipeline_002471,project_00145,org_0051,integration-tests,2026-02-17T17:54:20+00:00,success,1343
workflow_001213,pipeline_002265,project_00121,org_0032,lint,2026-03-02T13:10:51+00:00,failed,1667
workflow_001214,pipeline_002278,project_00103,org_0011,integration-tests,2026-07-01T02:41:17+00:00,success,2059
workflow_001215,pipeline_001848,project_00093,org_0038,integration-tests,2026-05-01T09:14:20+00:00,success,3228
workflow_001216,pipeline_001777,project_00004,org_0044,build-and-test,2026-01-26T03:32:16+00:00,success,1041
workflow_001217,pipeline_001044,project_00156,org_0034,integration-tests,2026-07-06T17:47:38+00:00,success,2173
workflow_001218,pipeline_001031,project_00107,org_0094,integration-tests,2026-04-23T00:35:47+00:00,failed,421
workflow_001219,pipeline_001341,project_00169,org_0005,deploy,2026-08-09T07:33:42+00:00,success,3085
workflow_001220,pipeline_000777,project_00169,org_0005,integration-tests,2026-01-03T06:06:35+00:00,success,546
workflow_001221,pipeline_001649,project_00050,org_0077,build-and-test,2026-01-03T04:19:52+00:00,success,302
workflow_001222,pipeline_001187,project_00170,org_0064,test,2026-05-05T21:53:54+00:00,success,2726
workflow_001223,pipeline_002861,project_00004,org_0044,lint,2026-05-05T11:15:47+00:00,canceled,631
workflow_001224,pipeline_002527,project_00062,org_0051,build-and-test,2026-04-29T01:32:35+00:00,canceled,1279
workflow_001225,pipeline_002671,project_00017,org_0074,deploy,2026-06-27T13:06:10+00:00,failed,3596
workflow_001226,pipeline_001165,project_00126,org_0016,integration-tests,2026-03-18T17:14:51+00:00,success,1260
workflow_001227,pipeline_000485,project_00076,org_0002,build-and-test,2026-01-25T05:42:30+00:00,success,3354
workflow_001228,pipeline_002355,project_00053,org_0084,lint,2026-03-05T15:43:36+00:00,success,2633
workflow_001229,pipeline_002227,project_00122,org_0050,lint,2026-06-19T18:44:25+00:00,success,2452
workflow_001230,pipeline_002511,project_00164,org_0006,integration-tests,2026-08-12T07:39:04+00:00,success,1370
workflow_001231,pipeline_002750,project_00147,org_0018,lint,2026-01-02T04:12:45+00:00,success,3070
workflow_001232,pipeline_002733,project_00025,org_0031,deploy,2026-05-23T05:38:25+00:00,success,76
workflow_001233,pipeline_001350,project_00101,org_0065,integration-tests,2026-02-09T23:02:49+00:00,canceled,2688
workflow_001234,pipeline_000620,project_00085,org_0088,build-and-test,2026-04-25T18:47:22+00:00,success,986
workflow_001235,pipeline_001380,project_00024,org_0011,deploy,2026-04-13T10:54:22+00:00,success,2014
workflow_001236,pipeline_001748,project_00058,org_0052,lint,2026-02-23T19:35:06+00:00,success,3308
workflow_001237,pipeline_000420,project_00063,org_0064,integration-tests,2026-08-01T13:35:36+00:00,canceled,2318
workflow_001238,pipeline_002542,project_00105,org_0020,lint,2026-08-30T15:29:27+00:00,success,2358
workflow_001239,pipeline_002234,project_00196,org_0023,build-and-test,2026-03-27T09:21:30+00:00,success,3541
workflow_001240,pipeline_001516,project_00022,org_0045,lint,2026-04-08T01:32:26+00:00,success,47
workflow_001241,pipeline_000349,project_00024,org_0011,lint,2026-08-10T13:19:32+00:00,success,1037
workflow_001242,pipeline_002573,project_00120,org_0030,build-and-test,2026-07-31T12:50:09+00:00,success,1703
workflow_001243,pipeline_001676,project_00169,org_0005,build-and-test,2026-03-14T09:36:42+00:00,canceled,1793
workflow_001244,pipeline_002343,project_00107,org_0094,test,2026-06-30T00:32:04+00:00,running,656
workflow_001245,pipeline_002670,project_00141,org_0059,test,2026-03-12T13:07:26+00:00,failed,57
workflow_001246,pipeline_001269,project_00193,org_0076,deploy,2026-04-20T16:10:44+00:00,failed,1288
workflow_001247,pipeline_002011,project_00138,org_0054,test,2026-05-20T20:42:10+00:00,success,699
workflow_001248,pipeline_001303,project_00003,org_0015,deploy,2026-08-06T20:02:44+00:00,canceled,2719
workflow_001249,pipeline_000796,project_00048,org_0018,lint,2026-03-23T23:17:59+00:00,success,1323
workflow_001250,pipeline_001658,project_00151,org_0060,build-and-test,2026-05-23T05:45:31+00:00,success,2062
workflow_001251,pipeline_002008,project_00166,org_0064,lint,2026-05-30T22:17:27+00:00,success,724
workflow_001252,pipeline_000301,project_00013,org_0051,lint,2026-07-27T18:17:19+00:00,running,1462
workflow_001253,pipeline_000255,project_00081,org_0100,deploy,2026-07-11T04:56:41+00:00,success,3133
workflow_001254,pipeline_002358,project_00030,org_0063,deploy,2026-06-25T06:20:33+00:00,canceled,630
workflow_001255,pipeline_002847,project_00175,org_0065,test,2026-08-30T02:10:56+00:00,failed,3078
workflow_001256,pipeline_002392,project_00055,org_0032,integration-tests,2026-08-27T03:58:42+00:00,failed,2449
workflow_001257,pipeline_000813,project_00179,org_0021,integration-tests,2026-06-19T09:57:30+00:00,success,890
workflow_001258,pipeline_001883,project_00059,org_0059,build-and-test,2026-07-26T04:04:03+00:00,success,3027
workflow_001259,pipeline_000754,project_00068,org_0055,test,2026-04-02T10:53:06+00:00,failed,1301
workflow_001260,pipeline_001127,project_00114,org_0099,lint,2026-02-24T07:32:36+00:00,success,2524
workflow_001261,pipeline_000001,project_00164,org_0006,test,2026-08-08T15:18:37+00:00,success,135
workflow_001262,pipeline_001819,project_00177,org_0029,integration-tests,2026-01-09T11:40:25+00:00,success,557
workflow_001263,pipeline_000924,project_00027,org_0054,test,2026-01-22T16:00:00+00:00,running,51
workflow_001264,pipeline_002834,project_00133,org_0098,lint,2026-06-03T19:44:31+00:00,success,342
workflow_001265,pipeline_002492,project_00062,org_0051,build-and-test,2026-08-04T23:08:14+00:00,failed,2609
workflow_001266,pipeline_000140,project_00191,org_0076,integration-tests,2026-08-06T23:25:14+00:00,failed,1493
workflow_001267,pipeline_000368,project_00190,org_0042,lint,2026-01-22T04:19:52+00:00,failed,2722
workflow_001268,pipeline_000682,project_00060,org_0001,integration-tests,2026-02-22T06:38:27+00:00,success,351
workflow_001269,pipeline_001098,project_00181,org_0050,test,2026-08-11T21:48:22+00:00,success,1077
workflow_001270,pipeline_000152,project_00055,org_0032,integration-tests,2026-05-09T21:22:42+00:00,failed,2316
workflow_001271,pipeline_001451,project_00131,org_0095,integration-tests,2026-08-01T07:26:11+00:00,success,1448
workflow_001272,pipeline_002231,project_00087,org_0094,build-and-test,2026-08-31T11:27:25+00:00,failed,3338
workflow_001273,pipeline_000391,project_00078,org_0062,test,2026-06-22T01:06:03+00:00,failed,1880
workflow_001274,pipeline_001068,project_00016,org_0027,test,2026-04-14T08:03:08+00:00,failed,2566
workflow_001275,pipeline_001608,project_00130,org_0026,test,2026-04-05T23:58:05+00:00,success,2759
workflow_001276,pipeline_000480,project_00036,org_0011,lint,2026-08-14T13:08:56+00:00,success,2044
workflow_001277,pipeline_001937,project_00185,org_0064,build-and-test,2026-05-16T06:47:24+00:00,success,76
workflow_001278,pipeline_002408,project_00073,org_0055,deploy,2026-04-19T11:31:35+00:00,failed,3311
workflow_001279,pipeline_000052,project_00109,org_0079,test,2026-05-27T05:00:19+00:00,success,1306
workflow_001280,pipeline_000481,project_00116,org_0081,integration-tests,2026-07-26T07:39:47+00:00,success,105
workflow_001281,pipeline_001019,project_00100,org_0028,integration-tests,2026-03-24T15:08:27+00:00,canceled,2945
workflow_001282,pipeline_002237,project_00064,org_0044,deploy,2026-06-07T19:56:35+00:00,success,3324
workflow_001283,pipeline_002211,project_00175,org_0065,build-and-test,2026-08-24T00:55:03+00:00,failed,2440
workflow_001284,pipeline_001568,project_00188,org_0062,lint,2026-06-22T18:03:59+00:00,failed,3172
workflow_001285,pipeline_002996,project_00112,org_0045,build-and-test,2026-03-24T02:43:34+00:00,success,1552
workflow_001286,pipeline_002229,project_00028,org_0055,integration-tests,2026-08-02T00:18:13+00:00,success,1171
workflow_001287,pipeline_002574,project_00174,org_0062,build-and-test,2026-02-09T11:30:28+00:00,success,2217
workflow_001288,pipeline_002214,project_00074,org_0001,build-and-test,2026-08-19T20:31:29+00:00,success,1347
workflow_001289,pipeline_000645,project_00075,org_0017,integration-tests,2026-04-24T06:30:23+00:00,failed,400
workflow_001290,pipeline_001566,project_00011,org_0043,test,2026-07-29T15:34:40+00:00,failed,2935
workflow_001291,pipeline_002459,project_00043,org_0095,deploy,2026-04-18T07:24:27+00:00,failed,2988
workflow_001292,pipeline_000970,project_00049,org_0073,test,2026-08-23T14:00:19+00:00,failed,571
workflow_001293,pipeline_000820,project_00092,org_0078,build-and-test,2026-04-12T06:54:24+00:00,canceled,2507
workflow_001294,pipeline_001919,project_00164,org_0006,test,2026-03-14T07:26:11+00:00,success,114
workflow_001295,pipeline_002061,project_00114,org_0099,integration-tests,2026-03-13T19:39:08+00:00,canceled,3151
workflow_001296,pipeline_001770,project_00163,org_0017,lint,2026-04-29T08:23:43+00:00,success,2978
workflow_001297,pipeline_002479,project_00190,org_0042,integration-tests,2026-01-02T22:20:23+00:00,success,204
workflow_001298,pipeline_002444,project_00019,org_0015,deploy,2026-03-01T16:57:28+00:00,success,2813
workflow_001299,pipeline_002932,project_00198,org_0017,build-and-test,2026-01-28T11:11:18+00:00,success,2549
workflow_001300,pipeline_000380,project_00086,org_0013,integration-tests,2026-07-10T06:30:18+00:00,failed,3398
workflow_001301,pipeline_002838,project_00014,org_0026,test,2026-03-21T04:24:04+00:00,failed,353
workflow_001302,pipeline_000377,project_00182,org_0031,deploy,2026-02-08T16:22:25+00:00,failed,624
workflow_001303,pipeline_001597,project_00042,org_0070,lint,2026-05-26T04:48:49+00:00,success,1403
workflow_001304,pipeline_002201,project_00043,org_0095,test,2026-04-06T22:50:20+00:00,success,2327
workflow_001305,pipeline_000193,project_00189,org_0026,test,2026-07-07T18:34:42+00:00,success,1665
workflow_001306,pipeline_missing_999,project_00108,org_0012,deploy,2026-07-05T17:37:25+00:00,success,486
workflow_001307,pipeline_002434,project_00056,org_0074,lint,2026-06-09T22:20:16+00:00,success,1892
workflow_001308,pipeline_002801,project_00198,org_0017,deploy,2026-07-20T07:29:07+00:00,success,1314
workflow_001309,pipeline_000926,project_00003,org_0015,integration-tests,2026-06-26T02:05:56+00:00,canceled,2807
workflow_001310,pipeline_000029,project_00161,org_0075,lint,2026-02-27T10:19:30+00:00,success,1146
workflow_001311,pipeline_001489,project_00078,org_0062,test,2026-03-30T10:49:54+00:00,success,3005
workflow_001312,pipeline_002860,project_00159,org_0008,build-and-test,2026-03-26T10:42:46+00:00,failed,2810
workflow_001313,pipeline_002781,project_00058,org_0052,deploy,2026-05-10T10:38:44+00:00,canceled,835
workflow_001314,pipeline_000328,project_00025,org_0031,lint,2026-07-23T04:34:56+00:00,failed,1214
workflow_001315,pipeline_001600,project_00007,org_0039,build-and-test,2026-03-31T07:48:15+00:00,failed,2374
workflow_001316,pipeline_001389,project_00118,org_0073,deploy,2026-03-14T15:14:37+00:00,success,1755
workflow_001317,pipeline_001991,project_00028,org_0055,lint,2026-02-16T08:53:42+00:00,running,571
workflow_001318,pipeline_001669,project_00052,org_0018,deploy,2026-03-10T18:48:15+00:00,success,2909
workflow_001319,pipeline_002361,project_00065,org_0044,lint,2026-01-08T01:53:34+00:00,canceled,1518
workflow_001320,pipeline_000951,project_00037,org_0005,build-and-test,2026-02-20T19:05:41+00:00,success,1604
workflow_001321,pipeline_000302,project_00069,org_0084,integration-tests,2026-02-18T13:26:59+00:00,success,561
workflow_001322,pipeline_001532,project_00076,org_0002,lint,2026-08-30T12:40:50+00:00,failed,1866
workflow_001323,pipeline_000025,project_00061,org_0082,deploy,2026-07-04T23:05:10+00:00,canceled,2147
workflow_001324,pipeline_001644,project_00043,org_0095,build-and-test,2026-04-18T20:41:39+00:00,success,3358
workflow_001325,pipeline_000213,project_00028,org_0055,lint,2026-01-07T10:22:29+00:00,success,1652
workflow_001326,pipeline_001622,project_00044,org_0058,deploy,2026-07-23T17:31:29+00:00,success,64
workflow_001327,pipeline_001520,project_00010,org_0067,build-and-test,2026-05-20T07:32:48+00:00,success,2204
workflow_001328,pipeline_002626,project_00058,org_0052,build-and-test,2026-07-15T22:06:21+00:00,success,1786
workflow_001329,pipeline_001090,project_00029,org_0089,build-and-test,2026-02-04T14:50:22+00:00,success,2437
workflow_001330,pipeline_000495,project_00109,org_0079,build-and-test,2026-08-23T19:01:52+00:00,failed,2432
workflow_001331,pipeline_000180,project_00040,org_0015,integration-tests,2026-08-08T15:19:36+00:00,success,705
workflow_001332,pipeline_missing_999,project_00104,org_0040,deploy,2026-08-12T06:31:08+00:00,success,616
workflow_001333,pipeline_001495,project_00192,org_0047,deploy,2026-07-28T05:54:36+00:00,success,1104
workflow_001334,pipeline_001389,project_00118,org_0073,deploy,2026-03-14T15:14:37+00:00,failed,3173
workflow_001335,pipeline_001885,project_00157,org_0058,test,2026-06-14T16:06:47+00:00,success,2881
workflow_001336,pipeline_002448,project_00157,org_0058,test,2026-06-22T20:24:25+00:00,success,489
workflow_001337,pipeline_002354,project_00169,org_0005,deploy,2026-04-24T12:35:18+00:00,canceled,200
workflow_001338,pipeline_000203,project_00107,org_0094,integration-tests,2026-05-09T05:55:04+00:00,failed,1792
workflow_001339,pipeline_000177,project_00026,org_0048,deploy,2026-03-18T16:03:55+00:00,failed,1928
workflow_001340,pipeline_001429,project_00080,org_0048,lint,2026-03-09T07:17:29+00:00,canceled,2739
workflow_001341,pipeline_001318,project_00149,org_0053,test,2026-01-13T16:11:06+00:00,failed,2611
workflow_001342,pipeline_002419,project_00146,org_0035,deploy,2026-05-13T13:06:42+00:00,success,1200
workflow_001343,pipeline_002281,project_00020,org_0068,integration-tests,2026-08-21T07:58:04+00:00,success,1198
workflow_001344,pipeline_001350,project_00101,org_0065,deploy,2026-02-09T23:02:49+00:00,success,539
workflow_001345,pipeline_002284,project_00191,org_0076,build-and-test,2026-08-07T02:23:57+00:00,success,524
workflow_001346,pipeline_002943,project_00091,org_0085,integration-tests,2026-02-01T02:13:42+00:00,success,1454
workflow_001347,pipeline_002578,project_00079,org_0012,test,2026-04-13T18:14:18+00:00,success,1190
workflow_001348,pipeline_001160,project_00077,org_0016,test,2026-07-07T15:02:54+00:00,success,1693
workflow_001349,pipeline_000643,project_00015,org_0050,deploy,2026-02-26T18:05:48+00:00,success,2839
workflow_001350,pipeline_001520,project_00010,org_0067,deploy,2026-05-20T07:32:48+00:00,success,2555
workflow_001351,pipeline_002028,project_00024,org_0011,build-and-test,2026-05-02T16:06:38+00:00,success,1698
workflow_001352,pipeline_001557,project_00185,org_0064,build-and-test,2026-08-17T09:18:39+00:00,success,3354
workflow_001353,pipeline_001673,project_00166,org_0064,build-and-test,2026-04-23T02:46:35+00:00,failed,3472
workflow_001354,pipeline_000572,project_00008,org_0003,test,2026-07-08T09:05:59+00:00,success,154
workflow_001355,pipeline_001834,project_00118,org_0073,build-and-test,2026-03-19T19:13:31+00:00,success,3567
workflow_001356,pipeline_002623,project_00137,org_0014,deploy,2026-05-12T05:20:37+00:00,failed,1693
workflow_001357,pipeline_000066,project_00121,org_0032,deploy,2026-01-21T20:18:19+00:00,success,3305
workflow_001358,pipeline_000258,project_00129,org_0012,test,2026-05-15T20:58:03+00:00,success,141
workflow_001359,pipeline_000291,project_00040,org_0015,test,2026-04-28T21:30:16+00:00,canceled,2818
workflow_001360,pipeline_000018,project_00021,org_0079,build-and-test,2026-07-03T21:59:54+00:00,success,2812
workflow_001361,pipeline_002974,project_00118,org_0073,build-and-test,2026-05-27T09:40:47+00:00,success,3343
workflow_001362,pipeline_000385,project_00107,org_0094,test,2026-04-04T08:19:30+00:00,success,1450
workflow_001363,pipeline_002157,project_00021,org_0079,lint,2026-06-12T17:08:23+00:00,success,1559
workflow_001364,pipeline_000529,project_00042,org_0070,deploy,2026-01-29T17:42:09+00:00,success,337
workflow_001365,pipeline_000857,project_00181,org_0050,deploy,2026-07-19T07:14:07+00:00,success,1289
workflow_001366,pipeline_001812,project_00012,org_0052,integration-tests,2026-06-01T11:39:02+00:00,success,2936
workflow_001367,pipeline_001538,project_00156,org_0034,test,2026-07-03T10:25:36+00:00,failed,1526
workflow_001368,pipeline_000876,project_00112,org_0045,build-and-test,2026-03-12T02:27:23+00:00,failed,1340
workflow_001369,pipeline_002845,project_00051,org_0038,lint,2026-01-30T18:55:52+00:00,success,1337
workflow_001370,pipeline_002961,project_00078,org_0062,lint,2026-01-05T17:45:25+00:00,success,3041
workflow_001371,pipeline_000328,project_00025,org_0031,integration-tests,2026-07-23T04:34:56+00:00,success,2207
workflow_001372,pipeline_001630,project_00085,org_0088,lint,2026-02-06T18:48:13+00:00,canceled,1260
workflow_001373,pipeline_002943,project_00091,org_0085,lint,2026-02-01T02:13:42+00:00,success,1789
workflow_001374,pipeline_001353,project_00110,org_0016,lint,2026-03-19T13:31:57+00:00,failed,2298
workflow_001375,pipeline_000963,project_00150,org_0099,deploy,2026-01-16T23:28:47+00:00,failed,2952
workflow_001376,pipeline_002488,project_00104,org_0040,lint,2026-03-30T23:10:17+00:00,success,2776
workflow_001377,pipeline_002292,project_00012,org_0052,lint,2026-04-28T15:19:42+00:00,success,58
workflow_001378,pipeline_001533,project_00039,org_0096,lint,2026-08-18T14:38:20+00:00,success,790
workflow_001379,pipeline_000995,project_00157,org_0058,lint,2026-03-10T00:17:43+00:00,failed,3312
workflow_001380,pipeline_002995,project_00145,org_0051,build-and-test,2026-02-06T16:27:43+00:00,success,1030
workflow_001381,pipeline_000025,project_00061,org_0082,build-and-test,2026-07-04T23:05:10+00:00,success,701
workflow_001382,pipeline_000105,project_00181,org_0050,integration-tests,2026-07-23T19:39:26+00:00,success,2032
workflow_001383,pipeline_000991,project_00071,org_0048,deploy,2026-03-20T08:00:20+00:00,success,3377
workflow_001384,pipeline_000589,project_00092,org_0078,integration-tests,2026-04-25T20:57:59+00:00,failed,901
workflow_001385,pipeline_002796,project_00083,org_0057,deploy,2026-08-05T01:02:01+00:00,success,3555
workflow_001386,pipeline_001659,project_00171,org_0008,test,2026-01-24T21:04:00+00:00,success,792
workflow_001387,pipeline_002297,project_00021,org_0079,deploy,2026-06-28T11:50:27+00:00,success,3155
workflow_001388,pipeline_000672,project_00189,org_0026,lint,2026-05-02T04:06:54+00:00,canceled,1914
workflow_001389,pipeline_001541,project_00114,org_0099,integration-tests,2026-06-09T04:47:07+00:00,failed,2703
workflow_001390,pipeline_000766,project_00189,org_0026,test,2026-07-10T19:00:46+00:00,success,1969
workflow_001391,pipeline_000970,project_00049,org_0073,integration-tests,2026-08-23T14:00:19+00:00,canceled,683
workflow_001392,pipeline_000917,project_00085,org_0088,integration-tests,2026-05-01T16:55:14+00:00,failed,2699
workflow_001393,pipeline_000577,project_00046,org_0095,build-and-test,2026-05-31T10:10:48+00:00,success,2839
workflow_001394,pipeline_000747,project_00023,org_0023,build-and-test,2026-06-29T14:06:44+00:00,success,1059
workflow_001395,pipeline_002822,project_00138,org_0054,build-and-test,2026-01-12T08:00:59+00:00,success,2556
workflow_001396,pipeline_000774,project_00007,org_0039,deploy,2026-04-21T09:41:35+00:00,failed,747
workflow_001397,pipeline_002115,project_00115,org_0035,test,2026-03-03T18:33:03+00:00,success,900
workflow_001398,pipeline_001217,project_00127,org_0067,lint,2026-03-12T11:49:43+00:00,success,2506
workflow_001399,pipeline_002421,project_00052,org_0018,integration-tests,2026-06-06T02:28:47+00:00,success,2520
workflow_001400,pipeline_000038,project_00006,org_0057,lint,2026-05-12T05:08:24+00:00,success,1345
workflow_001401,pipeline_000345,project_00078,org_0062,test,2026-01-03T13:13:33+00:00,failed,2856
workflow_001402,pipeline_001402,project_00081,org_0100,deploy,2026-01-27T23:21:50+00:00,failed,265
workflow_001403,pipeline_001813,project_00072,org_0081,test,2026-08-24T14:53:56+00:00,success,2855
workflow_001404,pipeline_002496,project_00135,org_0045,integration-tests,2026-04-11T02:05:50+00:00,success,2287
workflow_001405,pipeline_000906,project_00002,org_0014,build-and-test,2026-03-18T03:39:40+00:00,success,2965
workflow_001406,pipeline_001612,project_00144,org_0031,test,2026-03-07T17:34:39+00:00,running,904
workflow_001407,pipeline_002759,project_00153,org_0006,deploy,2026-04-23T06:39:43+00:00,success,3136
workflow_001408,pipeline_001772,project_00164,org_0006,deploy,2026-03-30T12:21:00+00:00,canceled,2048
workflow_001409,pipeline_001841,project_00013,org_0051,lint,2026-06-23T12:35:35+00:00,success,864
workflow_001410,pipeline_000309,project_00171,org_0008,lint,2026-03-22T22:52:05+00:00,failed,2103
workflow_001411,pipeline_002867,project_00060,org_0001,build-and-test,2026-01-15T03:32:40+00:00,canceled,1675
workflow_001412,pipeline_001224,project_00003,org_0015,lint,2026-02-11T07:09:02+00:00,success,3317
workflow_001413,pipeline_001815,project_00029,org_0089,build-and-test,2026-07-03T05:52:32+00:00,success,1510
workflow_001414,pipeline_000215,project_00010,org_0067,deploy,2026-07-26T09:17:10+00:00,success,171
workflow_001415,pipeline_001373,project_00058,org_0052,integration-tests,2026-03-08T02:17:57+00:00,success,2585
workflow_001416,pipeline_002063,project_00180,org_0035,test,2026-01-30T10:19:06+00:00,success,1208
workflow_001417,pipeline_000348,project_00068,org_0055,build-and-test,2026-05-23T13:27:37+00:00,success,3270
workflow_001418,pipeline_002901,project_00004,org_0044,test,2026-04-28T13:36:27+00:00,failed,571
workflow_001419,pipeline_002032,project_00107,org_0094,test,2026-02-15T23:56:42+00:00,success,2684
workflow_001420,pipeline_001780,project_00059,org_0059,lint,2026-03-20T15:42:58+00:00,failed,1532
workflow_001421,pipeline_002074,project_00119,org_0033,deploy,2026-05-06T23:19:36+00:00,success,1751
workflow_001422,pipeline_000565,project_00023,org_0023,test,2026-04-27T23:23:07+00:00,success,39
workflow_001423,pipeline_001761,project_00103,org_0011,deploy,2026-07-18T16:04:55+00:00,success,193
workflow_001424,pipeline_001004,project_00030,org_0063,lint,2026-02-23T00:05:28+00:00,success,2112
workflow_001425,pipeline_002714,project_00005,org_0062,test,2026-02-07T17:40:19+00:00,success,3281
workflow_001426,pipeline_001653,project_00162,org_0009,test,2026-06-26T12:04:02+00:00,canceled,3015
workflow_001427,pipeline_000291,project_00040,org_0015,test,2026-04-28T21:30:16+00:00,success,1124
workflow_001428,pipeline_001291,project_00022,org_0045,integration-tests,2026-03-12T00:16:10+00:00,success,2431
workflow_001429,pipeline_000856,project_00042,org_0070,build-and-test,2026-02-26T01:24:14+00:00,success,921
workflow_001430,pipeline_002405,project_00126,org_0016,integration-tests,2026-04-17T08:54:33+00:00,success,3096
workflow_001431,pipeline_002353,project_00006,org_0057,integration-tests,2026-02-08T15:02:01+00:00,failed,3479
workflow_001432,pipeline_002451,project_00059,org_0059,build-and-test,2026-07-27T04:58:48+00:00,success,2922
workflow_001433,pipeline_002073,project_00151,org_0060,lint,2026-03-08T05:40:07+00:00,success,3061
workflow_001434,pipeline_002541,project_00200,org_0024,test,2026-02-24T20:56:20+00:00,failed,88
workflow_001435,pipeline_001156,project_00011,org_0043,integration-tests,2026-08-24T21:07:54+00:00,failed,2740
workflow_001436,pipeline_000851,project_00200,org_0024,deploy,2026-05-21T07:15:26+00:00,failed,3204
workflow_001437,pipeline_001788,project_00082,org_0009,test,2026-01-29T08:55:03+00:00,success,569
workflow_001438,pipeline_000912,project_00083,org_0057,integration-tests,2026-06-17T23:38:28+00:00,success,1590
workflow_001439,pipeline_000416,project_00161,org_0075,deploy,2026-03-12T04:12:32+00:00,success,2973
workflow_001440,pipeline_002245,project_00154,org_0012,integration-tests,2026-05-27T16:05:10+00:00,failed,2215
workflow_001441,pipeline_002667,project_00161,org_0075,build-and-test,2026-04-14T03:51:14+00:00,success,457
workflow_001442,pipeline_001350,project_00101,org_0065,integration-tests,2026-02-09T23:02:49+00:00,success,1420
workflow_001443,pipeline_000934,project_00088,org_0041,test,2026-04-24T00:54:45+00:00,success,2896
workflow_001444,pipeline_000300,project_00180,org_0035,deploy,2026-08-30T20:29:09+00:00,failed,1819
workflow_001445,pipeline_002864,project_00136,org_0098,deploy,2026-07-19T19:25:02+00:00,success,820
workflow_001446,pipeline_002424,project_00195,org_0082,integration-tests,2026-04-04T15:50:26+00:00,failed,1275
workflow_001447,pipeline_002039,project_00039,org_0096,test,2026-02-13T02:19:56+00:00,success,2639
workflow_001448,pipeline_000662,project_00172,org_0018,test,2026-05-17T12:31:52+00:00,success,1918
workflow_001449,pipeline_002065,project_00106,org_0082,lint,2026-07-16T18:21:42+00:00,success,2132
workflow_001450,pipeline_002053,project_00040,org_0015,integration-tests,2026-08-11T02:34:35+00:00,success,557
workflow_001451,pipeline_000840,project_00160,org_0052,lint,2026-08-29T01:55:29+00:00,success,2266
workflow_001452,pipeline_002659,project_00074,org_0001,lint,2026-03-23T05:25:36+00:00,success,2722
workflow_001453,pipeline_002240,project_00060,org_0001,test,2026-02-08T23:29:04+00:00,success,2168
workflow_001454,pipeline_000203,project_00107,org_0094,lint,2026-05-09T05:55:04+00:00,failed,3025
workflow_001455,pipeline_000819,project_00127,org_0067,test,2026-04-28T22:14:26+00:00,success,1545
workflow_001456,pipeline_001642,project_00144,org_0031,test,2026-06-02T17:19:28+00:00,success,2385
workflow_001457,pipeline_002456,project_00046,org_0095,integration-tests,2026-01-18T02:16:57+00:00,running,1140
workflow_001458,pipeline_001604,project_00101,org_0065,build-and-test,2026-03-17T10:51:31+00:00,failed,1359
workflow_001459,pipeline_002111,project_00039,org_0096,lint,2026-02-09T17:04:08+00:00,failed,2583
workflow_001460,pipeline_001104,project_00179,org_0021,integration-tests,2026-03-17T18:23:27+00:00,failed,1614
workflow_001461,pipeline_000790,project_00134,org_0053,integration-tests,2026-06-16T02:44:57+00:00,success,45
workflow_001462,pipeline_002544,project_00165,org_0074,lint,2026-06-21T15:38:21+00:00,success,1647
workflow_001463,pipeline_000489,project_00036,org_0011,build-and-test,2026-03-15T02:24:04+00:00,failed,273
workflow_001464,pipeline_002351,project_00144,org_0031,deploy,2026-05-08T14:39:23+00:00,success,1603
workflow_001465,pipeline_001642,project_00144,org_0031,deploy,2026-06-02T17:19:28+00:00,success,1744
workflow_001466,pipeline_001322,project_00107,org_0094,test,2026-04-04T19:27:02+00:00,canceled,3030
workflow_001467,pipeline_001842,project_00152,org_0021,integration-tests,2026-02-18T09:48:57+00:00,success,1167
workflow_001468,pipeline_001354,project_00043,org_0095,lint,2026-01-14T02:39:57+00:00,success,2171
workflow_001469,pipeline_001633,project_00187,org_0078,test,2026-04-29T17:47:58+00:00,success,3137
workflow_001470,pipeline_001469,project_00164,org_0006,lint,2026-08-11T20:00:50+00:00,success,735
workflow_001471,pipeline_001044,project_00156,org_0034,lint,2026-07-06T17:47:38+00:00,success,53
workflow_001472,pipeline_000029,project_00161,org_0075,build-and-test,2026-02-27T10:19:30+00:00,success,1858
workflow_001473,pipeline_001383,project_00125,org_0035,integration-tests,2026-02-10T14:20:03+00:00,failed,1729
workflow_001474,pipeline_002175,project_00083,org_0057,deploy,2026-05-01T07:40:18+00:00,success,265
workflow_001475,pipeline_001464,project_00060,org_0001,build-and-test,2026-02-07T11:49:19+00:00,success,1475
workflow_001476,pipeline_001046,project_00126,org_0016,test,2026-06-07T02:43:41+00:00,success,747
workflow_001477,pipeline_001052,project_00179,org_0021,test,2026-02-27T10:22:53+00:00,success,3183
workflow_001478,pipeline_002099,project_00135,org_0045,integration-tests,2026-07-15T18:49:30+00:00,success,1242
workflow_001479,pipeline_000021,project_00113,org_0017,deploy,2026-06-30T14:39:15+00:00,failed,3442
workflow_001480,pipeline_000827,project_00093,org_0038,deploy,2026-03-02T23:38:57+00:00,success,2218
workflow_001481,pipeline_001745,project_00046,org_0095,build-and-test,2026-06-05T08:46:36+00:00,success,985
workflow_001482,pipeline_001304,project_00038,org_0037,lint,2026-05-06T17:24:22+00:00,failed,3020
workflow_001483,pipeline_000261,project_00157,org_0058,lint,2026-04-11T20:35:11+00:00,success,1034
workflow_001484,pipeline_001673,project_00166,org_0064,deploy,2026-04-23T02:46:35+00:00,success,2578
workflow_001485,pipeline_001222,project_00026,org_0048,test,2026-05-27T18:03:05+00:00,success,899
workflow_001486,pipeline_002100,project_00180,org_0035,lint,2026-01-05T05:43:33+00:00,success,215
workflow_001487,pipeline_002842,project_00178,org_0061,test,2026-04-01T07:37:23+00:00,failed,2244
workflow_001488,pipeline_002505,project_00151,org_0060,integration-tests,2026-02-11T10:56:34+00:00,success,2523
workflow_001489,pipeline_001139,project_00003,org_0015,build-and-test,2026-02-08T00:55:51+00:00,success,2766
workflow_001490,pipeline_002370,project_00025,org_0031,build-and-test,2026-08-19T22:31:32+00:00,success,1804
workflow_001491,pipeline_002614,project_00095,org_0082,build-and-test,2026-01-21T03:28:56+00:00,failed,1978
workflow_001492,pipeline_002443,project_00045,org_0057,lint,2026-06-13T06:00:28+00:00,failed,3393
workflow_001493,pipeline_002359,project_00131,org_0095,lint,2026-02-17T10:01:52+00:00,success,1147
workflow_001494,pipeline_001379,project_00170,org_0064,deploy,2026-07-10T08:05:55+00:00,success,478
workflow_001495,pipeline_000860,project_00011,org_0043,test,2026-07-23T00:38:22+00:00,success,1137
workflow_001496,pipeline_002158,project_00134,org_0053,build-and-test,2026-02-10T07:37:43+00:00,success,203
workflow_001497,pipeline_001901,project_00015,org_0050,deploy,2026-02-10T20:26:33+00:00,success,3184
workflow_001498,pipeline_001547,project_00117,org_0066,lint,2026-01-07T00:35:04+00:00,success,2116
workflow_001499,pipeline_000059,project_00076,org_0002,integration-tests,2026-04-11T18:01:41+00:00,success,2652
workflow_001500,pipeline_002618,project_00047,org_0081,deploy,2026-07-23T08:09:53+00:00,success,2802
workflow_001501,pipeline_000078,project_00075,org_0017,test,2026-06-27T01:32:28+00:00,success,2602
workflow_001502,pipeline_002247,project_00098,org_0088,build-and-test,2026-08-22T04:27:56+00:00,success,1800
workflow_001503,pipeline_000005,project_00066,org_0081,deploy,2026-02-11T22:57:19+00:00,failed,1057
workflow_001504,pipeline_missing_999,project_00093,org_0038,deploy,2026-08-12T13:44:45+00:00,success,3342
workflow_001505,pipeline_000182,project_00071,org_0048,deploy,2026-05-20T14:39:08+00:00,canceled,1479
workflow_001506,pipeline_002173,project_00122,org_0050,integration-tests,2026-04-08T22:16:04+00:00,running,603
workflow_001507,pipeline_001361,project_00144,org_0031,integration-tests,2026-04-18T23:35:58+00:00,success,3476
workflow_001508,pipeline_000072,project_00148,org_0022,lint,2026-03-03T12:43:20+00:00,success,1308
workflow_001509,pipeline_000630,project_00114,org_0099,build-and-test,2026-04-23T02:15:50+00:00,success,2338
workflow_001510,pipeline_001803,project_00107,org_0094,lint,2026-04-15T14:49:59+00:00,success,2211
workflow_001511,pipeline_001790,project_00125,org_0035,lint,2026-04-27T11:50:19+00:00,success,1526
workflow_001512,pipeline_000466,project_00117,org_0066,test,2026-05-01T13:03:36+00:00,success,1772
workflow_001513,pipeline_001095,project_00138,org_0054,integration-tests,2026-06-28T21:07:44+00:00,failed,855
workflow_001514,pipeline_000016,project_00014,org_0026,integration-tests,2026-05-21T03:10:09+00:00,success,2995
workflow_001515,pipeline_000529,project_00042,org_0070,integration-tests,2026-01-29T17:42:09+00:00,success,2657
workflow_001516,pipeline_002130,project_00065,org_0044,lint,2026-03-26T04:46:44+00:00,failed,3331
workflow_001517,pipeline_001133,project_00178,org_0061,build-and-test,2026-02-25T15:07:49+00:00,success,681
workflow_001518,pipeline_001003,project_00088,org_0041,deploy,2026-06-05T02:08:08+00:00,success,1788
workflow_001519,pipeline_000128,project_00083,org_0057,test,2026-07-15T18:38:48+00:00,failed,1573
workflow_001520,pipeline_002935,project_00066,org_0081,integration-tests,2026-07-23T12:12:03+00:00,failed,708
workflow_001521,pipeline_001882,project_00136,org_0098,lint,2026-07-23T21:46:34+00:00,failed,1228
workflow_001522,pipeline_002115,project_00115,org_0035,deploy,2026-03-03T18:33:03+00:00,success,1846
workflow_001523,pipeline_000789,project_00123,org_0071,build-and-test,2026-04-27T15:52:05+00:00,success,774
workflow_001524,pipeline_002419,project_00146,org_0035,deploy,2026-05-13T13:06:42+00:00,success,2660
workflow_001525,pipeline_002791,project_00039,org_0096,build-and-test,2026-07-24T17:56:48+00:00,success,3355
workflow_001526,pipeline_002170,project_00128,org_0060,build-and-test,2026-05-05T03:11:05+00:00,success,2080
workflow_001527,pipeline_000613,project_00043,org_0095,test,2026-08-29T06:03:05+00:00,failed,1592
workflow_001528,pipeline_001482,project_00150,org_0099,test,2026-07-02T21:50:22+00:00,success,1727
workflow_001529,pipeline_002552,project_00144,org_0031,integration-tests,2026-07-07T03:54:16+00:00,success,125
workflow_001530,pipeline_001722,project_00185,org_0064,deploy,2026-01-31T18:58:25+00:00,success,1914
workflow_001531,pipeline_002970,project_00019,org_0015,deploy,2026-08-01T07:56:33+00:00,success,1970
workflow_001532,pipeline_000488,project_00104,org_0040,lint,2026-05-29T04:26:38+00:00,success,2402
workflow_001533,pipeline_000111,project_00165,org_0074,deploy,2026-05-28T01:09:29+00:00,failed,963
workflow_001534,pipeline_001932,project_00192,org_0047,integration-tests,2026-04-12T13:17:04+00:00,success,2931
workflow_001535,pipeline_001755,project_00062,org_0051,test,2026-03-10T16:37:17+00:00,failed,3304
workflow_001536,pipeline_002927,project_00059,org_0059,integration-tests,2026-02-24T16:48:36+00:00,success,1865
workflow_001537,pipeline_000228,project_00115,org_0035,integration-tests,2026-03-04T20:02:23+00:00,success,1938
workflow_001538,pipeline_001830,project_00019,org_0015,integration-tests,2026-03-12T13:19:21+00:00,success,1092
workflow_001539,pipeline_000290,project_00059,org_0059,lint,2026-02-04T18:42:14+00:00,success,1315
workflow_001540,pipeline_001286,project_00022,org_0045,deploy,2026-06-10T11:14:57+00:00,success,347
workflow_001541,pipeline_002231,project_00087,org_0094,integration-tests,2026-08-31T11:27:25+00:00,success,192
workflow_001542,pipeline_001854,project_00045,org_0057,deploy,2026-07-21T09:41:57+00:00,success,301
workflow_001543,pipeline_001445,project_00030,org_0063,integration-tests,2026-01-27T01:48:33+00:00,success,2053
workflow_001544,pipeline_002468,project_00112,org_0045,build-and-test,2026-07-01T11:40:14+00:00,success,1269
workflow_001545,pipeline_001514,project_00197,org_0023,integration-tests,2026-07-21T12:37:06+00:00,running,3151
workflow_001546,pipeline_002918,project_00062,org_0051,lint,2026-02-04T23:41:40+00:00,success,3416
workflow_001547,pipeline_002253,project_00136,org_0098,deploy,2026-03-18T00:10:12+00:00,success,2284
workflow_001548,pipeline_002097,project_00125,org_0035,lint,2026-05-03T00:15:38+00:00,success,2180
workflow_001549,pipeline_000094,project_00020,org_0068,deploy,2026-02-09T08:05:44+00:00,canceled,2836
workflow_001550,pipeline_001962,project_00133,org_0098,lint,2026-03-07T00:08:38+00:00,success,1004
workflow_001551,pipeline_002432,project_00154,org_0012,lint,2026-07-28T12:11:15+00:00,failed,768
workflow_001552,pipeline_000470,project_00123,org_0071,integration-tests,2026-06-29T03:05:02+00:00,success,3510
workflow_001553,pipeline_001367,project_00104,org_0040,build-and-test,2026-01-15T08:56:28+00:00,success,3336
workflow_001554,pipeline_002240,project_00060,org_0001,build-and-test,2026-02-08T23:29:04+00:00,success,2352
workflow_001555,pipeline_002651,project_00061,org_0082,integration-tests,2026-02-20T22:12:02+00:00,success,1615
workflow_001556,pipeline_002686,project_00063,org_0064,build-and-test,2026-02-20T17:55:01+00:00,success,578
workflow_001557,pipeline_000109,project_00121,org_0032,lint,2026-07-12T13:30:59+00:00,success,1675
workflow_001558,pipeline_001590,project_00125,org_0035,integration-tests,2026-03-27T00:44:42+00:00,success,515
workflow_001559,pipeline_000193,project_00189,org_0026,lint,2026-07-07T18:34:42+00:00,success,928
workflow_001560,pipeline_001971,project_00007,org_0039,deploy,2026-07-10T18:40:59+00:00,success,619
workflow_001561,pipeline_001588,project_00144,org_0031,integration-tests,2026-05-06T12:22:04+00:00,success,976
workflow_001562,pipeline_000918,project_00123,org_0071,test,2026-06-17T18:03:21+00:00,canceled,2124
workflow_001563,pipeline_002715,project_00071,org_0048,lint,2026-03-16T01:58:43+00:00,success,2518
workflow_001564,pipeline_001861,project_00138,org_0054,build-and-test,2026-06-21T00:58:23+00:00,success,1325
workflow_001565,pipeline_000182,project_00071,org_0048,lint,2026-05-20T14:39:08+00:00,success,1915
workflow_001566,pipeline_002094,project_00018,org_0047,integration-tests,2026-06-24T13:30:11+00:00,success,2154
workflow_001567,pipeline_002989,project_00178,org_0061,deploy,2026-02-24T22:33:07+00:00,running,812
workflow_001568,pipeline_001386,project_00159,org_0008,test,2026-07-19T09:49:54+00:00,failed,84
workflow_001569,pipeline_001995,project_00190,org_0042,lint,2026-02-25T10:36:27+00:00,success,445
workflow_001570,pipeline_000700,project_00118,org_0073,deploy,2026-06-14T01:44:02+00:00,success,1378
workflow_001571,pipeline_001394,project_00046,org_0095,build-and-test,2026-08-19T16:56:22+00:00,failed,3174
workflow_001572,pipeline_001304,project_00038,org_0037,lint,2026-05-06T17:24:22+00:00,success,164
workflow_001573,pipeline_001465,project_00195,org_0082,deploy,2026-03-31T22:03:30+00:00,success,2179
workflow_001574,pipeline_001960,project_00130,org_0026,integration-tests,2026-02-27T19:22:48+00:00,success,3057
workflow_001575,pipeline_000912,project_00083,org_0057,integration-tests,2026-06-17T23:38:28+00:00,success,3397
workflow_001576,pipeline_001148,project_00091,org_0085,test,2026-07-02T00:16:55+00:00,success,1535
workflow_001577,pipeline_002086,project_00136,org_0098,integration-tests,2026-04-20T11:28:17+00:00,success,342
workflow_001578,pipeline_001276,project_00034,org_0084,build-and-test,2026-05-12T15:54:07+00:00,success,2009
workflow_001579,pipeline_000211,project_00169,org_0005,build-and-test,2026-07-18T09:02:48+00:00,failed,959
workflow_001580,pipeline_002655,project_00134,org_0053,test,2026-07-23T19:24:53+00:00,failed,842
workflow_001581,pipeline_001641,project_00171,org_0008,integration-tests,2026-07-03T04:27:39+00:00,running,496
workflow_001582,pipeline_001329,project_00196,org_0023,lint,2026-04-12T01:31:13+00:00,failed,3210
workflow_001583,pipeline_002187,project_00182,org_0031,integration-tests,2026-07-23T22:59:16+00:00,success,183
workflow_001584,pipeline_002388,project_00167,org_0023,lint,2026-08-09T23:36:22+00:00,failed,1874
workflow_001585,pipeline_002531,project_00171,org_0008,lint,2026-05-24T21:53:45+00:00,success,612
workflow_001586,pipeline_000951,project_00037,org_0005,test,2026-02-20T19:05:41+00:00,failed,2600
workflow_001587,pipeline_001094,project_00170,org_0064,test,2026-08-22T15:28:58+00:00,success,1225
workflow_001588,pipeline_001079,project_00090,org_0077,lint,2026-06-16T04:28:07+00:00,running,2383
workflow_001589,pipeline_001202,project_00193,org_0076,build-and-test,2026-07-17T18:49:06+00:00,canceled,979
workflow_001590,pipeline_001734,project_00170,org_0064,lint,2026-08-10T21:01:32+00:00,canceled,3365
workflow_001591,pipeline_000089,project_00185,org_0064,build-and-test,2026-08-28T21:21:44+00:00,success,581
workflow_001592,pipeline_002512,project_00060,org_0001,test,2026-06-04T04:19:41+00:00,success,3136
workflow_001593,pipeline_002043,project_00082,org_0009,integration-tests,2026-03-06T19:27:08+00:00,success,3587
workflow_001594,pipeline_000488,project_00104,org_0040,test,2026-05-29T04:26:38+00:00,success,2070
workflow_001595,pipeline_001500,project_00114,org_0099,lint,2026-04-28T13:32:41+00:00,failed,686
workflow_001596,pipeline_002464,project_00166,org_0064,deploy,2026-04-23T13:42:27+00:00,success,986
workflow_001597,pipeline_000428,project_00032,org_0046,integration-tests,2026-04-17T13:45:58+00:00,success,2321
workflow_001598,pipeline_000854,project_00151,org_0060,build-and-test,2026-08-06T01:57:48+00:00,success,3429
workflow_001599,pipeline_000364,project_00049,org_0073,test,2026-05-05T13:29:53+00:00,success,2918
workflow_001600,pipeline_002712,project_00185,org_0064,test,2026-05-28T18:28:34+00:00,success,3395
workflow_001601,pipeline_000929,project_00153,org_0006,deploy,2026-01-27T05:33:36+00:00,success,400
workflow_001602,pipeline_001540,project_00063,org_0064,test,2026-05-21T13:45:28+00:00,success,1451
workflow_001603,pipeline_002568,project_00186,org_0005,test,2026-08-31T21:03:15+00:00,success,2418
workflow_001604,pipeline_001773,project_00038,org_0037,lint,2026-08-15T21:27:46+00:00,success,1941
workflow_001605,pipeline_000850,project_00189,org_0026,test,2026-04-07T04:06:35+00:00,success,1604
workflow_001606,pipeline_001929,project_00076,org_0002,test,2026-04-05T15:15:50+00:00,success,3008
workflow_001607,pipeline_000502,project_00188,org_0062,test,2026-05-09T17:56:03+00:00,failed,2374
workflow_001608,pipeline_001462,project_00067,org_0021,integration-tests,2026-02-20T06:18:00+00:00,success,367
workflow_001609,pipeline_002569,project_00145,org_0051,lint,2026-08-22T17:09:56+00:00,success,2527
workflow_001610,pipeline_000471,project_00148,org_0022,lint,2026-02-19T11:23:53+00:00,success,42
workflow_001611,pipeline_001380,project_00024,org_0011,build-and-test,2026-04-13T10:54:22+00:00,canceled,708
workflow_001612,pipeline_000316,project_00087,org_0094,integration-tests,2026-08-31T18:39:20+00:00,success,1686
workflow_001613,pipeline_002313,project_00139,org_0092,integration-tests,2026-06-16T10:18:24+00:00,success,3446
workflow_001614,pipeline_001175,project_00004,org_0044,build-and-test,2026-04-02T20:23:08+00:00,success,3156
workflow_001615,pipeline_001229,project_00001,org_0020,test,2026-03-29T02:44:46+00:00,success,1613
workflow_001616,pipeline_002864,project_00136,org_0098,build-and-test,2026-07-19T19:25:02+00:00,failed,1075
workflow_001617,pipeline_002304,project_00119,org_0033,deploy,2026-03-01T12:28:13+00:00,failed,3351
workflow_001618,pipeline_001843,project_00186,org_0005,test,2026-07-20T14:05:36+00:00,success,556
workflow_001619,pipeline_002423,project_00063,org_0064,deploy,2026-05-07T02:33:49+00:00,success,1212
workflow_001620,pipeline_002722,project_00073,org_0055,deploy,2026-07-26T05:43:07+00:00,running,3186
workflow_001621,pipeline_000118,project_00184,org_0073,deploy,2026-05-22T02:09:02+00:00,success,3522
workflow_001622,pipeline_002599,project_00152,org_0021,test,2026-07-27T11:39:34+00:00,canceled,3098
workflow_001623,pipeline_000122,project_00031,org_0041,integration-tests,2026-06-02T14:03:38+00:00,failed,2426
workflow_001624,pipeline_001575,project_00063,org_0064,deploy,2026-02-23T03:45:51+00:00,success,802
workflow_001625,pipeline_001703,project_00120,org_0030,lint,2026-02-02T02:15:54+00:00,success,534
workflow_001626,pipeline_002457,project_00057,org_0049,lint,2026-02-04T17:06:38+00:00,running,1725
workflow_001627,pipeline_001784,project_00177,org_0029,build-and-test,2026-06-27T02:50:37+00:00,success,1313
workflow_001628,pipeline_001615,project_00106,org_0082,deploy,2026-05-01T22:58:14+00:00,success,3353
workflow_001629,pipeline_000132,project_00052,org_0018,deploy,2026-03-23T10:39:50+00:00,failed,3463
workflow_001630,pipeline_000525,project_00164,org_0006,deploy,2026-02-17T07:09:58+00:00,failed,931
workflow_001631,pipeline_001101,project_00125,org_0035,integration-tests,2026-06-02T03:54:50+00:00,success,192
workflow_001632,pipeline_000297,project_00196,org_0023,deploy,2026-08-27T03:35:21+00:00,failed,1764
workflow_001633,pipeline_002269,project_00174,org_0062,deploy,2026-06-03T09:49:28+00:00,failed,2029
workflow_001634,pipeline_001467,project_00010,org_0067,integration-tests,2026-01-29T07:18:23+00:00,failed,414
workflow_001635,pipeline_001943,project_00181,org_0050,lint,2026-02-21T18:58:31+00:00,success,1371
workflow_001636,pipeline_000614,project_00045,org_0057,test,2026-03-01T14:34:55+00:00,success,1683
workflow_001637,pipeline_000493,project_00179,org_0021,test,2026-08-23T17:41:28+00:00,success,2556
workflow_001638,pipeline_000673,project_00142,org_0065,deploy,2026-06-08T04:08:43+00:00,success,3545
workflow_001639,pipeline_001436,project_00194,org_0042,build-and-test,2026-02-24T14:21:09+00:00,success,3517
workflow_001640,pipeline_001620,project_00033,org_0025,test,2026-01-06T06:59:23+00:00,success,1288
workflow_001641,pipeline_000574,project_00200,org_0024,lint,2026-02-12T18:30:45+00:00,failed,480
workflow_001642,pipeline_002252,project_00041,org_0047,lint,2026-03-07T10:55:19+00:00,success,3108
workflow_001643,pipeline_000526,project_00097,org_0073,lint,2026-08-08T20:08:37+00:00,success,2354
workflow_001644,pipeline_002395,project_00066,org_0081,test,2026-08-24T01:23:38+00:00,failed,2663
workflow_001645,pipeline_001563,project_00113,org_0017,integration-tests,2026-03-28T20:24:50+00:00,success,1488
workflow_001646,pipeline_002387,project_00152,org_0021,deploy,2026-08-06T22:40:27+00:00,success,2020
workflow_001647,pipeline_002808,project_00080,org_0048,lint,2026-07-16T19:00:08+00:00,success,1106
workflow_001648,pipeline_000380,project_00086,org_0013,test,2026-07-10T06:30:18+00:00,success,137
workflow_001649,pipeline_000887,project_00105,org_0020,integration-tests,2026-06-23T04:51:21+00:00,success,762
workflow_001650,pipeline_001371,project_00165,org_0074,test,2026-02-17T03:39:02+00:00,success,2987
workflow_001651,pipeline_000854,project_00151,org_0060,test,2026-08-06T01:57:48+00:00,failed,2828
workflow_001652,pipeline_001048,project_00010,org_0067,integration-tests,2026-02-18T08:12:52+00:00,success,606
workflow_001653,pipeline_000740,project_00196,org_0023,integration-tests,2026-01-21T05:35:46+00:00,canceled,966
workflow_001654,pipeline_002346,project_00059,org_0059,build-and-test,2026-01-16T17:53:55+00:00,success,3122
workflow_001655,pipeline_000988,project_00108,org_0012,deploy,2026-07-05T17:37:25+00:00,success,1509
workflow_001656,pipeline_001131,project_00187,org_0078,lint,2026-08-30T16:22:30+00:00,failed,2879
workflow_001657,pipeline_000343,project_00191,org_0076,test,2026-04-09T16:16:56+00:00,failed,1227
workflow_001658,pipeline_002377,project_00007,org_0039,deploy,2026-04-21T17:50:21+00:00,success,410
workflow_001659,pipeline_000469,project_00117,org_0066,test,2026-07-09T07:53:31+00:00,failed,2439
workflow_001660,pipeline_001876,project_00017,org_0074,integration-tests,2026-05-22T21:58:55+00:00,success,2445
workflow_001661,pipeline_001298,project_00022,org_0045,deploy,2026-02-25T01:05:34+00:00,success,2848
workflow_001662,pipeline_000034,project_00138,org_0054,test,2026-05-14T13:05:34+00:00,success,1349
workflow_001663,pipeline_001170,project_00049,org_0073,deploy,2026-04-21T15:27:29+00:00,success,2694
workflow_001664,pipeline_001784,project_00177,org_0029,lint,2026-06-27T02:50:37+00:00,success,825
workflow_001665,pipeline_000213,project_00028,org_0055,integration-tests,2026-01-07T10:22:29+00:00,failed,2086
workflow_001666,pipeline_000212,project_00153,org_0006,build-and-test,2026-08-18T08:45:13+00:00,success,2883
workflow_001667,pipeline_002196,project_00171,org_0008,lint,2026-04-14T06:15:04+00:00,canceled,381
workflow_001668,pipeline_001279,project_00004,org_0044,deploy,2026-02-25T09:20:17+00:00,success,1359
workflow_001669,pipeline_000378,project_00023,org_0023,build-and-test,2026-03-14T09:32:09+00:00,success,1804
workflow_001670,pipeline_001972,project_00100,org_0028,integration-tests,2026-04-29T19:10:19+00:00,success,2615
workflow_001671,pipeline_000426,project_00024,org_0011,build-and-test,2026-04-27T05:37:36+00:00,success,2276
workflow_001672,pipeline_000318,project_00113,org_0017,integration-tests,2026-03-16T22:34:01+00:00,success,215
workflow_001673,pipeline_002520,project_00053,org_0084,lint,2026-05-21T07:45:57+00:00,success,1341
workflow_001674,pipeline_001734,project_00170,org_0064,test,2026-08-10T21:01:32+00:00,success,3146
workflow_001675,pipeline_001861,project_00138,org_0054,build-and-test,2026-06-21T00:58:23+00:00,success,2274
workflow_001676,pipeline_002670,project_00141,org_0059,build-and-test,2026-03-12T13:07:26+00:00,success,1782
workflow_001677,pipeline_002369,project_00107,org_0094,deploy,2026-01-03T21:19:31+00:00,success,3342
workflow_001678,pipeline_002956,project_00009,org_0087,build-and-test,2026-06-20T03:01:51+00:00,success,1108
workflow_001679,pipeline_000735,project_00078,org_0062,deploy,2026-02-05T01:11:38+00:00,success,166
workflow_001680,pipeline_000217,project_00134,org_0053,deploy,2026-06-13T09:03:33+00:00,success,787
workflow_001681,pipeline_002058,project_00111,org_0090,lint,2026-04-01T12:25:24+00:00,failed,2680
workflow_001682,pipeline_002832,project_00096,org_0047,test,2026-07-15T11:39:35+00:00,canceled,107
workflow_001683,pipeline_002766,project_00038,org_0037,test,2026-02-13T11:30:43+00:00,canceled,595
workflow_001684,pipeline_000689,project_00046,org_0095,test,2026-08-05T04:30:29+00:00,failed,422
workflow_001685,pipeline_001185,project_00078,org_0062,deploy,2026-02-12T17:47:11+00:00,success,1704
workflow_001686,pipeline_001968,project_00145,org_0051,build-and-test,2026-08-12T08:11:50+00:00,success,338
workflow_001687,pipeline_001049,project_00196,org_0023,test,2026-06-19T10:35:29+00:00,failed,2349
workflow_001688,pipeline_000581,project_00164,org_0006,build-and-test,2026-08-26T11:51:17+00:00,success,3552
workflow_001689,pipeline_001646,project_00046,org_0095,lint,2026-01-10T19:46:17+00:00,failed,872
workflow_001690,pipeline_002128,project_00052,org_0018,deploy,2026-08-10T10:42:51+00:00,success,3523
workflow_001691,pipeline_000560,project_00200,org_0024,test,2026-03-03T06:22:14+00:00,success,1338
workflow_001692,pipeline_000951,project_00037,org_0005,integration-tests,2026-02-20T19:05:41+00:00,success,2753
workflow_001693,pipeline_000722,project_00006,org_0057,build-and-test,2026-01-22T11:41:15+00:00,success,602
workflow_001694,pipeline_002683,project_00045,org_0057,build-and-test,2026-06-20T22:25:04+00:00,success,2746
workflow_001695,pipeline_002515,project_00071,org_0048,build-and-test,2026-05-11T04:12:32+00:00,failed,496
workflow_001696,pipeline_000851,project_00200,org_0024,test,2026-05-21T07:15:26+00:00,success,886
workflow_001697,pipeline_000916,project_00177,org_0029,integration-tests,2026-06-14T14:17:27+00:00,success,963
workflow_001698,pipeline_002629,project_00067,org_0021,deploy,2026-03-29T01:45:28+00:00,success,2147
workflow_001699,pipeline_001552,project_00156,org_0034,build-and-test,2026-08-28T11:24:15+00:00,failed,678
workflow_001700,pipeline_000997,project_00101,org_0065,integration-tests,2026-01-17T22:58:56+00:00,success,3439
workflow_001701,pipeline_001687,project_00034,org_0084,test,2026-05-10T09:09:22+00:00,success,917
workflow_001702,pipeline_001247,project_00118,org_0073,deploy,2026-02-25T23:29:03+00:00,success,1252
workflow_001703,pipeline_001221,project_00186,org_0005,integration-tests,2026-07-24T13:55:55+00:00,success,3278
workflow_001704,pipeline_000021,project_00113,org_0017,deploy,2026-06-30T14:39:15+00:00,success,2127
workflow_001705,pipeline_001762,project_00027,org_0054,lint,2026-02-26T16:40:01+00:00,success,742
workflow_001706,pipeline_000224,project_00138,org_0054,integration-tests,2026-06-14T11:52:47+00:00,canceled,1043
workflow_001707,pipeline_001792,project_00001,org_0020,lint,2026-04-08T18:27:33+00:00,success,1969
workflow_001708,pipeline_002561,project_00162,org_0009,deploy,2026-08-24T13:18:13+00:00,success,2376
workflow_001709,pipeline_002254,project_00195,org_0082,test,2026-03-30T18:31:18+00:00,success,1962
workflow_001710,pipeline_000951,project_00037,org_0005,test,2026-02-20T19:05:41+00:00,success,3201
workflow_001711,pipeline_000378,project_00023,org_0023,test,2026-03-14T09:32:09+00:00,failed,1601
workflow_001712,pipeline_001656,project_00114,org_0099,test,2026-01-25T04:54:55+00:00,failed,2334
workflow_001713,pipeline_000272,project_00006,org_0057,test,2026-06-09T21:53:23+00:00,success,1627
workflow_001714,pipeline_000646,project_00050,org_0077,test,2026-03-13T03:59:25+00:00,failed,2649
workflow_001715,pipeline_002093,project_00083,org_0057,build-and-test,2026-02-01T13:50:32+00:00,success,1736
workflow_001716,pipeline_001706,project_00198,org_0017,test,2026-01-22T04:04:55+00:00,success,1966
workflow_001717,pipeline_001514,project_00197,org_0023,deploy,2026-07-21T12:37:06+00:00,success,3507
workflow_001718,pipeline_002383,project_00104,org_0040,test,2026-01-16T19:42:01+00:00,success,1838
workflow_001719,pipeline_001110,project_00014,org_0026,lint,2026-02-15T13:45:06+00:00,success,1331
workflow_001720,pipeline_002732,project_00042,org_0070,deploy,2026-06-14T14:09:05+00:00,success,2328
workflow_001721,pipeline_002378,project_00135,org_0045,lint,2026-08-23T03:29:42+00:00,success,2626
workflow_001722,pipeline_002362,project_00042,org_0070,integration-tests,2026-02-26T15:04:30+00:00,failed,3093
workflow_001723,pipeline_001024,project_00045,org_0057,deploy,2026-05-04T11:40:01+00:00,success,2926
workflow_001724,pipeline_001591,project_00115,org_0035,lint,2026-06-09T03:43:13+00:00,canceled,647
workflow_001725,pipeline_001220,project_00037,org_0005,build-and-test,2026-01-28T23:32:32+00:00,success,365
workflow_001726,pipeline_000642,project_00188,org_0062,lint,2026-08-12T09:50:46+00:00,failed,2888
workflow_001727,pipeline_001714,project_00092,org_0078,deploy,2026-06-11T23:16:59+00:00,failed,2270
workflow_001728,pipeline_000920,project_00086,org_0013,test,2026-07-21T19:43:20+00:00,success,2730
workflow_001729,pipeline_001174,project_00029,org_0089,lint,2026-02-11T21:30:38+00:00,success,2078
workflow_001730,pipeline_001758,project_00099,org_0003,deploy,2026-01-28T07:51:18+00:00,success,137
workflow_001731,pipeline_001692,project_00121,org_0032,build-and-test,2026-08-02T12:46:42+00:00,success,2235
workflow_001732,pipeline_000603,project_00116,org_0081,test,2026-08-30T03:41:07+00:00,success,2447
workflow_001733,pipeline_002617,project_00139,org_0092,deploy,2026-03-10T07:34:26+00:00,success,3110
workflow_001734,pipeline_002238,project_00045,org_0057,build-and-test,2026-03-27T13:43:57+00:00,success,1481
workflow_001735,pipeline_000920,project_00086,org_0013,integration-tests,2026-07-21T19:43:20+00:00,success,1642
workflow_001736,pipeline_002111,project_00039,org_0096,deploy,2026-02-09T17:04:08+00:00,failed,392
workflow_001737,pipeline_000120,project_00134,org_0053,deploy,2026-05-26T04:54:38+00:00,success,3333
workflow_001738,pipeline_000853,project_00055,org_0032,lint,2026-06-23T06:33:02+00:00,success,271
workflow_001739,pipeline_001932,project_00192,org_0047,deploy,2026-04-12T13:17:04+00:00,failed,3197
workflow_001740,pipeline_000017,project_00123,org_0071,build-and-test,2026-03-19T13:06:14+00:00,success,2543
workflow_001741,pipeline_001736,project_00116,org_0081,lint,2026-07-01T12:17:54+00:00,canceled,2944
workflow_001742,pipeline_000079,project_00176,org_0024,integration-tests,2026-02-21T23:00:28+00:00,failed,1613
workflow_001743,pipeline_002998,project_00043,org_0095,test,2026-02-06T13:58:25+00:00,success,512
workflow_001744,pipeline_000540,project_00146,org_0035,build-and-test,2026-07-27T21:23:44+00:00,running,1661
workflow_001745,pipeline_000805,project_00125,org_0035,integration-tests,2026-07-03T02:35:52+00:00,failed,3237
workflow_001746,pipeline_001811,project_00063,org_0064,lint,2026-03-04T07:12:13+00:00,success,2661
workflow_001747,pipeline_001139,project_00003,org_0015,deploy,2026-02-08T00:55:51+00:00,failed,3435
workflow_001748,pipeline_002593,project_00094,org_0050,deploy,2026-01-01T20:59:06+00:00,success,2907
workflow_001749,pipeline_001215,project_00084,org_0081,test,2026-04-15T09:20:13+00:00,failed,870
workflow_001750,pipeline_000784,project_00132,org_0076,integration-tests,2026-03-19T14:56:06+00:00,success,598
workflow_001751,pipeline_002397,project_00165,org_0074,integration-tests,2026-08-14T07:53:39+00:00,success,1261
workflow_001752,pipeline_000047,project_00151,org_0060,deploy,2026-08-03T02:48:09+00:00,success,2375
workflow_001753,pipeline_001075,project_00116,org_0081,integration-tests,2026-08-29T03:27:19+00:00,failed,357
workflow_001754,pipeline_002736,project_00014,org_0026,build-and-test,2026-06-29T09:39:01+00:00,success,1724
workflow_001755,pipeline_002878,project_00076,org_0002,lint,2026-03-15T12:52:39+00:00,failed,2353
workflow_001756,pipeline_001885,project_00157,org_0058,build-and-test,2026-06-14T16:06:47+00:00,success,1879
workflow_001757,pipeline_002754,project_00119,org_0033,build-and-test,2026-08-18T06:09:16+00:00,success,2285
workflow_001758,pipeline_000919,project_00064,org_0044,deploy,2026-02-11T21:08:51+00:00,success,2487
workflow_001759,pipeline_000455,project_00197,org_0023,build-and-test,2026-05-02T08:31:55+00:00,success,1625
workflow_001760,pipeline_000441,project_00138,org_0054,deploy,2026-05-11T03:26:54+00:00,success,3197
workflow_001761,pipeline_002340,project_00157,org_0058,build-and-test,2026-03-18T09:00:48+00:00,success,3208
workflow_001762,pipeline_002943,project_00091,org_0085,deploy,2026-02-01T02:13:42+00:00,success,1144
workflow_001763,pipeline_002996,project_00112,org_0045,integration-tests,2026-03-24T02:43:34+00:00,success,3119
workflow_001764,pipeline_000334,project_00069,org_0084,deploy,2026-07-25T10:49:53+00:00,success,1144
workflow_001765,pipeline_001114,project_00162,org_0009,deploy,2026-06-22T20:48:11+00:00,success,2757
workflow_001766,pipeline_001718,project_00177,org_0029,lint,2026-08-28T17:06:15+00:00,success,870
workflow_001767,pipeline_002809,project_00088,org_0041,test,2026-08-17T11:50:23+00:00,success,441
workflow_001768,pipeline_001153,project_00128,org_0060,build-and-test,2026-07-20T00:15:17+00:00,failed,2264
workflow_001769,pipeline_002832,project_00096,org_0047,test,2026-07-15T11:39:35+00:00,success,284
workflow_001770,pipeline_000292,project_00074,org_0001,lint,2026-07-02T05:14:30+00:00,success,916
workflow_001771,pipeline_000155,project_00063,org_0064,build-and-test,2026-01-16T11:40:58+00:00,running,2259
workflow_001772,pipeline_000374,project_00052,org_0018,build-and-test,2026-08-28T23:50:57+00:00,success,1188
workflow_001773,pipeline_002369,project_00107,org_0094,integration-tests,2026-01-03T21:19:31+00:00,success,370
workflow_001774,pipeline_000103,project_00008,org_0003,build-and-test,2026-02-20T17:47:45+00:00,failed,2717
workflow_001775,pipeline_000662,project_00172,org_0018,build-and-test,2026-05-17T12:31:52+00:00,success,2331
workflow_001776,pipeline_001709,project_00173,org_0032,lint,2026-02-01T01:44:20+00:00,canceled,1685
workflow_001777,pipeline_002230,project_00053,org_0084,build-and-test,2026-01-16T12:14:36+00:00,failed,326
workflow_001778,pipeline_002543,project_00040,org_0015,integration-tests,2026-06-04T13:34:15+00:00,success,1225
workflow_001779,pipeline_000592,project_00095,org_0082,build-and-test,2026-06-30T07:33:01+00:00,canceled,3182
workflow_001780,pipeline_000822,project_00031,org_0041,test,2026-08-07T06:02:48+00:00,success,3072
workflow_001781,pipeline_001349,project_00132,org_0076,test,2026-06-05T07:43:51+00:00,success,668
workflow_001782,pipeline_000246,project_00124,org_0032,deploy,2026-02-15T03:41:56+00:00,success,335
workflow_001783,pipeline_001743,project_00138,org_0054,build-and-test,2026-07-26T19:20:16+00:00,failed,2346
workflow_001784,pipeline_002750,project_00147,org_0018,build-and-test,2026-01-02T04:12:45+00:00,success,2453
workflow_001785,pipeline_000409,project_00083,org_0057,deploy,2026-06-25T02:33:38+00:00,canceled,1595
workflow_001786,pipeline_000241,project_00104,org_0040,build-and-test,2026-08-12T06:31:08+00:00,success,1998
workflow_001787,pipeline_000406,project_00043,org_0095,build-and-test,2026-06-14T01:37:58+00:00,failed,505
workflow_001788,pipeline_000833,project_00106,org_0082,deploy,2026-06-08T23:02:21+00:00,failed,430
workflow_001789,pipeline_002388,project_00167,org_0023,test,2026-08-09T23:36:22+00:00,canceled,3376
workflow_001790,pipeline_000067,project_00121,org_0032,deploy,2026-03-17T13:16:46+00:00,success,1930
workflow_001791,pipeline_002741,project_00031,org_0041,build-and-test,2026-08-06T23:18:08+00:00,success,2163
workflow_001792,pipeline_002276,project_00195,org_0082,build-and-test,2026-02-24T07:27:03+00:00,success,518
workflow_001793,pipeline_000543,project_00099,org_0003,integration-tests,2026-03-16T04:16:42+00:00,success,2618
workflow_001794,pipeline_001226,project_00079,org_0012,test,2026-05-09T20:11:34+00:00,success,2014
workflow_001795,pipeline_002856,project_00018,org_0047,build-and-test,2026-06-03T22:08:50+00:00,failed,2518
workflow_001796,pipeline_000873,project_00169,org_0005,lint,2026-07-26T13:17:21+00:00,success,2119
workflow_001797,pipeline_001510,project_00009,org_0087,lint,2026-07-30T07:36:14+00:00,success,3553
workflow_001798,pipeline_001756,project_00085,org_0088,deploy,2026-03-03T20:28:19+00:00,success,1008
workflow_001799,pipeline_002270,project_00120,org_0030,build-and-test,2026-07-21T19:32:46+00:00,success,2639
workflow_001800,pipeline_002046,project_00189,org_0026,test,2026-08-11T18:49:47+00:00,success,485
workflow_001801,pipeline_002694,project_00187,org_0078,lint,2026-08-10T13:35:44+00:00,success,2395
workflow_001802,pipeline_001173,project_00193,org_0076,deploy,2026-06-05T07:06:52+00:00,success,651
workflow_001803,pipeline_000488,project_00104,org_0040,test,2026-05-29T04:26:38+00:00,success,226
workflow_001804,pipeline_000312,project_00029,org_0089,deploy,2026-04-02T15:21:39+00:00,success,1404
workflow_001805,pipeline_000893,project_00018,org_0047,test,2026-04-27T18:09:09+00:00,success,2474
workflow_001806,pipeline_002718,project_00037,org_0005,lint,2026-07-07T03:11:25+00:00,canceled,789
workflow_001807,pipeline_001592,project_00053,org_0084,build-and-test,2026-08-31T20:05:33+00:00,success,1067
workflow_001808,pipeline_001411,project_00029,org_0089,test,2026-04-15T19:59:57+00:00,success,1353
workflow_001809,pipeline_000719,project_00119,org_0033,lint,2026-07-08T12:05:29+00:00,failed,337
workflow_001810,pipeline_000009,project_00006,org_0057,deploy,2026-05-04T18:39:24+00:00,success,1189
workflow_001811,pipeline_001993,project_00123,org_0071,build-and-test,2026-02-12T11:09:32+00:00,canceled,1940
workflow_001812,pipeline_002392,project_00055,org_0032,integration-tests,2026-08-27T03:58:42+00:00,success,2543
workflow_001813,pipeline_001131,project_00187,org_0078,integration-tests,2026-08-30T16:22:30+00:00,success,1500
workflow_001814,pipeline_001745,project_00046,org_0095,lint,2026-06-05T08:46:36+00:00,success,2105
workflow_001815,pipeline_002336,project_00052,org_0018,integration-tests,2026-03-12T02:30:08+00:00,success,269
workflow_001816,pipeline_000126,project_00150,org_0099,test,2026-07-07T13:15:07+00:00,success,2605
workflow_001817,pipeline_002871,project_00128,org_0060,test,2026-01-12T16:23:56+00:00,success,1454
workflow_001818,pipeline_002718,project_00037,org_0005,lint,2026-07-07T03:11:25+00:00,success,1521
workflow_001819,pipeline_002068,project_00188,org_0062,test,2026-01-24T11:00:21+00:00,failed,3518
workflow_001820,pipeline_000755,project_00150,org_0099,lint,2026-06-27T22:23:56+00:00,success,383
workflow_001821,pipeline_001867,project_00182,org_0031,deploy,2026-06-29T11:32:32+00:00,success,575
workflow_001822,pipeline_002677,project_00180,org_0035,test,2026-04-05T23:06:09+00:00,success,136
workflow_001823,pipeline_001061,project_00107,org_0094,lint,2026-04-22T23:31:33+00:00,failed,1981
workflow_001824,pipeline_000093,project_00029,org_0089,build-and-test,2026-08-11T23:29:29+00:00,success,3548
workflow_001825,pipeline_002679,project_00186,org_0005,test,2026-06-29T19:43:42+00:00,success,941
workflow_001826,pipeline_000021,project_00113,org_0017,lint,2026-06-30T14:39:15+00:00,success,1754
workflow_001827,pipeline_000738,project_00026,org_0048,test,2026-03-04T06:30:29+00:00,success,2898
workflow_001828,pipeline_002097,project_00125,org_0035,lint,2026-05-03T00:15:38+00:00,failed,450
workflow_001829,pipeline_000022,project_00016,org_0027,build-and-test,2026-02-28T16:38:23+00:00,canceled,3358
workflow_001830,pipeline_001687,project_00034,org_0084,lint,2026-05-10T09:09:22+00:00,success,271
workflow_001831,pipeline_002754,project_00119,org_0033,test,2026-08-18T06:09:16+00:00,running,3324
workflow_001832,pipeline_000411,project_00024,org_0011,lint,2026-02-14T08:05:39+00:00,success,606
workflow_001833,pipeline_000032,project_00029,org_0089,lint,2026-06-10T22:52:59+00:00,success,817
workflow_001834,pipeline_002055,project_00040,org_0015,build-and-test,2026-08-15T07:40:10+00:00,success,3594
workflow_001835,pipeline_002702,project_00029,org_0089,deploy,2026-05-29T13:55:23+00:00,success,615
workflow_001836,pipeline_002262,project_00186,org_0005,deploy,2026-03-11T11:41:32+00:00,success,2307
workflow_001837,pipeline_000635,project_00048,org_0018,test,2026-05-29T06:20:59+00:00,success,1167
workflow_001838,pipeline_001930,project_00107,org_0094,test,2026-08-05T01:18:00+00:00,failed,2184
workflow_001839,pipeline_000789,project_00123,org_0071,test,2026-04-27T15:52:05+00:00,running,2450
workflow_001840,pipeline_002440,project_00159,org_0008,test,2026-02-22T05:46:15+00:00,success,1147
workflow_001841,pipeline_000378,project_00023,org_0023,build-and-test,2026-03-14T09:32:09+00:00,failed,2300
workflow_001842,pipeline_001098,project_00181,org_0050,lint,2026-08-11T21:48:22+00:00,success,504
workflow_001843,pipeline_000935,project_00169,org_0005,test,2026-02-26T03:46:23+00:00,failed,446
workflow_001844,pipeline_002886,project_00111,org_0090,build-and-test,2026-06-01T10:26:55+00:00,canceled,1451
workflow_001845,pipeline_002733,project_00025,org_0031,build-and-test,2026-05-23T05:38:25+00:00,failed,3201
workflow_001846,pipeline_001288,project_00040,org_0015,deploy,2026-02-10T21:26:54+00:00,success,3223
workflow_001847,pipeline_001815,project_00029,org_0089,deploy,2026-07-03T05:52:32+00:00,success,2664
workflow_001848,pipeline_002174,project_00117,org_0066,integration-tests,2026-05-28T12:28:08+00:00,success,3411
workflow_001849,pipeline_000032,project_00029,org_0089,lint,2026-06-10T22:52:59+00:00,success,2649
workflow_001850,pipeline_002869,project_00143,org_0010,test,2026-03-29T22:03:11+00:00,canceled,2309
workflow_001851,pipeline_000168,project_00023,org_0023,integration-tests,2026-04-20T07:55:57+00:00,failed,2177
workflow_001852,pipeline_000985,project_00099,org_0003,build-and-test,2026-04-21T05:22:19+00:00,success,2243
workflow_001853,pipeline_000071,project_00163,org_0017,build-and-test,2026-01-23T12:43:33+00:00,success,1259
workflow_001854,pipeline_000420,project_00063,org_0064,integration-tests,2026-08-01T13:35:36+00:00,success,3580
workflow_001855,pipeline_002918,project_00062,org_0051,test,2026-02-04T23:41:40+00:00,success,346
workflow_001856,pipeline_002512,project_00060,org_0001,test,2026-06-04T04:19:41+00:00,failed,547
workflow_001857,pipeline_002092,project_00081,org_0100,build-and-test,2026-07-18T10:29:48+00:00,canceled,1105
workflow_001858,pipeline_001180,project_00047,org_0081,lint,2026-03-15T06:31:20+00:00,success,3306
workflow_001859,pipeline_001861,project_00138,org_0054,test,2026-06-21T00:58:23+00:00,failed,2605
workflow_001860,pipeline_000528,project_00197,org_0023,integration-tests,2026-06-15T19:46:25+00:00,success,378
workflow_001861,pipeline_002628,project_00144,org_0031,integration-tests,2026-05-06T23:24:24+00:00,success,2529
workflow_001862,pipeline_000915,project_00050,org_0077,build-and-test,2026-05-10T23:41:03+00:00,success,3126
workflow_001863,pipeline_001411,project_00029,org_0089,lint,2026-04-15T19:59:57+00:00,running,2320
workflow_001864,pipeline_002632,project_00149,org_0053,build-and-test,2026-04-02T15:50:50+00:00,success,961
workflow_001865,pipeline_001904,project_00150,org_0099,integration-tests,2026-07-12T05:30:41+00:00,success,502
workflow_001866,pipeline_002735,project_00051,org_0038,deploy,2026-07-17T10:17:14+00:00,success,3404
workflow_001867,pipeline_002707,project_00199,org_0090,integration-tests,2026-07-22T08:00:14+00:00,failed,2973
workflow_001868,pipeline_001822,project_00155,org_0066,test,2026-01-09T23:39:52+00:00,canceled,1011
workflow_001869,pipeline_002952,project_00022,org_0045,lint,2026-02-22T12:27:52+00:00,success,86
workflow_001870,pipeline_001307,project_00033,org_0025,test,2026-06-24T12:02:47+00:00,success,1440
workflow_001871,pipeline_002020,project_00139,org_0092,test,2026-06-25T15:55:34+00:00,success,1283
workflow_001872,pipeline_002859,project_00054,org_0032,build-and-test,2026-07-27T19:18:32+00:00,success,1169
workflow_001873,pipeline_000765,project_00195,org_0082,integration-tests,2026-04-13T10:24:07+00:00,failed,32
workflow_001874,pipeline_001717,project_00163,org_0017,integration-tests,2026-07-11T15:17:24+00:00,canceled,2350
workflow_001875,pipeline_002612,project_00082,org_0009,build-and-test,2026-07-20T10:33:28+00:00,failed,1501
workflow_001876,pipeline_000628,project_00099,org_0003,integration-tests,2026-05-25T19:02:17+00:00,success,2255
workflow_001877,pipeline_001758,project_00099,org_0003,build-and-test,2026-01-28T07:51:18+00:00,success,3011
workflow_001878,pipeline_000199,project_00065,org_0044,lint,2026-05-27T03:38:18+00:00,success,1912
workflow_001879,pipeline_000986,project_00117,org_0066,deploy,2026-01-23T07:30:08+00:00,success,1149
workflow_001880,pipeline_001521,project_00105,org_0020,lint,2026-01-23T18:03:00+00:00,failed,369
workflow_001881,pipeline_001635,project_00040,org_0015,test,2026-02-09T23:48:30+00:00,success,1727
workflow_001882,pipeline_000382,project_00071,org_0048,deploy,2026-01-25T01:58:20+00:00,success,2324
workflow_001883,pipeline_000284,project_00168,org_0036,test,2026-06-01T09:37:48+00:00,success,2290
workflow_001884,pipeline_000240,project_00090,org_0077,deploy,2026-05-15T22:42:09+00:00,success,2631
workflow_001885,pipeline_000084,project_00170,org_0064,integration-tests,2026-02-11T23:41:25+00:00,success,1991
workflow_001886,pipeline_002961,project_00078,org_0062,lint,2026-01-05T17:45:25+00:00,success,688
workflow_001887,pipeline_002623,project_00137,org_0014,integration-tests,2026-05-12T05:20:37+00:00,failed,1241
workflow_001888,pipeline_001104,project_00179,org_0021,test,2026-03-17T18:23:27+00:00,success,3459
workflow_001889,pipeline_002044,project_00115,org_0035,deploy,2026-06-18T03:23:00+00:00,success,3354
workflow_001890,pipeline_000038,project_00006,org_0057,integration-tests,2026-05-12T05:08:24+00:00,success,784
workflow_001891,pipeline_000985,project_00099,org_0003,deploy,2026-04-21T05:22:19+00:00,canceled,743
workflow_001892,pipeline_000871,project_00050,org_0077,test,2026-08-29T06:44:23+00:00,success,3170
workflow_001893,pipeline_000131,project_00180,org_0035,test,2026-08-01T17:55:18+00:00,success,2935
workflow_001894,pipeline_000517,project_00175,org_0065,test,2026-01-16T22:18:42+00:00,success,1385
workflow_001895,pipeline_001401,project_00129,org_0012,deploy,2026-08-30T14:33:47+00:00,canceled,1661
workflow_001896,pipeline_002460,project_00199,org_0090,build-and-test,2026-01-10T09:37:39+00:00,success,1414
workflow_001897,pipeline_001292,project_00052,org_0018,lint,2026-06-05T22:26:31+00:00,success,2425
workflow_001898,pipeline_000118,project_00184,org_0073,lint,2026-05-22T02:09:02+00:00,success,2073
workflow_001899,pipeline_002307,project_00015,org_0050,lint,2026-06-19T04:18:16+00:00,success,1166
workflow_001900,pipeline_000674,project_00018,org_0047,test,2026-07-04T17:37:44+00:00,success,1009
workflow_001901,pipeline_000873,project_00169,org_0005,deploy,2026-07-26T13:17:21+00:00,success,2571
workflow_001902,pipeline_001385,project_00028,org_0055,integration-tests,2026-02-20T12:15:06+00:00,success,772
workflow_001903,pipeline_000911,project_00175,org_0065,build-and-test,2026-08-06T12:39:33+00:00,success,2232
workflow_001904,pipeline_000571,project_00012,org_0052,integration-tests,2026-02-10T13:16:30+00:00,success,218
workflow_001905,pipeline_001145,project_00176,org_0024,build-and-test,2026-07-19T10:46:35+00:00,canceled,602
workflow_001906,pipeline_002479,project_00190,org_0042,lint,2026-01-02T22:20:23+00:00,success,2856
workflow_001907,pipeline_002529,project_00189,org_0026,integration-tests,2026-07-25T06:58:59+00:00,success,676
workflow_001908,pipeline_000407,project_00037,org_0005,lint,2026-06-30T00:52:08+00:00,success,672
workflow_001909,pipeline_002459,project_00043,org_0095,deploy,2026-04-18T07:24:27+00:00,failed,138
workflow_001910,pipeline_001238,project_00029,org_0089,build-and-test,2026-08-13T09:53:09+00:00,success,2248
workflow_001911,pipeline_000725,project_00134,org_0053,build-and-test,2026-08-14T09:54:14+00:00,success,1016
workflow_001912,pipeline_002419,project_00146,org_0035,deploy,2026-05-13T13:06:42+00:00,failed,1596
workflow_001913,pipeline_002475,project_00155,org_0066,deploy,2026-08-27T12:50:27+00:00,success,3446
workflow_001914,pipeline_000021,project_00113,org_0017,lint,2026-06-30T14:39:15+00:00,success,546
workflow_001915,pipeline_001454,project_00008,org_0003,build-and-test,2026-04-21T01:41:11+00:00,running,526
workflow_001916,pipeline_000945,project_00008,org_0003,integration-tests,2026-03-19T07:57:34+00:00,success,214
workflow_001917,pipeline_001238,project_00029,org_0089,integration-tests,2026-08-13T09:53:09+00:00,failed,3394
workflow_001918,pipeline_001468,project_00045,org_0057,build-and-test,2026-05-05T17:25:15+00:00,success,214
workflow_001919,pipeline_001713,project_00087,org_0094,build-and-test,2026-04-26T00:15:58+00:00,success,229
workflow_001920,pipeline_000436,project_00164,org_0006,integration-tests,2026-03-24T11:07:58+00:00,success,1027
workflow_001921,pipeline_000867,project_00039,org_0096,test,2026-05-07T07:14:07+00:00,success,2034
workflow_001922,pipeline_002475,project_00155,org_0066,lint,2026-08-27T12:50:27+00:00,success,283
workflow_001923,pipeline_000009,project_00006,org_0057,build-and-test,2026-05-04T18:39:24+00:00,success,782
workflow_001924,pipeline_002903,project_00131,org_0095,integration-tests,2026-05-03T01:59:49+00:00,success,1792
workflow_001925,pipeline_000408,project_00047,org_0081,lint,2026-08-16T08:46:05+00:00,success,3477
workflow_001926,pipeline_001395,project_00111,org_0090,lint,2026-02-12T09:40:25+00:00,failed,2803
workflow_001927,pipeline_001151,project_00024,org_0011,lint,2026-03-06T02:57:57+00:00,success,3060
workflow_001928,pipeline_001510,project_00009,org_0087,test,2026-07-30T07:36:14+00:00,canceled,1296
workflow_001929,pipeline_000011,project_00087,org_0094,lint,2026-08-19T16:45:57+00:00,success,2576
workflow_001930,pipeline_000585,project_00147,org_0018,deploy,2026-01-02T23:19:35+00:00,success,3281
workflow_001931,pipeline_001410,project_00078,org_0062,deploy,2026-05-10T14:40:18+00:00,success,989
workflow_001932,pipeline_000340,project_00137,org_0014,lint,2026-08-21T23:37:11+00:00,success,1949
workflow_001933,pipeline_001907,project_00152,org_0021,integration-tests,2026-02-08T06:48:06+00:00,failed,1196
workflow_001934,pipeline_001358,project_00003,org_0015,lint,2026-05-04T17:27:57+00:00,success,3036
workflow_001935,pipeline_001180,project_00047,org_0081,deploy,2026-03-15T06:31:20+00:00,success,3234
workflow_001936,pipeline_000485,project_00076,org_0002,integration-tests,2026-01-25T05:42:30+00:00,success,3130
workflow_001937,pipeline_001445,project_00030,org_0063,deploy,2026-01-27T01:48:33+00:00,success,2894
workflow_001938,pipeline_000428,project_00032,org_0046,build-and-test,2026-04-17T13:45:58+00:00,success,2073
workflow_001939,pipeline_001753,project_00121,org_0032,lint,2026-03-19T14:08:02+00:00,failed,1422
workflow_001940,pipeline_000240,project_00090,org_0077,test,2026-05-15T22:42:09+00:00,success,1958
workflow_001941,pipeline_002655,project_00134,org_0053,lint,2026-07-23T19:24:53+00:00,success,138
workflow_001942,pipeline_002358,project_00030,org_0063,deploy,2026-06-25T06:20:33+00:00,success,3394
workflow_001943,pipeline_002869,project_00143,org_0010,test,2026-03-29T22:03:11+00:00,success,255
workflow_001944,pipeline_001667,project_00080,org_0048,build-and-test,2026-01-21T17:07:15+00:00,failed,2589
workflow_001945,pipeline_000246,project_00124,org_0032,deploy,2026-02-15T03:41:56+00:00,success,313
workflow_001946,pipeline_002766,project_00038,org_0037,build-and-test,2026-02-13T11:30:43+00:00,success,2594
workflow_001947,pipeline_002241,project_00039,org_0096,lint,2026-05-30T07:34:17+00:00,success,2607
workflow_001948,pipeline_001958,project_00047,org_0081,lint,2026-07-27T20:33:21+00:00,success,1037
workflow_001949,pipeline_000555,project_00087,org_0094,deploy,2026-06-06T02:59:30+00:00,success,2021
workflow_001950,pipeline_000505,project_00014,org_0026,integration-tests,2026-04-24T07:20:13+00:00,success,666
workflow_001951,pipeline_000294,project_00002,org_0014,deploy,2026-08-01T21:42:28+00:00,success,2634
workflow_001952,pipeline_002117,project_00165,org_0074,test,2026-03-29T13:59:51+00:00,success,1535
workflow_001953,pipeline_001697,project_00197,org_0023,deploy,2026-04-02T07:49:39+00:00,canceled,373
workflow_001954,pipeline_000341,project_00084,org_0081,test,2026-05-25T08:40:37+00:00,failed,2513
workflow_001955,pipeline_001277,project_00183,org_0076,deploy,2026-05-31T13:00:47+00:00,success,148
workflow_001956,pipeline_001003,project_00088,org_0041,lint,2026-06-05T02:08:08+00:00,failed,3195
workflow_001957,pipeline_001007,project_00156,org_0034,integration-tests,2026-02-09T00:52:07+00:00,failed,2342
workflow_001958,pipeline_002855,project_00079,org_0012,deploy,2026-01-05T14:07:35+00:00,failed,2909
workflow_001959,pipeline_002857,project_00018,org_0047,build-and-test,2026-06-15T01:08:38+00:00,success,1093
workflow_001960,pipeline_001792,project_00001,org_0020,test,2026-04-08T18:27:33+00:00,success,2595
workflow_001961,pipeline_002058,project_00111,org_0090,lint,2026-04-01T12:25:24+00:00,success,884
workflow_001962,pipeline_000520,project_00198,org_0017,lint,2026-03-17T16:50:20+00:00,failed,2222
workflow_001963,pipeline_002923,project_00059,org_0059,test,2026-06-21T02:35:10+00:00,success,2729
workflow_001964,pipeline_002269,project_00174,org_0062,deploy,2026-06-03T09:49:28+00:00,failed,2065
workflow_001965,pipeline_001691,project_00199,org_0090,test,2026-05-26T08:20:08+00:00,success,1426
workflow_001966,pipeline_000862,project_00151,org_0060,integration-tests,2026-06-13T19:03:35+00:00,success,416
workflow_001967,pipeline_000403,project_00133,org_0098,test,2026-07-28T21:18:13+00:00,success,154
workflow_001968,pipeline_001589,project_00114,org_0099,test,2026-06-15T03:08:40+00:00,success,1782
workflow_001969,pipeline_001610,project_00102,org_0099,test,2026-04-01T03:28:25+00:00,success,1853
workflow_001970,pipeline_000903,project_00195,org_0082,test,2026-04-20T04:21:47+00:00,success,621
workflow_001971,pipeline_001999,project_00098,org_0088,deploy,2026-03-01T10:58:20+00:00,running,1324
workflow_001972,pipeline_001415,project_00071,org_0048,deploy,2026-07-31T14:59:20+00:00,canceled,1049
workflow_001973,pipeline_002003,project_00176,org_0024,test,2026-01-26T07:04:05+00:00,success,1316
workflow_001974,pipeline_001581,project_00169,org_0005,integration-tests,2026-03-11T22:19:16+00:00,success,1712
workflow_001975,pipeline_001066,project_00076,org_0002,integration-tests,2026-02-03T06:50:51+00:00,success,1232
workflow_001976,pipeline_002412,project_00005,org_0062,lint,2026-04-02T00:57:42+00:00,success,1171
workflow_001977,pipeline_002367,project_00165,org_0074,test,2026-05-24T06:07:30+00:00,failed,3431
workflow_001978,pipeline_000493,project_00179,org_0021,build-and-test,2026-08-23T17:41:28+00:00,success,2591
workflow_001979,pipeline_000566,project_00050,org_0077,test,2026-02-15T15:15:08+00:00,success,1722
workflow_001980,pipeline_002370,project_00025,org_0031,deploy,2026-08-19T22:31:32+00:00,running,1745
workflow_001981,pipeline_001340,project_00081,org_0100,lint,2026-06-25T02:29:32+00:00,success,1397
workflow_001982,pipeline_000450,project_00007,org_0039,deploy,2026-07-07T10:44:49+00:00,failed,252
workflow_001983,pipeline_001728,project_00119,org_0033,deploy,2026-08-21T15:49:30+00:00,failed,1741
workflow_001984,pipeline_002913,project_00188,org_0062,lint,2026-01-20T07:59:34+00:00,success,977
workflow_001985,pipeline_001309,project_00097,org_0073,build-and-test,2026-03-25T22:32:43+00:00,success,2423
workflow_001986,pipeline_000883,project_00193,org_0076,test,2026-07-15T21:32:48+00:00,failed,1133
workflow_001987,pipeline_000568,project_00014,org_0026,build-and-test,2026-03-17T05:35:30+00:00,success,481
workflow_001988,pipeline_001234,project_00047,org_0081,lint,2026-06-15T03:33:59+00:00,failed,2720
workflow_001989,pipeline_001521,project_00105,org_0020,build-and-test,2026-01-23T18:03:00+00:00,success,3255
workflow_001990,pipeline_000803,project_00161,org_0075,test,2026-07-29T03:57:11+00:00,failed,1920
workflow_001991,pipeline_002254,project_00195,org_0082,build-and-test,2026-03-30T18:31:18+00:00,success,1442
workflow_001992,pipeline_002019,project_00096,org_0047,integration-tests,2026-04-30T04:30:21+00:00,success,590
workflow_001993,pipeline_001531,project_00093,org_0038,build-and-test,2026-05-11T02:17:37+00:00,failed,1223
workflow_001994,pipeline_002860,project_00159,org_0008,build-and-test,2026-03-26T10:42:46+00:00,success,863
workflow_001995,pipeline_000943,project_00003,org_0015,integration-tests,2026-01-29T15:13:27+00:00,success,413
workflow_001996,pipeline_001199,project_00129,org_0012,lint,2026-01-09T11:53:19+00:00,success,3474
workflow_001997,pipeline_000590,project_00123,org_0071,deploy,2026-04-29T09:16:59+00:00,success,2672
workflow_001998,pipeline_002995,project_00145,org_0051,deploy,2026-02-06T16:27:43+00:00,failed,2354
workflow_001999,pipeline_002862,project_00138,org_0054,test,2026-06-27T06:49:34+00:00,success,2969
workflow_002000,pipeline_001617,project_00177,org_0029,lint,2026-03-23T06:06:38+00:00,success,3019
workflow_002001,pipeline_001824,project_00096,org_0047,build-and-test,2026-01-07T07:00:24+00:00,success,1697
workflow_002002,pipeline_002582,project_00121,org_0032,deploy,2026-07-27T10:56:07+00:00,success,3506
workflow_002003,pipeline_002131,project_00047,org_0081,lint,2026-05-10T16:28:19+00:00,success,492
workflow_002004,pipeline_000276,project_00164,org_0006,deploy,2026-05-12T00:41:13+00:00,failed,3411
workflow_002005,pipeline_000621,project_00145,org_0051,build-and-test,2026-06-21T16:43:20+00:00,failed,3474
workflow_002006,pipeline_000201,project_00043,org_0095,integration-tests,2026-03-31T07:40:09+00:00,success,1129
workflow_002007,pipeline_000519,project_00168,org_0036,lint,2026-08-15T20:55:21+00:00,failed,3197
workflow_002008,pipeline_002225,project_00150,org_0099,deploy,2026-04-18T14:40:53+00:00,success,3113
workflow_002009,pipeline_000871,project_00050,org_0077,lint,2026-08-29T06:44:23+00:00,failed,2797
workflow_002010,pipeline_002361,project_00065,org_0044,lint,2026-01-08T01:53:34+00:00,success,3265
workflow_002011,pipeline_002087,project_00145,org_0051,deploy,2026-07-03T21:33:16+00:00,canceled,2861
workflow_002012,pipeline_002213,project_00133,org_0098,integration-tests,2026-08-28T08:57:13+00:00,success,2994
workflow_002013,pipeline_002614,project_00095,org_0082,build-and-test,2026-01-21T03:28:56+00:00,failed,1591
workflow_002014,pipeline_000036,project_00159,org_0008,test,2026-08-25T09:04:41+00:00,success,1067
workflow_002015,pipeline_002485,project_00095,org_0082,test,2026-07-25T04:18:32+00:00,failed,2485
workflow_002016,pipeline_000546,project_00126,org_0016,build-and-test,2026-05-31T23:34:33+00:00,success,1547
workflow_002017,pipeline_missing_999,project_00177,org_0029,test,2026-08-28T17:06:15+00:00,success,3445
workflow_002018,pipeline_000213,project_00028,org_0055,build-and-test,2026-01-07T10:22:29+00:00,failed,626
workflow_002019,pipeline_001072,project_00097,org_0073,integration-tests,2026-08-26T05:09:11+00:00,success,3581
workflow_002020,pipeline_000384,project_00023,org_0023,integration-tests,2026-05-29T10:25:42+00:00,canceled,1562
workflow_002021,pipeline_000205,project_00063,org_0064,build-and-test,2026-01-17T18:08:03+00:00,success,1389
workflow_002022,pipeline_001196,project_00185,org_0064,lint,2026-03-01T16:19:48+00:00,success,1443
workflow_002023,pipeline_002174,project_00117,org_0066,build-and-test,2026-05-28T12:28:08+00:00,success,229
workflow_002024,pipeline_000888,project_00037,org_0005,integration-tests,2026-05-25T23:27:24+00:00,failed,2393
workflow_002025,pipeline_002618,project_00047,org_0081,build-and-test,2026-07-23T08:09:53+00:00,success,2643
workflow_002026,pipeline_000280,project_00043,org_0095,build-and-test,2026-03-13T09:56:36+00:00,success,1143
workflow_002027,pipeline_000992,project_00103,org_0011,build-and-test,2026-08-23T21:35:51+00:00,success,1606
workflow_002028,pipeline_002085,project_00176,org_0024,test,2026-08-29T04:39:11+00:00,success,904
workflow_002029,pipeline_001353,project_00110,org_0016,deploy,2026-03-19T13:31:57+00:00,success,2710
workflow_002030,pipeline_000423,project_00085,org_0088,test,2026-02-04T01:26:53+00:00,success,919
workflow_002031,pipeline_001956,project_00002,org_0014,test,2026-05-07T22:33:10+00:00,success,1472
workflow_002032,pipeline_002072,project_00128,org_0060,build-and-test,2026-04-27T14:30:23+00:00,success,2587
workflow_002033,pipeline_002619,project_00036,org_0011,build-and-test,2026-05-18T02:23:03+00:00,success,1681
workflow_002034,pipeline_002115,project_00115,org_0035,test,2026-03-03T18:33:03+00:00,success,1862
workflow_002035,pipeline_000451,project_00188,org_0062,lint,2026-07-23T08:33:58+00:00,failed,1876
workflow_002036,pipeline_002249,project_00147,org_0018,test,2026-05-15T01:20:58+00:00,success,2521
workflow_002037,pipeline_000153,project_00136,org_0098,deploy,2026-07-04T09:59:23+00:00,failed,3267
workflow_002038,pipeline_002692,project_00100,org_0028,build-and-test,2026-02-01T20:23:14+00:00,success,2513
workflow_002039,pipeline_002160,project_00030,org_0063,integration-tests,2026-05-07T09:45:41+00:00,success,866
workflow_002040,pipeline_001982,project_00100,org_0028,build-and-test,2026-03-30T16:34:46+00:00,success,467
workflow_002041,pipeline_001499,project_00020,org_0068,integration-tests,2026-04-08T04:01:20+00:00,canceled,1767
workflow_002042,pipeline_002120,project_00018,org_0047,lint,2026-01-16T14:02:20+00:00,success,2359
workflow_002043,pipeline_002340,project_00157,org_0058,lint,2026-03-18T09:00:48+00:00,failed,1608
workflow_002044,pipeline_001797,project_00017,org_0074,test,2026-06-17T18:40:15+00:00,success,2949
workflow_002045,pipeline_002136,project_00041,org_0047,deploy,2026-02-07T18:16:27+00:00,success,684
workflow_002046,pipeline_001696,project_00126,org_0016,build-and-test,2026-08-16T17:54:50+00:00,success,200
workflow_002047,pipeline_002947,project_00026,org_0048,test,2026-06-29T16:40:26+00:00,failed,1393
workflow_002048,pipeline_002197,project_00082,org_0009,deploy,2026-04-05T15:13:34+00:00,success,1076
workflow_002049,pipeline_001461,project_00121,org_0032,integration-tests,2026-08-24T06:51:17+00:00,success,1454
workflow_002050,pipeline_001729,project_00005,org_0062,test,2026-05-07T01:34:25+00:00,success,644
workflow_002051,pipeline_002235,project_00139,org_0092,test,2026-08-28T08:18:03+00:00,success,1010
workflow_002052,pipeline_001014,project_00050,org_0077,integration-tests,2026-01-25T12:48:03+00:00,success,3185
workflow_002053,pipeline_002086,project_00136,org_0098,deploy,2026-04-20T11:28:17+00:00,success,1618
workflow_002054,pipeline_001640,project_00020,org_0068,deploy,2026-01-21T06:26:18+00:00,success,3211
workflow_002055,pipeline_002869,project_00143,org_0010,lint,2026-03-29T22:03:11+00:00,success,207
workflow_002056,pipeline_000273,project_00148,org_0022,test,2026-08-12T15:43:31+00:00,success,1126
workflow_002057,pipeline_001743,project_00138,org_0054,lint,2026-07-26T19:20:16+00:00,success,2507
workflow_002058,pipeline_000853,project_00055,org_0032,build-and-test,2026-06-23T06:33:02+00:00,failed,3210
workflow_002059,pipeline_000830,project_00122,org_0050,build-and-test,2026-05-13T13:20:01+00:00,success,2141
workflow_002060,pipeline_001397,project_00062,org_0051,deploy,2026-01-26T13:44:31+00:00,success,3412
workflow_002061,pipeline_001893,project_00173,org_0032,deploy,2026-04-17T23:34:09+00:00,success,1603
workflow_002062,pipeline_001762,project_00027,org_0054,integration-tests,2026-02-26T16:40:01+00:00,success,2681
workflow_002063,pipeline_000910,project_00174,org_0062,test,2026-01-09T23:28:14+00:00,success,2643
workflow_002064,pipeline_001520,project_00010,org_0067,build-and-test,2026-05-20T07:32:48+00:00,success,545
workflow_002065,pipeline_002122,project_00095,org_0082,test,2026-07-17T17:36:33+00:00,canceled,1776
workflow_002066,pipeline_000437,project_00018,org_0047,deploy,2026-04-30T12:38:53+00:00,success,2259
workflow_002067,pipeline_001914,project_00115,org_0035,deploy,2026-01-19T13:31:12+00:00,canceled,61
workflow_002068,pipeline_002193,project_00169,org_0005,integration-tests,2026-03-14T01:04:48+00:00,canceled,542
workflow_002069,pipeline_002958,project_00141,org_0059,build-and-test,2026-01-20T05:32:10+00:00,success,3165
workflow_002070,pipeline_000917,project_00085,org_0088,integration-tests,2026-05-01T16:55:14+00:00,failed,3489
workflow_002071,pipeline_000684,project_00078,org_0062,lint,2026-08-30T13:09:01+00:00,failed,1951
workflow_002072,pipeline_001868,project_00069,org_0084,build-and-test,2026-02-21T03:35:56+00:00,success,3142
workflow_002073,pipeline_002054,project_00186,org_0005,test,2026-01-06T05:20:13+00:00,success,555
workflow_002074,pipeline_002840,project_00013,org_0051,lint,2026-06-29T02:44:07+00:00,success,1627
workflow_002075,pipeline_000813,project_00179,org_0021,build-and-test,2026-06-19T09:57:30+00:00,failed,281
workflow_002076,pipeline_000036,project_00159,org_0008,lint,2026-08-25T09:04:41+00:00,canceled,629
workflow_002077,pipeline_000300,project_00180,org_0035,build-and-test,2026-08-30T20:29:09+00:00,failed,2964
workflow_002078,pipeline_001142,project_00142,org_0065,deploy,2026-04-16T06:24:21+00:00,success,2795
workflow_002079,pipeline_001189,project_00086,org_0013,lint,2026-04-29T04:48:36+00:00,success,2806
workflow_002080,pipeline_000213,project_00028,org_0055,test,2026-01-07T10:22:29+00:00,failed,2010
workflow_002081,pipeline_002834,project_00133,org_0098,lint,2026-06-03T19:44:31+00:00,running,414
workflow_002082,pipeline_002536,project_00142,org_0065,lint,2026-08-23T19:50:24+00:00,canceled,2806
workflow_002083,pipeline_002375,project_00072,org_0081,integration-tests,2026-05-13T00:28:53+00:00,success,473
workflow_002084,pipeline_001541,project_00114,org_0099,test,2026-06-09T04:47:07+00:00,failed,1809
workflow_002085,pipeline_001434,project_00091,org_0085,lint,2026-06-16T02:09:56+00:00,success,1894
workflow_002086,pipeline_001666,project_00021,org_0079,test,2026-04-06T19:42:36+00:00,success,2526
workflow_002087,pipeline_002964,project_00019,org_0015,lint,2026-07-30T18:53:59+00:00,success,990
workflow_002088,pipeline_000798,project_00030,org_0063,test,2026-01-06T04:00:28+00:00,failed,95
workflow_002089,pipeline_000072,project_00148,org_0022,integration-tests,2026-03-03T12:43:20+00:00,failed,653
workflow_002090,pipeline_000662,project_00172,org_0018,test,2026-05-17T12:31:52+00:00,canceled,2792
workflow_002091,pipeline_001556,project_00095,org_0082,test,2026-06-26T03:10:46+00:00,success,1909
workflow_002092,pipeline_002557,project_00154,org_0012,deploy,2026-06-01T17:20:09+00:00,canceled,776
workflow_002093,pipeline_missing_999,project_00141,org_0059,build-and-test,2026-01-05T02:35:38+00:00,success,3143
workflow_002094,pipeline_001059,project_00192,org_0047,deploy,2026-06-04T13:21:04+00:00,running,2911
workflow_002095,pipeline_000055,project_00077,org_0016,lint,2026-02-11T23:36:26+00:00,success,2869
workflow_002096,pipeline_001166,project_00032,org_0046,lint,2026-07-09T07:00:38+00:00,success,1755
workflow_002097,pipeline_000206,project_00162,org_0009,build-and-test,2026-07-19T02:10:38+00:00,success,3260
workflow_002098,pipeline_002624,project_00043,org_0095,integration-tests,2026-08-12T11:31:25+00:00,success,1376
workflow_002099,pipeline_000153,project_00136,org_0098,build-and-test,2026-07-04T09:59:23+00:00,success,1655
workflow_002100,pipeline_002904,project_00181,org_0050,deploy,2026-02-05T00:50:23+00:00,success,155
workflow_002101,pipeline_002065,project_00106,org_0082,build-and-test,2026-07-16T18:21:42+00:00,success,1458
workflow_002102,pipeline_002296,project_00057,org_0049,integration-tests,2026-07-01T20:56:02+00:00,failed,2771
workflow_002103,pipeline_001072,project_00097,org_0073,lint,2026-08-26T05:09:11+00:00,canceled,2478
workflow_002104,pipeline_001867,project_00182,org_0031,integration-tests,2026-06-29T11:32:32+00:00,canceled,862
workflow_002105,pipeline_000904,project_00024,org_0011,test,2026-08-27T05:42:01+00:00,success,2079
workflow_002106,pipeline_002924,project_00012,org_0052,deploy,2026-01-13T17:58:46+00:00,success,395
workflow_002107,pipeline_002459,project_00043,org_0095,deploy,2026-04-18T07:24:27+00:00,success,2366
workflow_002108,pipeline_001651,project_00165,org_0074,lint,2026-07-05T22:07:56+00:00,success,3381
workflow_002109,pipeline_001033,project_00156,org_0034,lint,2026-05-29T03:42:23+00:00,success,2941
workflow_002110,pipeline_002070,project_00151,org_0060,lint,2026-05-21T09:14:08+00:00,running,1616
workflow_002111,pipeline_001162,project_00119,org_0033,deploy,2026-08-28T21:50:06+00:00,failed,123
workflow_002112,pipeline_000851,project_00200,org_0024,build-and-test,2026-05-21T07:15:26+00:00,canceled,2056
workflow_002113,pipeline_002838,project_00014,org_0026,deploy,2026-03-21T04:24:04+00:00,failed,1699
workflow_002114,pipeline_001734,project_00170,org_0064,test,2026-08-10T21:01:32+00:00,success,2153
workflow_002115,pipeline_000582,project_00023,org_0023,test,2026-06-09T21:17:10+00:00,success,1394
workflow_002116,pipeline_001081,project_00184,org_0073,integration-tests,2026-07-15T23:33:15+00:00,canceled,2981
workflow_002117,pipeline_002041,project_00160,org_0052,deploy,2026-08-18T06:12:24+00:00,success,191
workflow_002118,pipeline_000141,project_00098,org_0088,deploy,2026-05-31T12:16:16+00:00,success,1632
workflow_002119,pipeline_002721,project_00110,org_0016,build-and-test,2026-08-18T10:46:23+00:00,success,2760
workflow_002120,pipeline_001545,project_00067,org_0021,build-and-test,2026-04-22T09:57:49+00:00,success,2443
workflow_002121,pipeline_000099,project_00088,org_0041,integration-tests,2026-03-13T00:27:59+00:00,failed,1176
workflow_002122,pipeline_000854,project_00151,org_0060,deploy,2026-08-06T01:57:48+00:00,success,499
workflow_002123,pipeline_001642,project_00144,org_0031,deploy,2026-06-02T17:19:28+00:00,failed,2671
workflow_002124,pipeline_002852,project_00100,org_0028,deploy,2026-04-06T21:37:43+00:00,running,1341
workflow_002125,pipeline_001724,project_00096,org_0047,deploy,2026-08-11T15:52:44+00:00,success,2949
workflow_002126,pipeline_000823,project_00197,org_0023,build-and-test,2026-01-19T03:03:18+00:00,success,268
workflow_002127,pipeline_000233,project_00168,org_0036,build-and-test,2026-07-22T08:07:25+00:00,success,2185
workflow_002128,pipeline_002438,project_00041,org_0047,integration-tests,2026-04-01T23:05:04+00:00,success,2295
workflow_002129,pipeline_001817,project_00147,org_0018,integration-tests,2026-03-19T16:04:55+00:00,success,44
workflow_002130,pipeline_001269,project_00193,org_0076,integration-tests,2026-04-20T16:10:44+00:00,canceled,740
workflow_002131,pipeline_002158,project_00134,org_0053,deploy,2026-02-10T07:37:43+00:00,success,1171
workflow_002132,pipeline_000265,project_00026,org_0048,test,2026-04-15T20:06:28+00:00,success,2488
workflow_002133,pipeline_000737,project_00021,org_0079,integration-tests,2026-07-10T22:54:01+00:00,failed,2576
workflow_002134,pipeline_000943,project_00003,org_0015,build-and-test,2026-01-29T15:13:27+00:00,canceled,2922
workflow_002135,pipeline_000904,project_00024,org_0011,lint,2026-08-27T05:42:01+00:00,success,392
workflow_002136,pipeline_000994,project_00166,org_0064,lint,2026-06-27T05:05:09+00:00,success,2216
workflow_002137,pipeline_002633,project_00054,org_0032,build-and-test,2026-06-03T05:17:35+00:00,success,3350
workflow_002138,pipeline_000338,project_00197,org_0023,deploy,2026-08-12T21:57:46+00:00,running,2792
workflow_002139,pipeline_002602,project_00170,org_0064,lint,2026-07-30T14:26:15+00:00,success,1458
workflow_002140,pipeline_002344,project_00058,org_0052,test,2026-06-24T11:30:44+00:00,failed,2886
workflow_002141,pipeline_001051,project_00109,org_0079,lint,2026-04-06T20:15:59+00:00,failed,3600
workflow_002142,pipeline_001424,project_00013,org_0051,deploy,2026-04-08T15:31:47+00:00,success,3422
workflow_002143,pipeline_000362,project_00063,org_0064,build-and-test,2026-01-28T19:46:13+00:00,running,2818
workflow_002144,pipeline_002247,project_00098,org_0088,deploy,2026-08-22T04:27:56+00:00,success,3067
workflow_002145,pipeline_001002,project_00007,org_0039,build-and-test,2026-01-29T10:13:53+00:00,failed,1802
workflow_002146,pipeline_002037,project_00006,org_0057,deploy,2026-07-10T23:36:03+00:00,success,2564
workflow_002147,pipeline_002064,project_00042,org_0070,test,2026-06-03T06:34:19+00:00,running,417
workflow_002148,pipeline_002285,project_00162,org_0009,integration-tests,2026-07-22T08:55:13+00:00,running,3089
workflow_002149,pipeline_001264,project_00008,org_0003,deploy,2026-04-04T00:34:50+00:00,success,2513
workflow_002150,pipeline_000954,project_00039,org_0096,lint,2026-05-08T06:12:16+00:00,running,3034
workflow_002151,pipeline_001459,project_00091,org_0085,build-and-test,2026-08-07T16:55:03+00:00,failed,455
workflow_002152,pipeline_001662,project_00080,org_0048,lint,2026-04-17T07:39:26+00:00,success,2856
workflow_002153,pipeline_000403,project_00133,org_0098,integration-tests,2026-07-28T21:18:13+00:00,success,1660
workflow_002154,pipeline_000514,project_00122,org_0050,integration-tests,2026-04-28T00:56:42+00:00,success,917
workflow_002155,pipeline_001676,project_00169,org_0005,deploy,2026-03-14T09:36:42+00:00,success,2184
workflow_002156,pipeline_002724,project_00180,org_0035,test,2026-04-21T20:38:27+00:00,success,3014
workflow_002157,pipeline_002682,project_00115,org_0035,lint,2026-08-23T10:01:44+00:00,failed,3234
workflow_002158,pipeline_002621,project_00050,org_0077,deploy,2026-08-01T02:47:09+00:00,success,1674
workflow_002159,pipeline_000705,project_00163,org_0017,integration-tests,2026-01-30T06:02:39+00:00,success,1771
workflow_002160,pipeline_001771,project_00191,org_0076,lint,2026-02-19T22:12:05+00:00,success,3432
workflow_002161,pipeline_002831,project_00021,org_0079,integration-tests,2026-03-10T16:37:04+00:00,success,2894
workflow_002162,pipeline_002818,project_00046,org_0095,deploy,2026-01-19T05:40:59+00:00,success,1656
workflow_002163,pipeline_000351,project_00153,org_0006,lint,2026-04-27T15:52:05+00:00,running,1360
workflow_002164,pipeline_000693,project_00015,org_0050,deploy,2026-06-01T23:58:15+00:00,success,2654
workflow_002165,pipeline_002467,project_00160,org_0052,integration-tests,2026-01-17T11:45:15+00:00,canceled,32
workflow_002166,pipeline_001900,project_00093,org_0038,test,2026-04-04T17:00:35+00:00,success,1020
workflow_002167,pipeline_001303,project_00003,org_0015,integration-tests,2026-08-06T20:02:44+00:00,success,585
workflow_002168,pipeline_001325,project_00143,org_0010,test,2026-06-01T23:45:42+00:00,success,1997
workflow_002169,pipeline_001905,project_00200,org_0024,deploy,2026-07-09T11:12:11+00:00,success,2500
workflow_002170,pipeline_002032,project_00107,org_0094,lint,2026-02-15T23:56:42+00:00,success,2278
workflow_002171,pipeline_000770,project_00185,org_0064,integration-tests,2026-02-27T11:57:38+00:00,success,3069
workflow_002172,pipeline_002180,project_00116,org_0081,build-and-test,2026-04-24T22:35:17+00:00,success,326
workflow_002173,pipeline_002911,project_00082,org_0009,test,2026-06-18T23:35:25+00:00,success,1835
workflow_002174,pipeline_000448,project_00116,org_0081,lint,2026-04-28T12:42:14+00:00,success,2288
workflow_002175,pipeline_002387,project_00152,org_0021,deploy,2026-08-06T22:40:27+00:00,success,3400
workflow_002176,pipeline_000570,project_00073,org_0055,integration-tests,2026-03-23T09:31:05+00:00,canceled,3564
workflow_002177,pipeline_001444,project_00161,org_0075,lint,2026-05-01T17:42:45+00:00,success,410
workflow_002178,pipeline_002189,project_00018,org_0047,integration-tests,2026-01-26T07:28:41+00:00,success,2685
workflow_002179,pipeline_000468,project_00094,org_0050,test,2026-06-02T06:25:18+00:00,success,191
workflow_002180,pipeline_000230,project_00100,org_0028,test,2026-01-03T01:18:44+00:00,failed,47
workflow_002181,pipeline_002943,project_00091,org_0085,integration-tests,2026-02-01T02:13:42+00:00,success,1134
workflow_002182,pipeline_002435,project_00059,org_0059,deploy,2026-08-12T13:40:40+00:00,success,1861
workflow_002183,pipeline_002299,project_00135,org_0045,lint,2026-03-02T10:16:53+00:00,success,1926
workflow_002184,pipeline_000204,project_00054,org_0032,deploy,2026-08-18T10:34:13+00:00,success,3200
workflow_002185,pipeline_000579,project_00072,org_0081,integration-tests,2026-02-23T00:17:10+00:00,success,535
workflow_002186,pipeline_000417,project_00160,org_0052,deploy,2026-04-09T07:09:55+00:00,success,84
workflow_002187,pipeline_000262,project_00121,org_0032,integration-tests,2026-08-27T02:21:26+00:00,success,2592
workflow_002188,pipeline_000148,project_00014,org_0026,lint,2026-08-31T20:50:23+00:00,success,2371
workflow_002189,pipeline_000095,project_00068,org_0055,lint,2026-06-30T07:22:43+00:00,success,2490
workflow_002190,pipeline_001412,project_00106,org_0082,deploy,2026-03-27T12:55:51+00:00,running,693
workflow_002191,pipeline_000931,project_00114,org_0099,deploy,2026-03-14T04:55:54+00:00,success,893
workflow_002192,pipeline_000488,project_00104,org_0040,integration-tests,2026-05-29T04:26:38+00:00,success,718
workflow_002193,pipeline_000172,project_00153,org_0006,build-and-test,2026-06-03T01:06:27+00:00,failed,2071
workflow_002194,pipeline_002618,project_00047,org_0081,deploy,2026-07-23T08:09:53+00:00,success,587
workflow_002195,pipeline_001072,project_00097,org_0073,deploy,2026-08-26T05:09:11+00:00,canceled,2697
workflow_002196,pipeline_002911,project_00082,org_0009,lint,2026-06-18T23:35:25+00:00,success,2904
workflow_002197,pipeline_002352,project_00176,org_0024,lint,2026-06-16T19:14:04+00:00,success,1953
workflow_002198,pipeline_002602,project_00170,org_0064,test,2026-07-30T14:26:15+00:00,running,2886
workflow_002199,pipeline_001338,project_00101,org_0065,lint,2026-02-09T02:19:42+00:00,failed,2857
workflow_002200,pipeline_000377,project_00182,org_0031,test,2026-02-08T16:22:25+00:00,success,2747
workflow_002201,pipeline_002448,project_00157,org_0058,test,2026-06-22T20:24:25+00:00,canceled,2808
workflow_002202,pipeline_002032,project_00107,org_0094,test,2026-02-15T23:56:42+00:00,success,1588
workflow_002203,pipeline_002224,project_00018,org_0047,lint,2026-03-15T08:56:14+00:00,failed,1512
workflow_002204,pipeline_002646,project_00190,org_0042,test,2026-04-19T14:11:20+00:00,success,1556
workflow_002205,pipeline_000897,project_00118,org_0073,test,2026-08-21T19:52:20+00:00,success,298
workflow_002206,pipeline_001150,project_00105,org_0020,lint,2026-05-02T10:55:09+00:00,success,2278
workflow_002207,pipeline_002198,project_00123,org_0071,lint,2026-07-05T22:07:39+00:00,success,2135
workflow_002208,pipeline_000814,project_00089,org_0083,test,2026-06-20T03:29:15+00:00,success,3251
workflow_002209,pipeline_001216,project_00115,org_0035,integration-tests,2026-03-31T23:48:58+00:00,failed,966
workflow_002210,pipeline_002709,project_00161,org_0075,test,2026-07-23T19:38:35+00:00,success,1787
workflow_002211,pipeline_002581,project_00116,org_0081,deploy,2026-03-21T13:42:58+00:00,failed,3438
workflow_002212,pipeline_002026,project_00081,org_0100,deploy,2026-08-26T00:56:57+00:00,success,1634
workflow_002213,pipeline_001228,project_00027,org_0054,integration-tests,2026-07-31T12:25:56+00:00,success,661
workflow_002214,pipeline_000121,project_00036,org_0011,lint,2026-06-08T22:07:14+00:00,success,2178
workflow_002215,pipeline_001930,project_00107,org_0094,build-and-test,2026-08-05T01:18:00+00:00,canceled,2524
workflow_002216,pipeline_001191,project_00136,org_0098,deploy,2026-08-23T20:20:28+00:00,success,2694
workflow_002217,pipeline_001674,project_00191,org_0076,integration-tests,2026-04-15T10:47:48+00:00,success,2720
workflow_002218,pipeline_002658,project_00034,org_0084,test,2026-05-23T06:06:30+00:00,success,3598
workflow_002219,pipeline_002986,project_00083,org_0057,lint,2026-08-08T15:42:53+00:00,running,2858
workflow_002220,pipeline_001382,project_00055,org_0032,integration-tests,2026-01-06T02:21:46+00:00,success,127
workflow_002221,pipeline_002966,project_00092,org_0078,test,2026-05-15T09:57:43+00:00,success,274
workflow_002222,pipeline_001480,project_00020,org_0068,build-and-test,2026-07-27T13:11:27+00:00,success,2209
workflow_002223,pipeline_001103,project_00194,org_0042,lint,2026-06-01T23:45:53+00:00,success,3031
workflow_002224,pipeline_000034,project_00138,org_0054,build-and-test,2026-05-14T13:05:34+00:00,success,1178
workflow_002225,pipeline_000706,project_00077,org_0016,integration-tests,2026-08-11T17:36:01+00:00,failed,2353
workflow_002226,pipeline_000188,project_00140,org_0030,lint,2026-07-29T14:09:19+00:00,success,3054
workflow_002227,pipeline_002008,project_00166,org_0064,deploy,2026-05-30T22:17:27+00:00,failed,2447
workflow_002228,pipeline_001290,project_00120,org_0030,test,2026-07-01T22:37:52+00:00,success,1444
workflow_002229,pipeline_002732,project_00042,org_0070,build-and-test,2026-06-14T14:09:05+00:00,success,147
workflow_002230,pipeline_000260,project_00173,org_0032,lint,2026-03-23T20:21:16+00:00,success,2320
workflow_002231,pipeline_001439,project_00196,org_0023,build-and-test,2026-07-21T04:11:13+00:00,success,2801
workflow_002232,pipeline_000544,project_00125,org_0035,build-and-test,2026-02-02T22:58:32+00:00,success,1436
workflow_002233,pipeline_000095,project_00068,org_0055,deploy,2026-06-30T07:22:43+00:00,canceled,415
workflow_002234,pipeline_001277,project_00183,org_0076,deploy,2026-05-31T13:00:47+00:00,success,295
workflow_002235,pipeline_000571,project_00012,org_0052,lint,2026-02-10T13:16:30+00:00,success,3191
workflow_002236,pipeline_002801,project_00198,org_0017,deploy,2026-07-20T07:29:07+00:00,failed,3104
workflow_002237,pipeline_002014,project_00103,org_0011,integration-tests,2026-02-18T13:18:36+00:00,failed,3136
workflow_002238,pipeline_001355,project_00155,org_0066,deploy,2026-07-26T00:36:05+00:00,success,2985
workflow_002239,pipeline_002970,project_00019,org_0015,build-and-test,2026-08-01T07:56:33+00:00,success,1008
workflow_002240,pipeline_002691,project_00016,org_0027,test,2026-01-16T16:54:27+00:00,success,1155
workflow_002241,pipeline_000684,project_00078,org_0062,lint,2026-08-30T13:09:01+00:00,success,1917
workflow_002242,pipeline_001083,project_00124,org_0032,deploy,2026-07-29T23:23:24+00:00,success,3472
workflow_002243,pipeline_002768,project_00019,org_0015,lint,2026-08-01T06:51:01+00:00,canceled,3331
workflow_002244,pipeline_002736,project_00014,org_0026,test,2026-06-29T09:39:01+00:00,success,239
workflow_002245,pipeline_002145,project_00185,org_0064,test,2026-07-06T02:11:56+00:00,success,2194
workflow_002246,pipeline_000789,project_00123,org_0071,integration-tests,2026-04-27T15:52:05+00:00,failed,1463
workflow_002247,pipeline_001428,project_00109,org_0079,test,2026-06-05T00:00:30+00:00,success,358
workflow_002248,pipeline_001064,project_00195,org_0082,lint,2026-03-16T12:29:46+00:00,running,3299
workflow_002249,pipeline_002473,project_00044,org_0058,build-and-test,2026-08-13T00:24:01+00:00,success,1357
workflow_002250,pipeline_000385,project_00107,org_0094,build-and-test,2026-04-04T08:19:30+00:00,success,1276
workflow_002251,pipeline_001410,project_00078,org_0062,test,2026-05-10T14:40:18+00:00,success,2832
workflow_002252,pipeline_000901,project_00092,org_0078,lint,2026-05-31T04:46:51+00:00,failed,3162
workflow_002253,pipeline_001712,project_00094,org_0050,deploy,2026-01-20T10:43:08+00:00,success,2257
workflow_002254,pipeline_000441,project_00138,org_0054,lint,2026-05-11T03:26:54+00:00,success,1043
workflow_002255,pipeline_001812,project_00012,org_0052,test,2026-06-01T11:39:02+00:00,success,3484
workflow_002256,pipeline_000576,project_00014,org_0026,build-and-test,2026-06-19T06:33:24+00:00,success,3431
workflow_002257,pipeline_001949,project_00085,org_0088,test,2026-02-04T14:31:32+00:00,canceled,2975
workflow_002258,pipeline_002957,project_00196,org_0023,deploy,2026-06-22T00:31:15+00:00,failed,1084
workflow_002259,pipeline_000416,project_00161,org_0075,deploy,2026-03-12T04:12:32+00:00,failed,147
workflow_002260,pipeline_002105,project_00042,org_0070,test,2026-08-16T18:23:34+00:00,success,2123
workflow_002261,pipeline_002683,project_00045,org_0057,lint,2026-06-20T22:25:04+00:00,success,87
workflow_002262,pipeline_002414,project_00066,org_0081,integration-tests,2026-02-08T09:12:18+00:00,canceled,1766
workflow_002263,pipeline_002339,project_00071,org_0048,deploy,2026-07-26T04:03:31+00:00,success,3438
workflow_002264,pipeline_001768,project_00074,org_0001,deploy,2026-01-11T01:46:58+00:00,success,3487
workflow_002265,pipeline_000963,project_00150,org_0099,integration-tests,2026-01-16T23:28:47+00:00,success,332
workflow_002266,pipeline_001786,project_00134,org_0053,lint,2026-04-28T13:56:08+00:00,canceled,1302
workflow_002267,pipeline_001375,project_00013,org_0051,build-and-test,2026-04-29T04:11:21+00:00,failed,2983
workflow_002268,pipeline_002522,project_00083,org_0057,integration-tests,2026-03-24T15:56:16+00:00,success,3392
workflow_002269,pipeline_000513,project_00014,org_0026,lint,2026-04-13T16:20:40+00:00,success,2801
workflow_002270,pipeline_000410,project_00117,org_0066,deploy,2026-02-05T00:32:07+00:00,canceled,911
workflow_002271,pipeline_001149,project_00184,org_0073,deploy,2026-03-30T20:14:09+00:00,failed,2205
workflow_002272,pipeline_002278,project_00103,org_0011,integration-tests,2026-07-01T02:41:17+00:00,canceled,1293
workflow_002273,pipeline_002057,project_00191,org_0076,test,2026-02-01T12:25:30+00:00,failed,400
workflow_002274,pipeline_002694,project_00187,org_0078,test,2026-08-10T13:35:44+00:00,success,264
workflow_002275,pipeline_000595,project_00159,org_0008,test,2026-05-11T08:54:04+00:00,success,1022
workflow_002276,pipeline_001642,project_00144,org_0031,test,2026-06-02T17:19:28+00:00,success,3548
workflow_002277,pipeline_002784,project_00185,org_0064,deploy,2026-04-13T20:24:26+00:00,success,3247
workflow_002278,pipeline_002959,project_00165,org_0074,deploy,2026-01-11T21:26:52+00:00,success,1075
workflow_002279,pipeline_000543,project_00099,org_0003,lint,2026-03-16T04:16:42+00:00,success,1549
workflow_002280,pipeline_001809,project_00110,org_0016,lint,2026-05-29T12:17:07+00:00,success,2513
workflow_002281,pipeline_002498,project_00183,org_0076,build-and-test,2026-08-21T23:03:20+00:00,success,1386
workflow_002282,pipeline_001200,project_00012,org_0052,integration-tests,2026-08-08T21:07:52+00:00,success,1198
workflow_002283,pipeline_002576,project_00034,org_0084,test,2026-07-01T15:32:17+00:00,success,378
workflow_002284,pipeline_002136,project_00041,org_0047,deploy,2026-02-07T18:16:27+00:00,success,1048
workflow_002285,pipeline_001786,project_00134,org_0053,integration-tests,2026-04-28T13:56:08+00:00,success,3288
workflow_002286,pipeline_000347,project_00040,org_0015,build-and-test,2026-02-06T14:49:11+00:00,failed,3535
workflow_002287,pipeline_000643,project_00015,org_0050,integration-tests,2026-02-26T18:05:48+00:00,success,516
workflow_002288,pipeline_002778,project_00151,org_0060,build-and-test,2026-05-18T17:29:45+00:00,success,1701
workflow_002289,pipeline_000603,project_00116,org_0081,integration-tests,2026-08-30T03:41:07+00:00,success,2787
workflow_002290,pipeline_001916,project_00200,org_0024,integration-tests,2026-03-08T19:41:48+00:00,success,3234
workflow_002291,pipeline_001392,project_00086,org_0013,build-and-test,2026-01-21T15:27:35+00:00,canceled,905
workflow_002292,pipeline_000663,project_00090,org_0077,integration-tests,2026-05-17T18:46:20+00:00,success,1780
workflow_002293,pipeline_000579,project_00072,org_0081,integration-tests,2026-02-23T00:17:10+00:00,success,249
workflow_002294,pipeline_002995,project_00145,org_0051,integration-tests,2026-02-06T16:27:43+00:00,success,3389
workflow_002295,pipeline_002534,project_00066,org_0081,deploy,2026-08-15T09:00:48+00:00,success,2461
workflow_002296,pipeline_002253,project_00136,org_0098,deploy,2026-03-18T00:10:12+00:00,success,339
workflow_002297,pipeline_001320,project_00032,org_0046,lint,2026-05-17T03:57:22+00:00,success,1916
workflow_002298,pipeline_001783,project_00066,org_0081,lint,2026-03-12T22:44:39+00:00,success,140
workflow_002299,pipeline_001471,project_00136,org_0098,deploy,2026-03-16T16:19:36+00:00,success,2825
workflow_002300,pipeline_001849,project_00180,org_0035,lint,2026-02-02T19:08:41+00:00,success,2665
workflow_002301,pipeline_001197,project_00183,org_0076,test,2026-04-09T01:42:29+00:00,failed,3063
workflow_002302,pipeline_002535,project_00160,org_0052,build-and-test,2026-06-13T09:33:41+00:00,success,834
workflow_002303,pipeline_000232,project_00156,org_0034,test,2026-01-15T15:54:18+00:00,success,239
workflow_002304,pipeline_000043,project_00035,org_0054,deploy,2026-07-23T14:42:06+00:00,success,3208
workflow_002305,pipeline_002647,project_00094,org_0050,lint,2026-05-04T05:42:16+00:00,failed,2162
workflow_002306,pipeline_001000,project_00194,org_0042,integration-tests,2026-02-10T20:45:50+00:00,success,2540
workflow_002307,pipeline_000141,project_00098,org_0088,deploy,2026-05-31T12:16:16+00:00,failed,1298
workflow_002308,pipeline_002614,project_00095,org_0082,test,2026-01-21T03:28:56+00:00,failed,726
workflow_002309,pipeline_002435,project_00059,org_0059,test,2026-08-12T13:40:40+00:00,success,1883
workflow_002310,pipeline_001625,project_00037,org_0005,build-and-test,2026-04-23T16:49:48+00:00,success,3221
workflow_002311,pipeline_000195,project_00093,org_0038,test,2026-05-31T17:17:23+00:00,success,3228
workflow_002312,pipeline_002945,project_00197,org_0023,deploy,2026-05-07T01:02:53+00:00,success,2835
workflow_002313,pipeline_002826,project_00028,org_0055,lint,2026-06-03T23:33:29+00:00,success,1248
workflow_002314,pipeline_002562,project_00117,org_0066,build-and-test,2026-06-08T08:53:16+00:00,success,2993
workflow_002315,pipeline_000599,project_00030,org_0063,deploy,2026-07-05T19:52:56+00:00,failed,2248
workflow_002316,pipeline_002069,project_00173,org_0032,build-and-test,2026-06-23T04:23:15+00:00,success,1027
workflow_002317,pipeline_002251,project_00059,org_0059,deploy,2026-04-15T12:23:43+00:00,success,323
workflow_002318,pipeline_000199,project_00065,org_0044,test,2026-05-27T03:38:18+00:00,success,1031
workflow_002319,pipeline_001151,project_00024,org_0011,lint,2026-03-06T02:57:57+00:00,success,2264
workflow_002320,pipeline_001272,project_00151,org_0060,deploy,2026-05-29T09:32:22+00:00,success,433
workflow_002321,pipeline_000963,project_00150,org_0099,integration-tests,2026-01-16T23:28:47+00:00,success,722
workflow_002322,pipeline_001482,project_00150,org_0099,deploy,2026-07-02T21:50:22+00:00,success,3187
workflow_002323,pipeline_002254,project_00195,org_0082,deploy,2026-03-30T18:31:18+00:00,failed,344
workflow_002324,pipeline_002753,project_00156,org_0034,lint,2026-07-25T12:23:19+00:00,success,2994
workflow_002325,pipeline_002610,project_00127,org_0067,lint,2026-08-26T01:38:16+00:00,success,3475
workflow_002326,pipeline_000038,project_00006,org_0057,deploy,2026-05-12T05:08:24+00:00,success,2801
workflow_002327,pipeline_002735,project_00051,org_0038,build-and-test,2026-07-17T10:17:14+00:00,success,2902
workflow_002328,pipeline_001962,project_00133,org_0098,deploy,2026-03-07T00:08:38+00:00,failed,2488
workflow_002329,pipeline_000052,project_00109,org_0079,lint,2026-05-27T05:00:19+00:00,failed,2456
workflow_002330,pipeline_002894,project_00136,org_0098,test,2026-04-01T21:46:56+00:00,success,1784
workflow_002331,pipeline_001975,project_00137,org_0014,deploy,2026-01-11T20:38:06+00:00,success,124
workflow_002332,pipeline_001449,project_00157,org_0058,deploy,2026-06-20T12:59:12+00:00,success,2892
workflow_002333,pipeline_002938,project_00184,org_0073,build-and-test,2026-04-08T14:56:48+00:00,failed,1971
workflow_002334,pipeline_000037,project_00085,org_0088,lint,2026-04-03T06:23:58+00:00,success,1018
workflow_002335,pipeline_001102,project_00141,org_0059,integration-tests,2026-06-02T08:21:59+00:00,success,3283
workflow_002336,pipeline_000113,project_00081,org_0100,integration-tests,2026-02-16T02:25:40+00:00,failed,1343
workflow_002337,pipeline_000427,project_00195,org_0082,deploy,2026-06-15T22:56:48+00:00,success,56
workflow_002338,pipeline_002168,project_00100,org_0028,test,2026-05-26T14:28:11+00:00,success,481
workflow_002339,pipeline_002393,project_00089,org_0083,build-and-test,2026-02-22T21:34:26+00:00,success,3300
workflow_002340,pipeline_002633,project_00054,org_0032,test,2026-06-03T05:17:35+00:00,success,1518
workflow_002341,pipeline_001722,project_00185,org_0064,integration-tests,2026-01-31T18:58:25+00:00,success,2556
workflow_002342,pipeline_001620,project_00033,org_0025,test,2026-01-06T06:59:23+00:00,success,3399
workflow_002343,pipeline_000471,project_00148,org_0022,integration-tests,2026-02-19T11:23:53+00:00,success,1782
workflow_002344,pipeline_002042,project_00050,org_0077,build-and-test,2026-07-19T09:26:50+00:00,success,1857
workflow_002345,pipeline_002804,project_00114,org_0099,build-and-test,2026-04-16T04:41:31+00:00,failed,2797
workflow_002346,pipeline_002053,project_00040,org_0015,integration-tests,2026-08-11T02:34:35+00:00,success,609
workflow_002347,pipeline_001744,project_00194,org_0042,deploy,2026-06-30T03:59:28+00:00,success,1671
workflow_002348,pipeline_000437,project_00018,org_0047,deploy,2026-04-30T12:38:53+00:00,failed,3163
workflow_002349,pipeline_001564,project_00193,org_0076,lint,2026-02-11T05:06:17+00:00,success,133
workflow_002350,pipeline_001525,project_00176,org_0024,test,2026-07-16T18:57:54+00:00,success,1909
workflow_002351,pipeline_000404,project_00100,org_0028,deploy,2026-07-20T10:38:57+00:00,success,3520
workflow_002352,pipeline_002150,project_00139,org_0092,lint,2026-02-26T13:58:56+00:00,failed,3401
workflow_002353,pipeline_000191,project_00003,org_0015,deploy,2026-04-03T18:31:49+00:00,failed,920
workflow_002354,pipeline_002816,project_00098,org_0088,test,2026-07-08T13:15:49+00:00,success,311
workflow_002355,pipeline_001237,project_00082,org_0009,test,2026-02-27T09:24:40+00:00,failed,1591
workflow_002356,pipeline_000721,project_00169,org_0005,lint,2026-08-02T20:57:10+00:00,success,3009
workflow_002357,pipeline_000895,project_00130,org_0026,build-and-test,2026-05-04T14:48:27+00:00,success,2815
workflow_002358,pipeline_000453,project_00183,org_0076,build-and-test,2026-07-22T20:36:25+00:00,failed,1734
workflow_002359,pipeline_000397,project_00009,org_0087,test,2026-06-08T16:19:37+00:00,success,2778
workflow_002360,pipeline_000419,project_00117,org_0066,test,2026-06-09T06:53:16+00:00,success,2124
workflow_002361,pipeline_000929,project_00153,org_0006,build-and-test,2026-01-27T05:33:36+00:00,success,2208
workflow_002362,pipeline_001727,project_00054,org_0032,deploy,2026-01-08T06:28:23+00:00,failed,1732
workflow_002363,pipeline_001073,project_00001,org_0020,lint,2026-06-27T10:47:46+00:00,success,1055
workflow_002364,pipeline_001591,project_00115,org_0035,test,2026-06-09T03:43:13+00:00,success,2345
workflow_002365,pipeline_001588,project_00144,org_0031,integration-tests,2026-05-06T12:22:04+00:00,success,2008
workflow_002366,pipeline_000090,project_00051,org_0038,deploy,2026-08-25T12:18:29+00:00,success,2318
workflow_002367,pipeline_000948,project_00174,org_0062,build-and-test,2026-02-23T07:12:08+00:00,success,2247
workflow_002368,pipeline_000901,project_00092,org_0078,lint,2026-05-31T04:46:51+00:00,failed,2654
workflow_002369,pipeline_000934,project_00088,org_0041,lint,2026-04-24T00:54:45+00:00,failed,2856
workflow_002370,pipeline_000323,project_00139,org_0092,test,2026-05-23T13:44:18+00:00,success,771
workflow_002371,pipeline_000594,project_00179,org_0021,integration-tests,2026-08-26T20:55:31+00:00,success,2667
workflow_002372,pipeline_000687,project_00005,org_0062,lint,2026-01-13T06:31:10+00:00,canceled,1600
workflow_002373,pipeline_001351,project_00043,org_0095,integration-tests,2026-03-21T22:29:29+00:00,success,293
workflow_002374,pipeline_000179,project_00082,org_0009,test,2026-07-08T16:33:17+00:00,success,3072
workflow_002375,pipeline_002809,project_00088,org_0041,deploy,2026-08-17T11:50:23+00:00,success,365
workflow_002376,pipeline_002226,project_00014,org_0026,lint,2026-06-16T02:31:15+00:00,success,2133
workflow_002377,pipeline_000643,project_00015,org_0050,test,2026-02-26T18:05:48+00:00,success,2154
workflow_002378,pipeline_000789,project_00123,org_0071,build-and-test,2026-04-27T15:52:05+00:00,success,497
workflow_002379,pipeline_001829,project_00071,org_0048,integration-tests,2026-06-30T20:46:47+00:00,failed,1670
workflow_002380,pipeline_002671,project_00017,org_0074,build-and-test,2026-06-27T13:06:10+00:00,failed,1997
workflow_002381,pipeline_001371,project_00165,org_0074,lint,2026-02-17T03:39:02+00:00,success,3016
workflow_002382,pipeline_002979,project_00057,org_0049,integration-tests,2026-04-30T12:06:51+00:00,success,3440
workflow_002383,pipeline_002362,project_00042,org_0070,lint,2026-02-26T15:04:30+00:00,failed,2412
workflow_002384,pipeline_002517,project_00094,org_0050,lint,2026-01-09T06:06:12+00:00,success,262
workflow_002385,pipeline_001294,project_00117,org_0066,deploy,2026-01-15T20:49:02+00:00,canceled,582
workflow_002386,pipeline_000437,project_00018,org_0047,lint,2026-04-30T12:38:53+00:00,success,1173
workflow_002387,pipeline_002238,project_00045,org_0057,lint,2026-03-27T13:43:57+00:00,failed,1740
workflow_002388,pipeline_001458,project_00090,org_0077,integration-tests,2026-07-23T21:52:24+00:00,failed,2294
workflow_002389,pipeline_002539,project_00076,org_0002,integration-tests,2026-01-09T06:16:55+00:00,success,68
workflow_002390,pipeline_001773,project_00038,org_0037,build-and-test,2026-08-15T21:27:46+00:00,success,2618
workflow_002391,pipeline_002805,project_00084,org_0081,test,2026-08-30T18:33:48+00:00,success,1026
workflow_002392,pipeline_000388,project_00111,org_0090,lint,2026-02-26T08:55:06+00:00,success,415
workflow_002393,pipeline_000689,project_00046,org_0095,integration-tests,2026-08-05T04:30:29+00:00,success,1531
workflow_002394,pipeline_001444,project_00161,org_0075,lint,2026-05-01T17:42:45+00:00,failed,3080
workflow_002395,pipeline_001698,project_00157,org_0058,build-and-test,2026-08-21T16:40:15+00:00,success,1279
workflow_002396,pipeline_002494,project_00010,org_0067,lint,2026-04-23T12:09:51+00:00,success,2326
workflow_002397,pipeline_002078,project_00025,org_0031,build-and-test,2026-01-07T08:45:35+00:00,success,3467
workflow_002398,pipeline_000866,project_00196,org_0023,integration-tests,2026-02-23T19:07:16+00:00,failed,2940
workflow_002399,pipeline_002417,project_00148,org_0022,integration-tests,2026-07-25T19:12:21+00:00,failed,249
workflow_002400,pipeline_001606,project_00068,org_0055,integration-tests,2026-08-12T18:35:03+00:00,running,712
workflow_002401,pipeline_002858,project_00066,org_0081,build-and-test,2026-05-20T14:27:05+00:00,success,878
workflow_002402,pipeline_002634,project_00028,org_0055,build-and-test,2026-05-07T21:41:48+00:00,success,1774
workflow_002403,pipeline_002023,project_00099,org_0003,test,2026-08-09T08:29:06+00:00,success,2828
workflow_002404,pipeline_002850,project_00098,org_0088,deploy,2026-03-07T21:52:02+00:00,success,938
workflow_002405,pipeline_002831,project_00021,org_0079,deploy,2026-03-10T16:37:04+00:00,success,523
workflow_002406,pipeline_000992,project_00103,org_0011,build-and-test,2026-08-23T21:35:51+00:00,success,3556
workflow_002407,pipeline_002159,project_00190,org_0042,test,2026-03-30T01:45:52+00:00,success,180
workflow_002408,pipeline_000186,project_00005,org_0062,test,2026-07-16T23:14:40+00:00,failed,3449
workflow_002409,pipeline_000231,project_00112,org_0045,deploy,2026-02-04T05:31:50+00:00,success,699
workflow_002410,pipeline_002464,project_00166,org_0064,test,2026-04-23T13:42:27+00:00,failed,1551
workflow_002411,pipeline_002114,project_00107,org_0094,test,2026-06-03T18:53:45+00:00,success,1429
workflow_002412,pipeline_002847,project_00175,org_0065,lint,2026-08-30T02:10:56+00:00,canceled,3390
workflow_002413,pipeline_000961,project_00147,org_0018,integration-tests,2026-03-03T01:17:49+00:00,canceled,2275
workflow_002414,pipeline_000507,project_00034,org_0084,deploy,2026-08-28T03:39:04+00:00,success,1170
workflow_002415,pipeline_000893,project_00018,org_0047,integration-tests,2026-04-27T18:09:09+00:00,success,625
workflow_002416,pipeline_001320,project_00032,org_0046,test,2026-05-17T03:57:22+00:00,success,3342
workflow_002417,pipeline_001116,project_00006,org_0057,build-and-test,2026-08-16T21:50:34+00:00,failed,2899
workflow_002418,pipeline_000755,project_00150,org_0099,test,2026-06-27T22:23:56+00:00,success,303
workflow_002419,pipeline_002578,project_00079,org_0012,test,2026-04-13T18:14:18+00:00,failed,3583
workflow_002420,pipeline_001725,project_00192,org_0047,deploy,2026-03-14T02:58:30+00:00,canceled,465
workflow_002421,pipeline_002881,project_00071,org_0048,deploy,2026-06-13T13:18:38+00:00,failed,1692
workflow_002422,pipeline_000153,project_00136,org_0098,build-and-test,2026-07-04T09:59:23+00:00,failed,1648
workflow_002423,pipeline_000956,project_00170,org_0064,integration-tests,2026-08-27T19:09:25+00:00,success,1496
workflow_002424,pipeline_001058,project_00028,org_0055,build-and-test,2026-08-11T09:07:40+00:00,failed,2992
workflow_002425,pipeline_002273,project_00077,org_0016,test,2026-02-14T20:52:31+00:00,success,414
workflow_002426,pipeline_001286,project_00022,org_0045,lint,2026-06-10T11:14:57+00:00,success,245
workflow_002427,pipeline_002471,project_00145,org_0051,deploy,2026-02-17T17:54:20+00:00,success,3191
workflow_002428,pipeline_001927,project_00007,org_0039,integration-tests,2026-07-12T01:00:29+00:00,success,2739
workflow_002429,pipeline_001384,project_00132,org_0076,integration-tests,2026-05-02T16:43:04+00:00,success,2434
workflow_002430,pipeline_001756,project_00085,org_0088,test,2026-03-03T20:28:19+00:00,success,3258
workflow_002431,pipeline_002373,project_00080,org_0048,integration-tests,2026-07-28T13:57:45+00:00,success,2608
workflow_002432,pipeline_001137,project_00029,org_0089,build-and-test,2026-08-01T23:10:03+00:00,success,3098
workflow_002433,pipeline_002504,project_00003,org_0015,integration-tests,2026-01-05T03:28:10+00:00,failed,2907
workflow_002434,pipeline_000441,project_00138,org_0054,lint,2026-05-11T03:26:54+00:00,success,3210
workflow_002435,pipeline_000771,project_00047,org_0081,test,2026-03-07T08:37:23+00:00,success,3144
workflow_002436,pipeline_000381,project_00176,org_0024,lint,2026-05-17T16:04:03+00:00,success,293
workflow_002437,pipeline_000273,project_00148,org_0022,deploy,2026-08-12T15:43:31+00:00,success,2576
workflow_002438,pipeline_001928,project_00058,org_0052,deploy,2026-06-21T00:24:52+00:00,canceled,1884
workflow_002439,pipeline_000118,project_00184,org_0073,lint,2026-05-22T02:09:02+00:00,failed,525
workflow_002440,pipeline_001962,project_00133,org_0098,deploy,2026-03-07T00:08:38+00:00,failed,75
workflow_002441,pipeline_002894,project_00136,org_0098,deploy,2026-04-01T21:46:56+00:00,success,2694
workflow_002442,pipeline_000704,project_00158,org_0014,deploy,2026-04-27T07:44:13+00:00,failed,1137
workflow_002443,pipeline_000386,project_00085,org_0088,integration-tests,2026-06-24T10:33:36+00:00,success,3273
workflow_002444,pipeline_002957,project_00196,org_0023,deploy,2026-06-22T00:31:15+00:00,failed,281
workflow_002445,pipeline_001687,project_00034,org_0084,deploy,2026-05-10T09:09:22+00:00,success,991
workflow_002446,pipeline_001778,project_00039,org_0096,test,2026-04-19T02:05:20+00:00,success,89
workflow_002447,pipeline_000386,project_00085,org_0088,integration-tests,2026-06-24T10:33:36+00:00,success,3269
workflow_002448,pipeline_001270,project_00186,org_0005,test,2026-05-19T04:38:38+00:00,success,1244
workflow_002449,pipeline_002265,project_00121,org_0032,test,2026-03-02T13:10:51+00:00,success,2766
workflow_002450,pipeline_000127,project_00045,org_0057,deploy,2026-02-19T20:36:17+00:00,failed,1032
workflow_002451,pipeline_001507,project_00022,org_0045,build-and-test,2026-01-24T04:37:52+00:00,failed,1290
workflow_002452,pipeline_001800,project_00027,org_0054,lint,2026-04-27T12:46:30+00:00,success,402
workflow_002453,pipeline_000484,project_00150,org_0099,integration-tests,2026-01-04T03:40:36+00:00,success,296
workflow_002454,pipeline_001378,project_00172,org_0018,lint,2026-02-17T12:36:06+00:00,running,63
workflow_002455,pipeline_002510,project_00020,org_0068,integration-tests,2026-05-01T20:51:13+00:00,success,1295
workflow_002456,pipeline_002028,project_00024,org_0011,test,2026-05-02T16:06:38+00:00,success,2238
workflow_002457,pipeline_002540,project_00050,org_0077,build-and-test,2026-03-10T00:16:14+00:00,failed,1944
workflow_002458,pipeline_000160,project_00172,org_0018,test,2026-03-24T18:56:10+00:00,success,2636
workflow_002459,pipeline_000550,project_00010,org_0067,test,2026-02-24T23:43:07+00:00,failed,412
workflow_002460,pipeline_002804,project_00114,org_0099,integration-tests,2026-04-16T04:41:31+00:00,success,3407
workflow_002461,pipeline_000734,project_00137,org_0014,lint,2026-04-02T19:14:20+00:00,failed,2763
workflow_002462,pipeline_000290,project_00059,org_0059,build-and-test,2026-02-04T18:42:14+00:00,success,1333
workflow_002463,pipeline_001571,project_00021,org_0079,test,2026-03-28T09:18:27+00:00,success,772
workflow_002464,pipeline_002368,project_00049,org_0073,integration-tests,2026-01-02T10:41:20+00:00,running,174
workflow_002465,pipeline_002598,project_00146,org_0035,deploy,2026-06-04T12:58:49+00:00,success,1595
workflow_002466,pipeline_002913,project_00188,org_0062,lint,2026-01-20T07:59:34+00:00,success,2749
workflow_002467,pipeline_001735,project_00022,org_0045,integration-tests,2026-03-22T14:31:02+00:00,success,717
workflow_002468,pipeline_002335,project_00011,org_0043,test,2026-02-24T12:04:22+00:00,success,2230
workflow_002469,pipeline_001572,project_00071,org_0048,build-and-test,2026-06-26T02:35:28+00:00,success,410
workflow_002470,pipeline_000268,project_00077,org_0016,integration-tests,2026-04-08T11:14:51+00:00,failed,815
workflow_002471,pipeline_002494,project_00010,org_0067,build-and-test,2026-04-23T12:09:51+00:00,failed,3278
workflow_002472,pipeline_000945,project_00008,org_0003,test,2026-03-19T07:57:34+00:00,success,2707
workflow_002473,pipeline_002585,project_00047,org_0081,deploy,2026-02-09T17:51:32+00:00,success,1580
workflow_002474,pipeline_001740,project_00029,org_0089,deploy,2026-08-10T15:43:44+00:00,success,799
workflow_002475,pipeline_001107,project_00038,org_0037,lint,2026-03-23T11:09:50+00:00,success,3331
workflow_002476,pipeline_001229,project_00001,org_0020,integration-tests,2026-03-29T02:44:46+00:00,success,972
workflow_002477,pipeline_000976,project_00143,org_0010,test,2026-01-12T16:35:25+00:00,success,1549
workflow_002478,pipeline_000420,project_00063,org_0064,integration-tests,2026-08-01T13:35:36+00:00,success,2537
workflow_002479,pipeline_001043,project_00098,org_0088,build-and-test,2026-06-30T01:32:33+00:00,success,3208
workflow_002480,pipeline_001483,project_00108,org_0012,test,2026-04-12T07:35:17+00:00,success,1050
workflow_002481,pipeline_002980,project_00189,org_0026,integration-tests,2026-01-13T09:46:46+00:00,success,2570
workflow_002482,pipeline_000548,project_00185,org_0064,integration-tests,2026-01-17T15:03:37+00:00,success,115
workflow_002483,pipeline_001843,project_00186,org_0005,test,2026-07-20T14:05:36+00:00,success,3393
workflow_002484,pipeline_000089,project_00185,org_0064,integration-tests,2026-08-28T21:21:44+00:00,failed,698
workflow_002485,pipeline_002292,project_00012,org_0052,integration-tests,2026-04-28T15:19:42+00:00,failed,1558
workflow_002486,pipeline_002494,project_00010,org_0067,test,2026-04-23T12:09:51+00:00,failed,1994
workflow_002487,pipeline_002587,project_00113,org_0017,build-and-test,2026-04-01T19:46:30+00:00,success,1778
workflow_002488,pipeline_002479,project_00190,org_0042,lint,2026-01-02T22:20:23+00:00,success,888
workflow_002489,pipeline_001322,project_00107,org_0094,integration-tests,2026-04-04T19:27:02+00:00,success,3560
workflow_002490,pipeline_001927,project_00007,org_0039,lint,2026-07-12T01:00:29+00:00,success,1089
workflow_002491,pipeline_001876,project_00017,org_0074,build-and-test,2026-05-22T21:58:55+00:00,failed,2172
workflow_002492,pipeline_000825,project_00194,org_0042,build-and-test,2026-02-13T01:57:01+00:00,success,2454
workflow_002493,pipeline_002412,project_00005,org_0062,test,2026-04-02T00:57:42+00:00,success,2284
workflow_002494,pipeline_002084,project_00126,org_0016,lint,2026-01-06T00:52:00+00:00,success,1155
workflow_002495,pipeline_001167,project_00121,org_0032,integration-tests,2026-06-03T13:00:40+00:00,success,2761
workflow_002496,pipeline_001546,project_00108,org_0012,integration-tests,2026-07-16T03:10:58+00:00,canceled,1790
workflow_002497,pipeline_001844,project_00126,org_0016,integration-tests,2026-08-23T21:35:44+00:00,success,2403
workflow_002498,pipeline_001058,project_00028,org_0055,lint,2026-08-11T09:07:40+00:00,success,2900
workflow_002499,pipeline_000437,project_00018,org_0047,lint,2026-04-30T12:38:53+00:00,failed,3532
workflow_002500,pipeline_002632,project_00149,org_0053,build-and-test,2026-04-02T15:50:50+00:00,failed,3579
workflow_002501,pipeline_001775,project_00151,org_0060,integration-tests,2026-07-14T14:32:47+00:00,success,3496
workflow_002502,pipeline_001069,project_00055,org_0032,integration-tests,2026-07-22T20:30:38+00:00,success,366
workflow_002503,pipeline_000331,project_00066,org_0081,build-and-test,2026-01-20T01:30:40+00:00,canceled,910
workflow_002504,pipeline_002145,project_00185,org_0064,test,2026-07-06T02:11:56+00:00,failed,2962
workflow_002505,pipeline_001836,project_00137,org_0014,build-and-test,2026-08-22T18:18:52+00:00,success,1997
workflow_002506,pipeline_001469,project_00164,org_0006,lint,2026-08-11T20:00:50+00:00,success,1364
workflow_002507,pipeline_000001,project_00164,org_0006,test,2026-08-08T15:18:37+00:00,success,3011
workflow_002508,pipeline_002070,project_00151,org_0060,lint,2026-05-21T09:14:08+00:00,canceled,2840
workflow_002509,pipeline_000393,project_00158,org_0014,lint,2026-04-14T15:20:23+00:00,success,1228
workflow_002510,pipeline_001069,project_00055,org_0032,integration-tests,2026-07-22T20:30:38+00:00,failed,2827
workflow_002511,pipeline_000741,project_00001,org_0020,deploy,2026-06-05T14:26:20+00:00,success,879
workflow_002512,pipeline_001508,project_00005,org_0062,integration-tests,2026-05-29T13:58:49+00:00,failed,1811
workflow_002513,pipeline_002358,project_00030,org_0063,integration-tests,2026-06-25T06:20:33+00:00,success,1169
workflow_002514,pipeline_001328,project_00182,org_0031,build-and-test,2026-02-19T01:29:00+00:00,success,3231
workflow_002515,pipeline_001676,project_00169,org_0005,lint,2026-03-14T09:36:42+00:00,failed,2391
workflow_002516,pipeline_000940,project_00127,org_0067,lint,2026-03-27T05:00:39+00:00,success,216
workflow_002517,pipeline_000556,project_00036,org_0011,test,2026-05-05T21:26:05+00:00,canceled,3287
workflow_002518,pipeline_002298,project_00067,org_0021,lint,2026-08-13T02:26:05+00:00,success,3435
workflow_002519,pipeline_002880,project_00165,org_0074,integration-tests,2026-02-03T00:44:44+00:00,success,1386
workflow_002520,pipeline_001826,project_00189,org_0026,build-and-test,2026-01-30T08:12:03+00:00,success,166
workflow_002521,pipeline_000533,project_00197,org_0023,test,2026-06-17T11:34:28+00:00,success,3561
workflow_002522,pipeline_002796,project_00083,org_0057,deploy,2026-08-05T01:02:01+00:00,success,3598
workflow_002523,pipeline_002891,project_00095,org_0082,lint,2026-08-07T03:24:11+00:00,success,736
workflow_002524,pipeline_001542,project_00020,org_0068,test,2026-05-21T16:51:09+00:00,success,3264
workflow_002525,pipeline_000293,project_00077,org_0016,lint,2026-01-04T13:07:19+00:00,failed,1051
workflow_002526,pipeline_002119,project_00005,org_0062,test,2026-07-18T03:50:46+00:00,success,3137
workflow_002527,pipeline_001668,project_00036,org_0011,integration-tests,2026-08-08T10:33:14+00:00,failed,2779
workflow_002528,pipeline_001579,project_00157,org_0058,deploy,2026-03-22T23:47:55+00:00,success,1466
workflow_002529,pipeline_000905,project_00127,org_0067,build-and-test,2026-05-21T23:23:51+00:00,failed,376
workflow_002530,pipeline_000090,project_00051,org_0038,build-and-test,2026-08-25T12:18:29+00:00,failed,608
workflow_002531,pipeline_001800,project_00027,org_0054,integration-tests,2026-04-27T12:46:30+00:00,success,2492
workflow_002532,pipeline_001366,project_00005,org_0062,build-and-test,2026-08-12T14:27:37+00:00,canceled,2530
workflow_002533,pipeline_002657,project_00115,org_0035,deploy,2026-06-21T07:00:46+00:00,success,1234
workflow_002534,pipeline_002633,project_00054,org_0032,integration-tests,2026-06-03T05:17:35+00:00,failed,633
workflow_002535,pipeline_002901,project_00004,org_0044,lint,2026-04-28T13:36:27+00:00,success,2177
workflow_002536,pipeline_001541,project_00114,org_0099,lint,2026-06-09T04:47:07+00:00,success,915
workflow_002537,pipeline_001587,project_00075,org_0017,test,2026-04-15T01:13:53+00:00,success,241
workflow_002538,pipeline_000796,project_00048,org_0018,lint,2026-03-23T23:17:59+00:00,success,1275
workflow_002539,pipeline_002786,project_00144,org_0031,test,2026-05-12T06:33:19+00:00,success,2467
workflow_002540,pipeline_001058,project_00028,org_0055,lint,2026-08-11T09:07:40+00:00,success,2478
workflow_002541,pipeline_001547,project_00117,org_0066,deploy,2026-01-07T00:35:04+00:00,success,2230
workflow_002542,pipeline_000295,project_00102,org_0099,deploy,2026-04-08T01:12:02+00:00,success,1548
workflow_002543,pipeline_001802,project_00170,org_0064,lint,2026-03-03T00:34:57+00:00,success,2954
workflow_002544,pipeline_000196,project_00167,org_0023,lint,2026-05-06T20:33:42+00:00,failed,3463
workflow_002545,pipeline_000509,project_00169,org_0005,lint,2026-06-23T11:06:33+00:00,success,3578
workflow_002546,pipeline_001464,project_00060,org_0001,lint,2026-02-07T11:49:19+00:00,success,1783
workflow_002547,pipeline_000709,project_00167,org_0023,lint,2026-04-28T05:25:05+00:00,failed,1619
workflow_002548,pipeline_001004,project_00030,org_0063,lint,2026-02-23T00:05:28+00:00,success,1312
workflow_002549,pipeline_002854,project_00038,org_0037,build-and-test,2026-04-14T14:25:59+00:00,success,2300
workflow_002550,pipeline_002480,project_00141,org_0059,lint,2026-07-03T22:39:40+00:00,failed,1115
workflow_002551,pipeline_002031,project_00026,org_0048,test,2026-08-07T05:10:17+00:00,success,2832
workflow_002552,pipeline_001175,project_00004,org_0044,deploy,2026-04-02T20:23:08+00:00,canceled,3467
workflow_002553,pipeline_002058,project_00111,org_0090,test,2026-04-01T12:25:24+00:00,success,1480
workflow_002554,pipeline_000780,project_00024,org_0011,lint,2026-06-04T21:37:50+00:00,failed,3254
workflow_002555,pipeline_001040,project_00113,org_0017,build-and-test,2026-06-14T03:49:26+00:00,canceled,3241
workflow_002556,pipeline_000984,project_00009,org_0087,lint,2026-08-23T07:45:33+00:00,success,1749
workflow_002557,pipeline_002284,project_00191,org_0076,lint,2026-08-07T02:23:57+00:00,success,1116
workflow_002558,pipeline_000616,project_00144,org_0031,build-and-test,2026-01-14T11:19:32+00:00,canceled,1996
workflow_002559,pipeline_001726,project_00103,org_0011,lint,2026-03-12T09:28:10+00:00,success,1292
workflow_002560,pipeline_002445,project_00069,org_0084,lint,2026-07-22T01:11:31+00:00,success,1250
workflow_002561,pipeline_000362,project_00063,org_0064,build-and-test,2026-01-28T19:46:13+00:00,success,1959
workflow_002562,pipeline_000851,project_00200,org_0024,deploy,2026-05-21T07:15:26+00:00,success,2439
workflow_002563,pipeline_000239,project_00189,org_0026,build-and-test,2026-01-27T15:33:30+00:00,success,220
workflow_002564,pipeline_002339,project_00071,org_0048,test,2026-07-26T04:03:31+00:00,failed,3291
workflow_002565,pipeline_001676,project_00169,org_0005,test,2026-03-14T09:36:42+00:00,success,3003
workflow_002566,pipeline_002074,project_00119,org_0033,deploy,2026-05-06T23:19:36+00:00,success,1219
workflow_002567,pipeline_002959,project_00165,org_0074,test,2026-01-11T21:26:52+00:00,success,2181
workflow_002568,pipeline_001367,project_00104,org_0040,lint,2026-01-15T08:56:28+00:00,success,1430
workflow_002569,pipeline_000739,project_00108,org_0012,deploy,2026-08-22T20:07:38+00:00,failed,563
workflow_002570,pipeline_001686,project_00179,org_0021,lint,2026-07-23T12:49:49+00:00,running,2615
workflow_002571,pipeline_002800,project_00103,org_0011,build-and-test,2026-01-25T12:52:35+00:00,failed,180
workflow_002572,pipeline_001066,project_00076,org_0002,lint,2026-02-03T06:50:51+00:00,success,2367
workflow_002573,pipeline_000323,project_00139,org_0092,build-and-test,2026-05-23T13:44:18+00:00,success,1035
workflow_002574,pipeline_001261,project_00155,org_0066,integration-tests,2026-01-30T23:38:32+00:00,running,2756
workflow_002575,pipeline_001482,project_00150,org_0099,lint,2026-07-02T21:50:22+00:00,success,2487
workflow_002576,pipeline_002824,project_00034,org_0084,integration-tests,2026-04-05T04:25:07+00:00,success,2453
workflow_002577,pipeline_001635,project_00040,org_0015,test,2026-02-09T23:48:30+00:00,running,385
workflow_002578,pipeline_002244,project_00100,org_0028,build-and-test,2026-06-21T17:30:16+00:00,failed,1333
workflow_002579,pipeline_002058,project_00111,org_0090,deploy,2026-04-01T12:25:24+00:00,failed,1864
workflow_002580,pipeline_001134,project_00183,org_0076,lint,2026-05-25T12:37:02+00:00,success,1307
workflow_002581,pipeline_002991,project_00033,org_0025,test,2026-01-01T10:13:41+00:00,success,1771
workflow_002582,pipeline_000381,project_00176,org_0024,integration-tests,2026-05-17T16:04:03+00:00,success,2683
workflow_002583,pipeline_001673,project_00166,org_0064,integration-tests,2026-04-23T02:46:35+00:00,success,30
workflow_002584,pipeline_001150,project_00105,org_0020,lint,2026-05-02T10:55:09+00:00,failed,1715
workflow_002585,pipeline_001638,project_00054,org_0032,lint,2026-03-07T06:47:59+00:00,success,633
workflow_002586,pipeline_002901,project_00004,org_0044,integration-tests,2026-04-28T13:36:27+00:00,success,1557
workflow_002587,pipeline_002917,project_00167,org_0023,deploy,2026-07-20T16:05:15+00:00,success,1435
workflow_002588,pipeline_002460,project_00199,org_0090,integration-tests,2026-01-10T09:37:39+00:00,success,2187
workflow_002589,pipeline_002630,project_00173,org_0032,integration-tests,2026-07-18T23:04:37+00:00,success,2972
workflow_002590,pipeline_000673,project_00142,org_0065,deploy,2026-06-08T04:08:43+00:00,failed,44
workflow_002591,pipeline_002991,project_00033,org_0025,deploy,2026-01-01T10:13:41+00:00,success,791
workflow_002592,pipeline_002034,project_00030,org_0063,lint,2026-02-26T22:50:32+00:00,canceled,3533
workflow_002593,pipeline_000072,project_00148,org_0022,test,2026-03-03T12:43:20+00:00,success,2000
workflow_002594,pipeline_002787,project_00149,org_0053,deploy,2026-04-05T10:23:50+00:00,success,1759
workflow_002595,pipeline_000716,project_00082,org_0009,deploy,2026-01-26T00:30:29+00:00,success,254
workflow_002596,pipeline_001453,project_00099,org_0003,build-and-test,2026-02-11T16:26:33+00:00,success,391
workflow_002597,pipeline_002179,project_00065,org_0044,lint,2026-08-16T10:45:24+00:00,success,1292
workflow_002598,pipeline_001985,project_00177,org_0029,test,2026-01-04T23:19:34+00:00,success,1027
workflow_002599,pipeline_000874,project_00063,org_0064,integration-tests,2026-08-14T01:49:23+00:00,success,399
workflow_002600,pipeline_001038,project_00078,org_0062,lint,2026-04-21T19:40:54+00:00,failed,2079
workflow_002601,pipeline_001391,project_00111,org_0090,deploy,2026-03-24T08:35:55+00:00,success,1255
workflow_002602,pipeline_001239,project_00024,org_0011,deploy,2026-05-06T11:04:33+00:00,success,1370
workflow_002603,pipeline_002481,project_00050,org_0077,test,2026-05-27T20:02:05+00:00,success,98
workflow_002604,pipeline_002754,project_00119,org_0033,deploy,2026-08-18T06:09:16+00:00,canceled,955
workflow_002605,pipeline_002067,project_00194,org_0042,lint,2026-03-04T15:05:27+00:00,success,3463
workflow_002606,pipeline_001464,project_00060,org_0001,build-and-test,2026-02-07T11:49:19+00:00,success,3092
workflow_002607,pipeline_002794,project_00053,org_0084,lint,2026-06-08T05:03:07+00:00,success,3581
workflow_002608,pipeline_002036,project_00177,org_0029,lint,2026-05-21T17:39:56+00:00,success,864
workflow_002609,pipeline_000370,project_00121,org_0032,deploy,2026-01-09T20:01:40+00:00,canceled,342
workflow_002610,pipeline_002071,project_00068,org_0055,deploy,2026-05-04T21:53:30+00:00,success,1485
workflow_002611,pipeline_002106,project_00014,org_0026,test,2026-05-07T19:33:18+00:00,success,1743
workflow_002612,pipeline_001304,project_00038,org_0037,integration-tests,2026-05-06T17:24:22+00:00,failed,1460
workflow_002613,pipeline_000861,project_00078,org_0062,integration-tests,2026-04-25T04:06:15+00:00,canceled,3207
workflow_002614,pipeline_002204,project_00116,org_0081,test,2026-08-24T12:23:52+00:00,success,2871
workflow_002615,pipeline_000488,project_00104,org_0040,lint,2026-05-29T04:26:38+00:00,success,1372
workflow_002616,pipeline_001408,project_00078,org_0062,integration-tests,2026-05-11T08:44:22+00:00,failed,267
workflow_002617,pipeline_002365,project_00164,org_0006,integration-tests,2026-07-07T17:49:48+00:00,success,2804
workflow_002618,pipeline_000312,project_00029,org_0089,deploy,2026-04-02T15:21:39+00:00,running,2299
workflow_002619,pipeline_001537,project_00188,org_0062,test,2026-06-12T08:47:20+00:00,success,2155
workflow_002620,pipeline_000454,project_00023,org_0023,lint,2026-05-10T10:29:08+00:00,success,3134
workflow_002621,pipeline_002543,project_00040,org_0015,deploy,2026-06-04T13:34:15+00:00,success,871
workflow_002622,pipeline_000398,project_00191,org_0076,integration-tests,2026-03-20T18:32:45+00:00,success,2211
workflow_002623,pipeline_002343,project_00107,org_0094,build-and-test,2026-06-30T00:32:04+00:00,success,2964
workflow_002624,pipeline_000169,project_00041,org_0047,build-and-test,2026-07-27T04:16:47+00:00,running,2212
workflow_002625,pipeline_000267,project_00128,org_0060,test,2026-02-22T05:22:00+00:00,failed,804
workflow_002626,pipeline_001062,project_00181,org_0050,deploy,2026-02-22T04:03:56+00:00,failed,3374
workflow_002627,pipeline_000709,project_00167,org_0023,test,2026-04-28T05:25:05+00:00,canceled,451
workflow_002628,pipeline_002823,project_00057,org_0049,integration-tests,2026-03-16T16:14:58+00:00,failed,2382
workflow_002629,pipeline_001898,project_00150,org_0099,deploy,2026-03-07T10:07:25+00:00,running,3499
workflow_002630,pipeline_000214,project_00039,org_0096,integration-tests,2026-08-24T03:46:18+00:00,failed,446
workflow_002631,pipeline_000711,project_00117,org_0066,build-and-test,2026-08-01T15:39:08+00:00,success,663
workflow_002632,pipeline_001935,project_00149,org_0053,deploy,2026-02-20T00:10:25+00:00,success,386
workflow_002633,pipeline_001212,project_00057,org_0049,lint,2026-04-19T14:53:52+00:00,success,1051
workflow_002634,pipeline_000344,project_00001,org_0020,test,2026-01-14T11:04:53+00:00,failed,1489
workflow_002635,pipeline_001485,project_00127,org_0067,deploy,2026-01-29T07:35:17+00:00,failed,287
workflow_002636,pipeline_001314,project_00042,org_0070,deploy,2026-07-30T18:55:00+00:00,success,271
workflow_002637,pipeline_001259,project_00024,org_0011,test,2026-07-22T12:44:31+00:00,success,1836
workflow_002638,pipeline_002183,project_00012,org_0052,build-and-test,2026-04-28T09:25:20+00:00,success,438
workflow_002639,pipeline_000195,project_00093,org_0038,integration-tests,2026-05-31T17:17:23+00:00,running,3062
workflow_002640,pipeline_001669,project_00052,org_0018,test,2026-03-10T18:48:15+00:00,success,1271
workflow_002641,pipeline_002719,project_00042,org_0070,test,2026-07-06T03:29:51+00:00,success,1696
workflow_002642,pipeline_002900,project_00162,org_0009,lint,2026-07-22T17:10:29+00:00,success,3307
workflow_002643,pipeline_001252,project_00020,org_0068,test,2026-01-05T20:18:02+00:00,running,1273
workflow_002644,pipeline_000491,project_00166,org_0064,integration-tests,2026-01-07T02:24:26+00:00,failed,782
workflow_002645,pipeline_002448,project_00157,org_0058,integration-tests,2026-06-22T20:24:25+00:00,success,1695
workflow_002646,pipeline_002515,project_00071,org_0048,integration-tests,2026-05-11T04:12:32+00:00,success,655
workflow_002647,pipeline_000226,project_00046,org_0095,lint,2026-05-24T18:38:05+00:00,success,366
workflow_002648,pipeline_002532,project_00013,org_0051,build-and-test,2026-07-17T01:18:21+00:00,success,458
workflow_002649,pipeline_002846,project_00183,org_0076,lint,2026-06-23T18:31:50+00:00,running,1588
workflow_002650,pipeline_002827,project_00059,org_0059,integration-tests,2026-01-21T20:30:41+00:00,success,271
workflow_002651,pipeline_002877,project_00174,org_0062,integration-tests,2026-07-06T17:48:49+00:00,success,685
workflow_002652,pipeline_002721,project_00110,org_0016,test,2026-08-18T10:46:23+00:00,success,3061
workflow_002653,pipeline_000506,project_00033,org_0025,lint,2026-07-16T08:29:50+00:00,success,1739
workflow_002654,pipeline_002063,project_00180,org_0035,deploy,2026-01-30T10:19:06+00:00,success,372
workflow_002655,pipeline_002593,project_00094,org_0050,lint,2026-01-01T20:59:06+00:00,success,2643
workflow_002656,pipeline_001648,project_00096,org_0047,deploy,2026-03-11T12:27:11+00:00,success,1590
workflow_002657,pipeline_002533,project_00075,org_0017,integration-tests,2026-04-21T23:31:02+00:00,failed,628
workflow_002658,pipeline_000125,project_00128,org_0060,integration-tests,2026-01-02T16:25:46+00:00,success,1139
workflow_002659,pipeline_002034,project_00030,org_0063,integration-tests,2026-02-26T22:50:32+00:00,failed,2931
workflow_002660,pipeline_000354,project_00014,org_0026,build-and-test,2026-04-29T08:47:13+00:00,success,2359
workflow_002661,pipeline_000944,project_00075,org_0017,deploy,2026-06-21T00:54:04+00:00,success,2627
workflow_002662,pipeline_002595,project_00101,org_0065,test,2026-05-23T03:44:41+00:00,success,3143
workflow_002663,pipeline_000544,project_00125,org_0035,integration-tests,2026-02-02T22:58:32+00:00,success,231
workflow_002664,pipeline_002882,project_00080,org_0048,deploy,2026-06-08T17:03:43+00:00,success,154
workflow_002665,pipeline_000191,project_00003,org_0015,lint,2026-04-03T18:31:49+00:00,canceled,1124
workflow_002666,pipeline_002290,project_00170,org_0064,test,2026-06-20T19:48:21+00:00,success,3040
workflow_002667,pipeline_000528,project_00197,org_0023,test,2026-06-15T19:46:25+00:00,failed,2309
workflow_002668,pipeline_001897,project_00011,org_0043,build-and-test,2026-05-29T03:51:13+00:00,success,1462
workflow_002669,pipeline_000362,project_00063,org_0064,test,2026-01-28T19:46:13+00:00,success,2967
workflow_002670,pipeline_000184,project_00028,org_0055,test,2026-03-10T06:17:47+00:00,success,2126
workflow_002671,pipeline_002632,project_00149,org_0053,build-and-test,2026-04-02T15:50:50+00:00,failed,633
workflow_002672,pipeline_002588,project_00063,org_0064,integration-tests,2026-02-14T15:44:31+00:00,success,3331
workflow_002673,pipeline_001557,project_00185,org_0064,build-and-test,2026-08-17T09:18:39+00:00,success,147
workflow_002674,pipeline_000711,project_00117,org_0066,deploy,2026-08-01T15:39:08+00:00,success,1744
workflow_002675,pipeline_001469,project_00164,org_0006,test,2026-08-11T20:00:50+00:00,failed,1109
workflow_002676,pipeline_001848,project_00093,org_0038,lint,2026-05-01T09:14:20+00:00,failed,2516
workflow_002677,pipeline_001398,project_00180,org_0035,build-and-test,2026-06-07T02:46:00+00:00,failed,125
workflow_002678,pipeline_001054,project_00030,org_0063,build-and-test,2026-02-05T20:21:08+00:00,success,3014
workflow_002679,pipeline_002394,project_00074,org_0001,integration-tests,2026-04-15T14:37:09+00:00,success,1636
workflow_002680,pipeline_002818,project_00046,org_0095,test,2026-01-19T05:40:59+00:00,success,414
workflow_002681,pipeline_001594,project_00024,org_0011,test,2026-05-10T10:28:12+00:00,success,1481
workflow_002682,pipeline_001768,project_00074,org_0001,deploy,2026-01-11T01:46:58+00:00,success,2319
workflow_002683,pipeline_002016,project_00094,org_0050,integration-tests,2026-05-12T04:32:11+00:00,success,2120
workflow_002684,pipeline_001814,project_00164,org_0006,lint,2026-05-14T02:07:13+00:00,success,2885
workflow_002685,pipeline_002513,project_00036,org_0011,integration-tests,2026-06-08T04:06:56+00:00,failed,333
workflow_002686,pipeline_000844,project_00006,org_0057,lint,2026-01-11T19:57:54+00:00,success,244
workflow_002687,pipeline_001707,project_00116,org_0081,deploy,2026-07-14T23:33:11+00:00,failed,595
workflow_002688,pipeline_002424,project_00195,org_0082,build-and-test,2026-04-04T15:50:26+00:00,failed,430
workflow_002689,pipeline_002978,project_00161,org_0075,deploy,2026-03-14T12:49:26+00:00,success,67
workflow_002690,pipeline_001145,project_00176,org_0024,lint,2026-07-19T10:46:35+00:00,failed,1164
workflow_002691,pipeline_002726,project_00095,org_0082,lint,2026-06-14T08:24:30+00:00,canceled,356
workflow_002692,pipeline_002366,project_00169,org_0005,integration-tests,2026-07-11T23:54:38+00:00,success,2114
workflow_002693,pipeline_000069,project_00052,org_0018,deploy,2026-05-14T01:54:53+00:00,success,3142
workflow_002694,pipeline_002954,project_00021,org_0079,test,2026-05-05T02:01:34+00:00,failed,2164
workflow_002695,pipeline_002404,project_00053,org_0084,test,2026-06-01T03:42:35+00:00,failed,2324
workflow_002696,pipeline_000691,project_00196,org_0023,integration-tests,2026-02-12T11:30:50+00:00,success,330
workflow_002697,pipeline_002414,project_00066,org_0081,build-and-test,2026-02-08T09:12:18+00:00,success,3343
workflow_002698,pipeline_002308,project_00122,org_0050,build-and-test,2026-01-12T21:10:15+00:00,canceled,985
workflow_002699,pipeline_001261,project_00155,org_0066,lint,2026-01-30T23:38:32+00:00,success,1010
workflow_002700,pipeline_002411,project_00100,org_0028,test,2026-04-15T17:13:20+00:00,failed,3042
workflow_002701,pipeline_001675,project_00056,org_0074,lint,2026-07-01T15:10:11+00:00,success,260
workflow_002702,pipeline_002312,project_00097,org_0073,test,2026-02-02T04:28:56+00:00,failed,546
workflow_002703,pipeline_002694,project_00187,org_0078,lint,2026-08-10T13:35:44+00:00,success,3338
workflow_002704,pipeline_002280,project_00076,org_0002,test,2026-05-26T06:15:53+00:00,failed,3139
workflow_002705,pipeline_002118,project_00040,org_0015,lint,2026-02-23T11:12:23+00:00,failed,2195
workflow_002706,pipeline_001696,project_00126,org_0016,test,2026-08-16T17:54:50+00:00,success,2736
workflow_002707,pipeline_000612,project_00096,org_0047,integration-tests,2026-04-22T21:43:05+00:00,failed,1535
workflow_002708,pipeline_002718,project_00037,org_0005,integration-tests,2026-07-07T03:11:25+00:00,success,680
workflow_002709,pipeline_002153,project_00023,org_0023,deploy,2026-08-22T20:27:44+00:00,failed,36
workflow_002710,pipeline_000454,project_00023,org_0023,integration-tests,2026-05-10T10:29:08+00:00,success,1035
workflow_002711,pipeline_001530,project_00019,org_0015,deploy,2026-06-15T15:02:17+00:00,success,2118
workflow_002712,pipeline_002107,project_00185,org_0064,test,2026-05-26T15:31:26+00:00,success,3009
workflow_002713,pipeline_001221,project_00186,org_0005,lint,2026-07-24T13:55:55+00:00,success,1707
workflow_002714,pipeline_002618,project_00047,org_0081,lint,2026-07-23T08:09:53+00:00,success,2531
workflow_002715,pipeline_001636,project_00027,org_0054,test,2026-02-19T04:58:03+00:00,success,2289
workflow_002716,pipeline_000897,project_00118,org_0073,lint,2026-08-21T19:52:20+00:00,running,3036
workflow_002717,pipeline_001150,project_00105,org_0020,integration-tests,2026-05-02T10:55:09+00:00,success,2384
workflow_002718,pipeline_001946,project_00014,org_0026,test,2026-05-20T04:03:34+00:00,success,976
workflow_002719,pipeline_001464,project_00060,org_0001,deploy,2026-02-07T11:49:19+00:00,success,1986
workflow_002720,pipeline_001321,project_00096,org_0047,test,2026-03-28T23:14:25+00:00,failed,2934
workflow_002721,pipeline_001351,project_00043,org_0095,integration-tests,2026-03-21T22:29:29+00:00,success,2090
workflow_002722,pipeline_002868,project_00192,org_0047,integration-tests,2026-05-29T02:19:57+00:00,success,2231
workflow_002723,pipeline_002903,project_00131,org_0095,lint,2026-05-03T01:59:49+00:00,canceled,386
workflow_002724,pipeline_002810,project_00032,org_0046,build-and-test,2026-08-27T08:04:17+00:00,failed,1222
workflow_002725,pipeline_002157,project_00021,org_0079,lint,2026-06-12T17:08:23+00:00,failed,670
workflow_002726,pipeline_001756,project_00085,org_0088,lint,2026-03-03T20:28:19+00:00,success,522
workflow_002727,pipeline_002671,project_00017,org_0074,build-and-test,2026-06-27T13:06:10+00:00,failed,2564
workflow_002728,pipeline_002020,project_00139,org_0092,lint,2026-06-25T15:55:34+00:00,success,947
workflow_002729,pipeline_001099,project_00075,org_0017,integration-tests,2026-05-27T07:10:44+00:00,success,3254
workflow_002730,pipeline_001304,project_00038,org_0037,build-and-test,2026-05-06T17:24:22+00:00,failed,3219
workflow_002731,pipeline_002627,project_00094,org_0050,lint,2026-01-10T23:09:42+00:00,success,487
workflow_002732,pipeline_002505,project_00151,org_0060,lint,2026-02-11T10:56:34+00:00,success,2482
workflow_002733,pipeline_001749,project_00147,org_0018,deploy,2026-06-08T18:03:41+00:00,canceled,62
workflow_002734,pipeline_000205,project_00063,org_0064,integration-tests,2026-01-17T18:08:03+00:00,canceled,1467
workflow_002735,pipeline_002066,project_00089,org_0083,deploy,2026-04-04T12:08:43+00:00,success,481
workflow_002736,pipeline_001623,project_00103,org_0011,deploy,2026-01-04T14:17:44+00:00,failed,381
workflow_002737,pipeline_001341,project_00169,org_0005,integration-tests,2026-08-09T07:33:42+00:00,success,2648
workflow_002738,pipeline_000636,project_00150,org_0099,deploy,2026-04-29T00:41:14+00:00,canceled,622
workflow_002739,pipeline_000518,project_00157,org_0058,integration-tests,2026-04-16T20:43:42+00:00,success,2247
workflow_002740,pipeline_000881,project_00037,org_0005,test,2026-06-10T07:47:14+00:00,failed,2488
workflow_002741,pipeline_000686,project_00130,org_0026,lint,2026-04-12T14:53:49+00:00,success,2296
workflow_002742,pipeline_000200,project_00125,org_0035,integration-tests,2026-07-07T05:35:30+00:00,success,3168
workflow_002743,pipeline_001041,project_00124,org_0032,lint,2026-01-08T16:39:09+00:00,success,231
workflow_002744,pipeline_000340,project_00137,org_0014,integration-tests,2026-08-21T23:37:11+00:00,running,1154
workflow_002745,pipeline_000034,project_00138,org_0054,deploy,2026-05-14T13:05:34+00:00,success,1258
workflow_002746,pipeline_002268,project_00097,org_0073,build-and-test,2026-02-22T18:43:10+00:00,success,3529
workflow_002747,pipeline_001367,project_00104,org_0040,deploy,2026-01-15T08:56:28+00:00,success,1021
workflow_002748,pipeline_001535,project_00150,org_0099,integration-tests,2026-01-13T15:50:58+00:00,success,3089
workflow_002749,pipeline_001991,project_00028,org_0055,build-and-test,2026-02-16T08:53:42+00:00,canceled,1366
workflow_002750,pipeline_001070,project_00125,org_0035,test,2026-07-03T18:50:23+00:00,success,94
workflow_002751,pipeline_001414,project_00053,org_0084,deploy,2026-02-04T16:05:37+00:00,success,1639
workflow_002752,pipeline_000168,project_00023,org_0023,integration-tests,2026-04-20T07:55:57+00:00,failed,2014
workflow_002753,pipeline_001095,project_00138,org_0054,lint,2026-06-28T21:07:44+00:00,success,594
workflow_002754,pipeline_002031,project_00026,org_0048,deploy,2026-08-07T05:10:17+00:00,success,1392
workflow_002755,pipeline_000845,project_00186,org_0005,lint,2026-06-14T04:16:37+00:00,canceled,3522
workflow_002756,pipeline_001225,project_00052,org_0018,integration-tests,2026-02-24T01:43:06+00:00,success,468
workflow_002757,pipeline_002455,project_00138,org_0054,deploy,2026-02-06T07:49:25+00:00,failed,3392
workflow_002758,pipeline_001430,project_00036,org_0011,lint,2026-03-19T11:32:12+00:00,success,2596
workflow_002759,pipeline_002797,project_00043,org_0095,deploy,2026-05-20T22:23:24+00:00,failed,1522
workflow_002760,pipeline_000175,project_00030,org_0063,deploy,2026-03-12T10:22:44+00:00,running,1493
workflow_002761,pipeline_001315,project_00180,org_0035,deploy,2026-08-29T22:19:40+00:00,success,3556
workflow_002762,pipeline_000081,project_00059,org_0059,lint,2026-03-29T02:49:35+00:00,success,1340
workflow_002763,pipeline_002249,project_00147,org_0018,deploy,2026-05-15T01:20:58+00:00,success,680
workflow_002764,pipeline_001583,project_00025,org_0031,deploy,2026-03-27T00:34:49+00:00,success,921
workflow_002765,pipeline_002488,project_00104,org_0040,test,2026-03-30T23:10:17+00:00,success,2656
workflow_002766,pipeline_002098,project_00153,org_0006,test,2026-08-23T23:46:03+00:00,success,1649
workflow_002767,pipeline_000011,project_00087,org_0094,lint,2026-08-19T16:45:57+00:00,success,3211
workflow_002768,pipeline_000092,project_00054,org_0032,lint,2026-07-06T16:06:45+00:00,failed,366
workflow_002769,pipeline_002730,project_00132,org_0076,integration-tests,2026-02-17T15:03:28+00:00,failed,439
workflow_002770,pipeline_002487,project_00041,org_0047,integration-tests,2026-05-18T17:49:14+00:00,success,2009
workflow_002771,pipeline_001535,project_00150,org_0099,test,2026-01-13T15:50:58+00:00,success,2375
workflow_002772,pipeline_002776,project_00144,org_0031,test,2026-07-16T00:01:15+00:00,success,3280
workflow_002773,pipeline_001257,project_00175,org_0065,integration-tests,2026-06-26T10:21:01+00:00,failed,1418
workflow_002774,pipeline_000844,project_00006,org_0057,build-and-test,2026-01-11T19:57:54+00:00,success,1158
workflow_002775,pipeline_002540,project_00050,org_0077,integration-tests,2026-03-10T00:16:14+00:00,success,3140
workflow_002776,pipeline_002757,project_00123,org_0071,deploy,2026-08-10T18:16:21+00:00,success,2668
workflow_002777,pipeline_001378,project_00172,org_0018,integration-tests,2026-02-17T12:36:06+00:00,success,1832
workflow_002778,pipeline_001823,project_00102,org_0099,lint,2026-07-08T21:10:50+00:00,success,3225
workflow_002779,pipeline_001308,project_00056,org_0074,integration-tests,2026-03-14T21:05:22+00:00,failed,2001
workflow_002780,pipeline_000077,project_00151,org_0060,test,2026-04-29T21:11:58+00:00,success,3000
workflow_002781,pipeline_002510,project_00020,org_0068,test,2026-05-01T20:51:13+00:00,success,2931
workflow_002782,pipeline_000862,project_00151,org_0060,test,2026-06-13T19:03:35+00:00,success,3166
workflow_002783,pipeline_001770,project_00163,org_0017,integration-tests,2026-04-29T08:23:43+00:00,success,2047
workflow_002784,pipeline_000418,project_00002,org_0014,test,2026-08-25T02:49:15+00:00,failed,3309
workflow_002785,pipeline_002309,project_00061,org_0082,deploy,2026-07-08T22:41:40+00:00,canceled,3003
workflow_002786,pipeline_000011,project_00087,org_0094,integration-tests,2026-08-19T16:45:57+00:00,success,2538
workflow_002787,pipeline_000221,project_00182,org_0031,lint,2026-01-03T18:18:28+00:00,success,2872
workflow_002788,pipeline_000988,project_00108,org_0012,test,2026-07-05T17:37:25+00:00,failed,1446
workflow_002789,pipeline_000863,project_00056,org_0074,test,2026-03-13T02:24:09+00:00,success,1941
workflow_002790,pipeline_000512,project_00061,org_0082,build-and-test,2026-06-20T22:49:17+00:00,success,479
workflow_002791,pipeline_000505,project_00014,org_0026,test,2026-04-24T07:20:13+00:00,success,1923
workflow_002792,pipeline_001864,project_00033,org_0025,deploy,2026-03-27T04:07:40+00:00,failed,2547
workflow_002793,pipeline_001077,project_00163,org_0017,deploy,2026-05-20T21:21:34+00:00,success,3383
workflow_002794,pipeline_002701,project_00120,org_0030,test,2026-02-24T05:29:34+00:00,failed,2011
workflow_002795,pipeline_000547,project_00137,org_0014,deploy,2026-06-24T11:50:50+00:00,success,1526
workflow_002796,pipeline_001919,project_00164,org_0006,integration-tests,2026-03-14T07:26:11+00:00,success,1072
workflow_002797,pipeline_000426,project_00024,org_0011,deploy,2026-04-27T05:37:36+00:00,success,2684
workflow_002798,pipeline_002996,project_00112,org_0045,lint,2026-03-24T02:43:34+00:00,success,1641
workflow_002799,pipeline_002188,project_00108,org_0012,test,2026-07-03T22:48:45+00:00,failed,1562
workflow_002800,pipeline_001916,project_00200,org_0024,deploy,2026-03-08T19:41:48+00:00,success,1316
workflow_002801,pipeline_000622,project_00036,org_0011,deploy,2026-08-02T23:19:09+00:00,failed,2227
workflow_002802,pipeline_001503,project_00072,org_0081,test,2026-01-31T11:10:13+00:00,success,102
workflow_002803,pipeline_002762,project_00118,org_0073,integration-tests,2026-07-29T22:17:39+00:00,failed,3457
workflow_002804,pipeline_001410,project_00078,org_0062,lint,2026-05-10T14:40:18+00:00,failed,1264
workflow_002805,pipeline_001999,project_00098,org_0088,test,2026-03-01T10:58:20+00:00,canceled,430
workflow_002806,pipeline_002678,project_00082,org_0009,lint,2026-08-04T21:46:29+00:00,success,666
workflow_002807,pipeline_002175,project_00083,org_0057,test,2026-05-01T07:40:18+00:00,success,511
workflow_002808,pipeline_000793,project_00197,org_0023,lint,2026-07-15T12:26:36+00:00,success,904
workflow_002809,pipeline_002684,project_00171,org_0008,test,2026-08-20T10:09:04+00:00,success,1261
workflow_002810,pipeline_000075,project_00083,org_0057,lint,2026-07-26T05:35:37+00:00,success,1670
workflow_002811,pipeline_002429,project_00025,org_0031,lint,2026-01-15T05:17:04+00:00,success,423
workflow_002812,pipeline_001043,project_00098,org_0088,lint,2026-06-30T01:32:33+00:00,success,2033
workflow_002813,pipeline_002951,project_00081,org_0100,deploy,2026-04-15T02:24:00+00:00,running,539
workflow_002814,pipeline_002278,project_00103,org_0011,test,2026-07-01T02:41:17+00:00,failed,2372
workflow_002815,pipeline_001393,project_00167,org_0023,build-and-test,2026-05-29T13:22:06+00:00,success,917
workflow_002816,pipeline_002046,project_00189,org_0026,test,2026-08-11T18:49:47+00:00,success,3169
workflow_002817,pipeline_001649,project_00050,org_0077,build-and-test,2026-01-03T04:19:52+00:00,success,134
workflow_002818,pipeline_000783,project_00176,org_0024,integration-tests,2026-08-23T09:09:16+00:00,failed,442
workflow_002819,pipeline_000080,project_00193,org_0076,build-and-test,2026-03-15T04:15:28+00:00,success,2552
workflow_002820,pipeline_002777,project_00172,org_0018,build-and-test,2026-07-05T07:13:37+00:00,success,191
workflow_002821,pipeline_000430,project_00023,org_0023,lint,2026-07-07T20:03:56+00:00,failed,1599
workflow_002822,pipeline_001885,project_00157,org_0058,integration-tests,2026-06-14T16:06:47+00:00,failed,1134
workflow_002823,pipeline_002354,project_00169,org_0005,build-and-test,2026-04-24T12:35:18+00:00,success,1801
workflow_002824,pipeline_002871,project_00128,org_0060,integration-tests,2026-01-12T16:23:56+00:00,success,2196
workflow_002825,pipeline_001281,project_00018,org_0047,test,2026-04-19T18:52:57+00:00,success,1659
workflow_002826,pipeline_002883,project_00001,org_0020,deploy,2026-03-19T02:40:25+00:00,success,3299
workflow_002827,pipeline_001496,project_00015,org_0050,integration-tests,2026-01-30T18:04:21+00:00,failed,998
workflow_002828,pipeline_002723,project_00082,org_0009,integration-tests,2026-04-12T09:16:22+00:00,failed,2427
workflow_002829,pipeline_001738,project_00143,org_0010,lint,2026-07-10T14:11:08+00:00,success,1053
workflow_002830,pipeline_001446,project_00025,org_0031,deploy,2026-04-07T00:07:39+00:00,failed,2023
workflow_002831,pipeline_000984,project_00009,org_0087,test,2026-08-23T07:45:33+00:00,failed,3288
workflow_002832,pipeline_001459,project_00091,org_0085,integration-tests,2026-08-07T16:55:03+00:00,success,216
workflow_002833,pipeline_002004,project_00185,org_0064,build-and-test,2026-03-07T23:43:29+00:00,success,574
workflow_002834,pipeline_002188,project_00108,org_0012,integration-tests,2026-07-03T22:48:45+00:00,success,3221
workflow_002835,pipeline_000350,project_00186,org_0005,deploy,2026-05-07T02:20:57+00:00,success,1444
workflow_002836,pipeline_000437,project_00018,org_0047,deploy,2026-04-30T12:38:53+00:00,success,334
workflow_002837,pipeline_001115,project_00032,org_0046,deploy,2026-07-09T23:50:46+00:00,success,1947
workflow_002838,pipeline_001270,project_00186,org_0005,deploy,2026-05-19T04:38:38+00:00,success,1298
workflow_002839,pipeline_002517,project_00094,org_0050,deploy,2026-01-09T06:06:12+00:00,success,3515
workflow_002840,pipeline_002755,project_00155,org_0066,deploy,2026-08-05T03:20:51+00:00,success,2947
workflow_002841,pipeline_002979,project_00057,org_0049,integration-tests,2026-04-30T12:06:51+00:00,success,3178
workflow_002842,pipeline_000257,project_00014,org_0026,test,2026-07-24T04:12:34+00:00,success,121
workflow_002843,pipeline_000803,project_00161,org_0075,build-and-test,2026-07-29T03:57:11+00:00,success,1898
workflow_002844,pipeline_002759,project_00153,org_0006,deploy,2026-04-23T06:39:43+00:00,failed,3201
workflow_002845,pipeline_002576,project_00034,org_0084,lint,2026-07-01T15:32:17+00:00,failed,2326
workflow_002846,pipeline_000629,project_00115,org_0035,lint,2026-08-06T21:12:24+00:00,failed,2133
workflow_002847,pipeline_000714,project_00187,org_0078,test,2026-01-24T06:08:15+00:00,success,2771
workflow_002848,pipeline_001701,project_00080,org_0048,deploy,2026-05-31T05:22:54+00:00,failed,1958
workflow_002849,pipeline_002422,project_00145,org_0051,test,2026-05-19T14:25:57+00:00,failed,3306
workflow_002850,pipeline_000280,project_00043,org_0095,deploy,2026-03-13T09:56:36+00:00,failed,3568
workflow_002851,pipeline_002143,project_00010,org_0067,lint,2026-07-13T04:19:20+00:00,success,2419
workflow_002852,pipeline_000425,project_00144,org_0031,build-and-test,2026-03-10T21:40:02+00:00,failed,2783
workflow_002853,pipeline_000527,project_00076,org_0002,deploy,2026-07-01T08:20:29+00:00,failed,710
workflow_002854,pipeline_000310,project_00041,org_0047,test,2026-01-17T09:12:04+00:00,success,711
workflow_002855,pipeline_001321,project_00096,org_0047,deploy,2026-03-28T23:14:25+00:00,failed,368
workflow_002856,pipeline_000444,project_00017,org_0074,integration-tests,2026-02-27T23:37:21+00:00,success,2659
workflow_002857,pipeline_002239,project_00112,org_0045,integration-tests,2026-08-14T02:36:49+00:00,failed,631
workflow_002858,pipeline_001365,project_00084,org_0081,integration-tests,2026-08-18T14:06:50+00:00,failed,1645
workflow_002859,pipeline_001305,project_00039,org_0096,lint,2026-06-28T03:00:44+00:00,canceled,2607
workflow_002860,pipeline_002577,project_00032,org_0046,test,2026-03-15T22:32:14+00:00,success,1554
workflow_002861,pipeline_002868,project_00192,org_0047,deploy,2026-05-29T02:19:57+00:00,success,2841
workflow_002862,pipeline_001299,project_00183,org_0076,test,2026-06-25T07:32:52+00:00,success,342
workflow_002863,pipeline_000449,project_00096,org_0047,integration-tests,2026-01-15T12:32:49+00:00,success,3194
workflow_002864,pipeline_002817,project_00078,org_0062,integration-tests,2026-02-22T18:33:22+00:00,success,3161
workflow_002865,pipeline_002852,project_00100,org_0028,test,2026-04-06T21:37:43+00:00,success,1594
workflow_002866,pipeline_001844,project_00126,org_0016,deploy,2026-08-23T21:35:44+00:00,success,104
workflow_002867,pipeline_002815,project_00132,org_0076,test,2026-08-13T23:10:37+00:00,success,874
workflow_002868,pipeline_002264,project_00129,org_0012,integration-tests,2026-07-15T22:22:17+00:00,success,2459
workflow_002869,pipeline_000887,project_00105,org_0020,lint,2026-06-23T04:51:21+00:00,failed,2988
workflow_002870,pipeline_001757,project_00192,org_0047,integration-tests,2026-01-13T13:16:05+00:00,success,438
workflow_002871,pipeline_002200,project_00038,org_0037,test,2026-01-27T09:45:00+00:00,failed,358
workflow_002872,pipeline_001066,project_00076,org_0002,lint,2026-02-03T06:50:51+00:00,success,709
workflow_002873,pipeline_000115,project_00155,org_0066,build-and-test,2026-08-29T10:06:53+00:00,success,2169
workflow_002874,pipeline_000999,project_00127,org_0067,deploy,2026-06-09T17:23:24+00:00,success,1123
workflow_002875,pipeline_000245,project_00199,org_0090,build-and-test,2026-06-28T04:46:38+00:00,success,1844
workflow_002876,pipeline_000693,project_00015,org_0050,integration-tests,2026-06-01T23:58:15+00:00,success,1624
workflow_002877,pipeline_000047,project_00151,org_0060,deploy,2026-08-03T02:48:09+00:00,success,2002
workflow_002878,pipeline_001618,project_00081,org_0100,test,2026-04-02T13:14:59+00:00,success,2007
workflow_002879,pipeline_000190,project_00119,org_0033,integration-tests,2026-07-14T14:48:23+00:00,success,1757
workflow_002880,pipeline_002710,project_00171,org_0008,lint,2026-05-07T20:29:55+00:00,success,2256
workflow_002881,pipeline_000972,project_00149,org_0053,lint,2026-01-05T14:49:46+00:00,success,3062
workflow_002882,pipeline_002473,project_00044,org_0058,test,2026-08-13T00:24:01+00:00,success,1754
workflow_002883,pipeline_002680,project_00064,org_0044,lint,2026-01-08T14:18:55+00:00,failed,299
workflow_002884,pipeline_002608,project_00051,org_0038,lint,2026-07-29T10:21:41+00:00,success,414
workflow_002885,pipeline_002044,project_00115,org_0035,deploy,2026-06-18T03:23:00+00:00,success,2264
workflow_002886,pipeline_002145,project_00185,org_0064,integration-tests,2026-07-06T02:11:56+00:00,success,232
workflow_002887,pipeline_002691,project_00016,org_0027,test,2026-01-16T16:54:27+00:00,success,1627
workflow_002888,pipeline_002353,project_00006,org_0057,deploy,2026-02-08T15:02:01+00:00,success,3417
workflow_002889,pipeline_002750,project_00147,org_0018,deploy,2026-01-02T04:12:45+00:00,success,1248
workflow_002890,pipeline_002681,project_00199,org_0090,test,2026-07-13T10:47:25+00:00,failed,1081
workflow_002891,pipeline_002519,project_00110,org_0016,lint,2026-01-07T23:28:53+00:00,success,477
workflow_002892,pipeline_002412,project_00005,org_0062,integration-tests,2026-04-02T00:57:42+00:00,success,181
workflow_002893,pipeline_001323,project_00004,org_0044,deploy,2026-01-11T04:38:17+00:00,success,113
workflow_002894,pipeline_001585,project_00119,org_0033,test,2026-05-04T20:25:08+00:00,failed,2361
workflow_002895,pipeline_000136,project_00134,org_0053,integration-tests,2026-02-11T08:22:36+00:00,failed,3104
workflow_002896,pipeline_001993,project_00123,org_0071,build-and-test,2026-02-12T11:09:32+00:00,success,565
workflow_002897,pipeline_001378,project_00172,org_0018,build-and-test,2026-02-17T12:36:06+00:00,failed,2471
workflow_002898,pipeline_001846,project_00066,org_0081,build-and-test,2026-07-17T13:45:22+00:00,success,313
workflow_002899,pipeline_001531,project_00093,org_0038,integration-tests,2026-05-11T02:17:37+00:00,success,799
workflow_002900,pipeline_001627,project_00192,org_0047,integration-tests,2026-02-22T13:27:11+00:00,success,1632
workflow_002901,pipeline_001903,project_00022,org_0045,build-and-test,2026-01-06T00:28:48+00:00,success,747
workflow_002902,pipeline_000483,project_00174,org_0062,test,2026-04-29T06:36:46+00:00,canceled,304
workflow_002903,pipeline_002451,project_00059,org_0059,deploy,2026-07-27T04:58:48+00:00,success,1660
workflow_002904,pipeline_002985,project_00194,org_0042,deploy,2026-08-07T11:33:31+00:00,failed,1426
workflow_002905,pipeline_000704,project_00158,org_0014,lint,2026-04-27T07:44:13+00:00,failed,605
workflow_002906,pipeline_000714,project_00187,org_0078,build-and-test,2026-01-24T06:08:15+00:00,success,3040
workflow_002907,pipeline_000103,project_00008,org_0003,integration-tests,2026-02-20T17:47:45+00:00,failed,1895
workflow_002908,pipeline_001503,project_00072,org_0081,test,2026-01-31T11:10:13+00:00,success,609
workflow_002909,pipeline_002472,project_00059,org_0059,deploy,2026-05-05T21:54:21+00:00,success,1537
workflow_002910,pipeline_002234,project_00196,org_0023,deploy,2026-03-27T09:21:30+00:00,failed,3419
workflow_002911,pipeline_001221,project_00186,org_0005,deploy,2026-07-24T13:55:55+00:00,failed,2575
workflow_002912,pipeline_002617,project_00139,org_0092,build-and-test,2026-03-10T07:34:26+00:00,success,1513
workflow_002913,pipeline_001838,project_00078,org_0062,deploy,2026-03-05T09:57:46+00:00,failed,1366
workflow_002914,pipeline_000346,project_00006,org_0057,lint,2026-04-18T04:06:24+00:00,success,1069
workflow_002915,pipeline_001546,project_00108,org_0012,integration-tests,2026-07-16T03:10:58+00:00,success,2857
workflow_002916,pipeline_002892,project_00076,org_0002,test,2026-08-04T03:17:29+00:00,success,697
workflow_002917,pipeline_000334,project_00069,org_0084,test,2026-07-25T10:49:53+00:00,success,3338
workflow_002918,pipeline_000363,project_00023,org_0023,deploy,2026-02-13T16:51:15+00:00,canceled,1031
workflow_002919,pipeline_000776,project_00021,org_0079,build-and-test,2026-06-28T17:41:02+00:00,success,1535
workflow_002920,pipeline_002103,project_00041,org_0047,integration-tests,2026-08-19T15:02:13+00:00,failed,2349
workflow_002921,pipeline_002369,project_00107,org_0094,build-and-test,2026-01-03T21:19:31+00:00,canceled,1418
workflow_002922,pipeline_002470,project_00093,org_0038,lint,2026-07-20T08:26:59+00:00,success,2049
workflow_002923,pipeline_000334,project_00069,org_0084,lint,2026-07-25T10:49:53+00:00,failed,817
workflow_002924,pipeline_000134,project_00195,org_0082,test,2026-05-17T19:05:39+00:00,success,1880
workflow_002925,pipeline_000234,project_00199,org_0090,integration-tests,2026-03-10T01:38:43+00:00,success,560
workflow_002926,pipeline_001039,project_00124,org_0032,lint,2026-02-01T01:48:10+00:00,success,411
workflow_002927,pipeline_001607,project_00057,org_0049,test,2026-06-07T19:16:36+00:00,success,979
workflow_002928,pipeline_002600,project_00156,org_0034,integration-tests,2026-07-30T10:28:45+00:00,success,885
workflow_002929,pipeline_000980,project_00040,org_0015,lint,2026-05-09T06:09:28+00:00,success,1090
workflow_002930,pipeline_000473,project_00106,org_0082,integration-tests,2026-04-03T15:40:58+00:00,success,3440
workflow_002931,pipeline_001654,project_00010,org_0067,lint,2026-05-24T12:18:18+00:00,success,2762
workflow_002932,pipeline_001785,project_00142,org_0065,build-and-test,2026-04-18T18:16:08+00:00,success,1176
workflow_002933,pipeline_000920,project_00086,org_0013,test,2026-07-21T19:43:20+00:00,success,2717
workflow_002934,pipeline_002927,project_00059,org_0059,integration-tests,2026-02-24T16:48:36+00:00,failed,1893
workflow_002935,pipeline_002771,project_00113,org_0017,deploy,2026-01-05T11:30:17+00:00,failed,2647
workflow_002936,pipeline_001936,project_00138,org_0054,deploy,2026-05-02T17:53:23+00:00,success,954
workflow_002937,pipeline_000726,project_00154,org_0012,test,2026-02-17T11:42:09+00:00,success,1751
workflow_002938,pipeline_002960,project_00003,org_0015,lint,2026-06-02T11:57:12+00:00,success,3122
workflow_002939,pipeline_002048,project_00086,org_0013,test,2026-05-23T10:46:00+00:00,running,1423
workflow_002940,pipeline_000477,project_00153,org_0006,build-and-test,2026-06-29T18:37:09+00:00,success,1180
workflow_002941,pipeline_002185,project_00043,org_0095,build-and-test,2026-02-24T01:29:15+00:00,success,2900
workflow_002942,pipeline_001798,project_00164,org_0006,deploy,2026-07-29T04:01:24+00:00,failed,2247
workflow_002943,pipeline_000380,project_00086,org_0013,test,2026-07-10T06:30:18+00:00,success,3538
workflow_002944,pipeline_001397,project_00062,org_0051,test,2026-01-26T13:44:31+00:00,success,240
workflow_002945,pipeline_001864,project_00033,org_0025,integration-tests,2026-03-27T04:07:40+00:00,failed,2420
workflow_002946,pipeline_001475,project_00092,org_0078,integration-tests,2026-08-29T04:38:26+00:00,failed,1254
workflow_002947,pipeline_001956,project_00002,org_0014,lint,2026-05-07T22:33:10+00:00,failed,460
workflow_002948,pipeline_000441,project_00138,org_0054,build-and-test,2026-05-11T03:26:54+00:00,success,2389
workflow_002949,pipeline_001937,project_00185,org_0064,lint,2026-05-16T06:47:24+00:00,success,1871
workflow_002950,pipeline_001483,project_00108,org_0012,test,2026-04-12T07:35:17+00:00,success,1468
workflow_002951,pipeline_001714,project_00092,org_0078,test,2026-06-11T23:16:59+00:00,success,2126
workflow_002952,pipeline_002316,project_00080,org_0048,lint,2026-05-09T05:08:38+00:00,success,1616
workflow_002953,pipeline_002799,project_00050,org_0077,integration-tests,2026-04-23T07:05:36+00:00,success,2106
workflow_002954,pipeline_001384,project_00132,org_0076,test,2026-05-02T16:43:04+00:00,canceled,2816
workflow_002955,pipeline_000102,project_00146,org_0035,deploy,2026-06-20T03:58:24+00:00,success,2523
workflow_002956,pipeline_002079,project_00051,org_0038,test,2026-01-09T10:04:42+00:00,canceled,1587
workflow_002957,pipeline_002165,project_00049,org_0073,test,2026-01-10T03:05:17+00:00,failed,76
workflow_002958,pipeline_001778,project_00039,org_0096,lint,2026-04-19T02:05:20+00:00,failed,3015
workflow_002959,pipeline_002448,project_00157,org_0058,deploy,2026-06-22T20:24:25+00:00,canceled,2692
workflow_002960,pipeline_002941,project_00085,org_0088,lint,2026-05-10T17:02:08+00:00,success,2157
workflow_002961,pipeline_000542,project_00118,org_0073,lint,2026-04-23T14:36:38+00:00,failed,1981
workflow_002962,pipeline_000139,project_00116,org_0081,integration-tests,2026-02-09T19:10:58+00:00,failed,1843
workflow_002963,pipeline_001806,project_00196,org_0023,lint,2026-06-06T22:18:32+00:00,success,1564
workflow_002964,pipeline_001919,project_00164,org_0006,build-and-test,2026-03-14T07:26:11+00:00,failed,870
workflow_002965,pipeline_002333,project_00193,org_0076,integration-tests,2026-08-09T00:48:12+00:00,failed,1694
workflow_002966,pipeline_000592,project_00095,org_0082,lint,2026-06-30T07:33:01+00:00,success,1948
workflow_002967,pipeline_002414,project_00066,org_0081,deploy,2026-02-08T09:12:18+00:00,failed,3339
workflow_002968,pipeline_001819,project_00177,org_0029,build-and-test,2026-01-09T11:40:25+00:00,success,379
workflow_002969,pipeline_000226,project_00046,org_0095,lint,2026-05-24T18:38:05+00:00,failed,1494
workflow_002970,pipeline_000505,project_00014,org_0026,deploy,2026-04-24T07:20:13+00:00,success,1748
workflow_002971,pipeline_000707,project_00184,org_0073,deploy,2026-08-13T13:09:06+00:00,success,163
workflow_002972,pipeline_001667,project_00080,org_0048,integration-tests,2026-01-21T17:07:15+00:00,canceled,2705
workflow_002973,pipeline_000688,project_00116,org_0081,test,2026-05-03T03:54:15+00:00,success,979
workflow_002974,pipeline_000789,project_00123,org_0071,deploy,2026-04-27T15:52:05+00:00,success,616
workflow_002975,pipeline_000884,project_00082,org_0009,integration-tests,2026-06-30T12:28:09+00:00,success,971
workflow_002976,pipeline_001034,project_00017,org_0074,test,2026-07-10T22:26:17+00:00,success,3255
workflow_002977,pipeline_001644,project_00043,org_0095,build-and-test,2026-04-18T20:41:39+00:00,failed,1577
workflow_002978,pipeline_002319,project_00135,org_0045,test,2026-01-28T20:08:12+00:00,failed,2815
workflow_002979,pipeline_000010,project_00044,org_0058,lint,2026-05-26T19:31:16+00:00,success,2710
workflow_002980,pipeline_000535,project_00187,org_0078,deploy,2026-04-08T07:43:38+00:00,success,2232
workflow_002981,pipeline_001605,project_00132,org_0076,test,2026-01-10T02:24:05+00:00,failed,2482
workflow_002982,pipeline_001252,project_00020,org_0068,build-and-test,2026-01-05T20:18:02+00:00,success,1437
workflow_002983,pipeline_000994,project_00166,org_0064,lint,2026-06-27T05:05:09+00:00,failed,228
workflow_002984,pipeline_000136,project_00134,org_0053,lint,2026-02-11T08:22:36+00:00,failed,1115
workflow_002985,pipeline_001040,project_00113,org_0017,integration-tests,2026-06-14T03:49:26+00:00,failed,2306
workflow_002986,pipeline_001378,project_00172,org_0018,test,2026-02-17T12:36:06+00:00,success,3224
workflow_002987,pipeline_001396,project_00057,org_0049,deploy,2026-02-14T17:37:44+00:00,success,2400
workflow_002988,pipeline_002588,project_00063,org_0064,integration-tests,2026-02-14T15:44:31+00:00,failed,1078
workflow_002989,pipeline_000683,project_00128,org_0060,test,2026-01-11T09:19:03+00:00,success,1303
workflow_002990,pipeline_000587,project_00179,org_0021,integration-tests,2026-02-08T01:25:07+00:00,failed,1357
workflow_002991,pipeline_001015,project_00186,org_0005,lint,2026-03-06T20:59:35+00:00,success,1269
workflow_002992,pipeline_000541,project_00015,org_0050,test,2026-02-05T05:04:38+00:00,success,152
workflow_002993,pipeline_001965,project_00094,org_0050,integration-tests,2026-02-24T21:46:11+00:00,failed,1767
workflow_002994,pipeline_002256,project_00116,org_0081,integration-tests,2026-02-27T21:03:14+00:00,success,1859
workflow_002995,pipeline_002230,project_00053,org_0084,lint,2026-01-16T12:14:36+00:00,success,769
workflow_002996,pipeline_000173,project_00054,org_0032,deploy,2026-05-14T12:55:46+00:00,failed,562
workflow_002997,pipeline_000692,project_00147,org_0018,build-and-test,2026-07-02T11:01:28+00:00,success,337
workflow_002998,pipeline_001969,project_00165,org_0074,build-and-test,2026-03-20T00:49:22+00:00,canceled,411
workflow_002999,pipeline_002546,project_00093,org_0038,test,2026-04-05T17:53:19+00:00,success,1728
workflow_003000,pipeline_000856,project_00042,org_0070,integration-tests,2026-02-26T01:24:14+00:00,failed,2740
workflow_003001,pipeline_000540,project_00146,org_0035,integration-tests,2026-07-27T21:23:44+00:00,failed,2347
workflow_003002,pipeline_002149,project_00117,org_0066,lint,2026-07-03T11:47:16+00:00,success,2157
workflow_003003,pipeline_002036,project_00177,org_0029,deploy,2026-05-21T17:39:56+00:00,failed,2895
workflow_003004,pipeline_000313,project_00071,org_0048,test,2026-08-16T01:46:11+00:00,failed,3329
workflow_003005,pipeline_001269,project_00193,org_0076,integration-tests,2026-04-20T16:10:44+00:00,success,1704
workflow_003006,pipeline_000712,project_00148,org_0022,integration-tests,2026-07-13T20:54:54+00:00,failed,1971
workflow_003007,pipeline_002731,project_00059,org_0059,integration-tests,2026-02-08T23:34:59+00:00,success,1260
workflow_003008,pipeline_000471,project_00148,org_0022,lint,2026-02-19T11:23:53+00:00,success,827
workflow_003009,pipeline_000749,project_00095,org_0082,integration-tests,2026-03-08T01:39:36+00:00,success,57
workflow_003010,pipeline_001930,project_00107,org_0094,build-and-test,2026-08-05T01:18:00+00:00,success,351
workflow_003011,pipeline_002874,project_00004,org_0044,build-and-test,2026-03-13T21:23:24+00:00,success,2027
workflow_003012,pipeline_001279,project_00004,org_0044,test,2026-02-25T09:20:17+00:00,failed,644
workflow_003013,pipeline_000087,project_00108,org_0012,deploy,2026-02-09T05:12:01+00:00,failed,3022
workflow_003014,pipeline_002881,project_00071,org_0048,build-and-test,2026-06-13T13:18:38+00:00,success,2033
workflow_003015,pipeline_001479,project_00065,org_0044,test,2026-06-01T15:02:16+00:00,success,1142
workflow_003016,pipeline_000274,project_00091,org_0085,lint,2026-05-07T06:03:39+00:00,success,2070
workflow_003017,pipeline_002538,project_00099,org_0003,deploy,2026-08-09T21:14:19+00:00,success,2881
workflow_003018,pipeline_000280,project_00043,org_0095,build-and-test,2026-03-13T09:56:36+00:00,failed,1132
workflow_003019,pipeline_001663,project_00146,org_0035,lint,2026-02-03T10:27:56+00:00,success,1940
workflow_003020,pipeline_001309,project_00097,org_0073,build-and-test,2026-03-25T22:32:43+00:00,failed,1486
workflow_003021,pipeline_000701,project_00006,org_0057,lint,2026-07-02T09:55:13+00:00,failed,2369
workflow_003022,pipeline_001833,project_00039,org_0096,test,2026-04-11T12:41:03+00:00,success,3410
workflow_003023,pipeline_000209,project_00115,org_0035,deploy,2026-08-24T13:13:51+00:00,failed,1661
workflow_003024,pipeline_000227,project_00148,org_0022,lint,2026-05-14T17:38:00+00:00,success,3171
workflow_003025,pipeline_001400,project_00181,org_0050,test,2026-08-20T14:02:37+00:00,failed,3327
workflow_003026,pipeline_000773,project_00107,org_0094,deploy,2026-01-30T20:09:30+00:00,success,1555
workflow_003027,pipeline_002080,project_00072,org_0081,lint,2026-03-30T10:41:02+00:00,success,1004
workflow_003028,pipeline_002822,project_00138,org_0054,integration-tests,2026-01-12T08:00:59+00:00,success,2220
workflow_003029,pipeline_002897,project_00047,org_0081,build-and-test,2026-05-21T23:36:15+00:00,success,3288
workflow_003030,pipeline_000361,project_00167,org_0023,test,2026-08-10T21:11:16+00:00,success,2464
workflow_003031,pipeline_000629,project_00115,org_0035,deploy,2026-08-06T21:12:24+00:00,success,2018
workflow_003032,pipeline_000310,project_00041,org_0047,test,2026-01-17T09:12:04+00:00,failed,2207
workflow_003033,pipeline_001402,project_00081,org_0100,integration-tests,2026-01-27T23:21:50+00:00,failed,2573
workflow_003034,pipeline_002598,project_00146,org_0035,lint,2026-06-04T12:58:49+00:00,success,1524
workflow_003035,pipeline_000182,project_00071,org_0048,build-and-test,2026-05-20T14:39:08+00:00,success,2063
workflow_003036,pipeline_002496,project_00135,org_0045,lint,2026-04-11T02:05:50+00:00,success,143
workflow_003037,pipeline_002529,project_00189,org_0026,deploy,2026-07-25T06:58:59+00:00,success,2370
workflow_003038,pipeline_000536,project_00168,org_0036,build-and-test,2026-01-01T08:05:13+00:00,success,2333
workflow_003039,pipeline_000634,project_00045,org_0057,integration-tests,2026-08-04T20:33:37+00:00,failed,1475
workflow_003040,pipeline_000518,project_00157,org_0058,deploy,2026-04-16T20:43:42+00:00,success,641
workflow_003041,pipeline_002315,project_00174,org_0062,lint,2026-05-19T17:48:57+00:00,failed,3435
workflow_003042,pipeline_001101,project_00125,org_0035,integration-tests,2026-06-02T03:54:50+00:00,success,839
workflow_003043,pipeline_001953,project_00090,org_0077,integration-tests,2026-02-01T16:16:21+00:00,success,691
workflow_003044,pipeline_002431,project_00024,org_0011,build-and-test,2026-05-13T08:37:09+00:00,success,2617
workflow_003045,pipeline_001524,project_00159,org_0008,test,2026-01-20T06:06:57+00:00,failed,346
workflow_003046,pipeline_001759,project_00184,org_0073,deploy,2026-08-24T17:26:05+00:00,failed,2675
workflow_003047,pipeline_001818,project_00147,org_0018,build-and-test,2026-08-01T06:32:34+00:00,success,705
workflow_003048,pipeline_000080,project_00193,org_0076,lint,2026-03-15T04:15:28+00:00,success,1912
workflow_003049,pipeline_001240,project_00082,org_0009,build-and-test,2026-07-11T22:20:17+00:00,running,1298
workflow_003050,pipeline_000752,project_00111,org_0090,test,2026-03-22T05:42:25+00:00,success,1945
workflow_003051,pipeline_000976,project_00143,org_0010,integration-tests,2026-01-12T16:35:25+00:00,success,1608
workflow_003052,pipeline_000534,project_00184,org_0073,test,2026-04-11T14:01:12+00:00,success,2148
workflow_003053,pipeline_002235,project_00139,org_0092,deploy,2026-08-28T08:18:03+00:00,failed,758
workflow_003054,pipeline_001231,project_00126,org_0016,integration-tests,2026-03-07T20:24:17+00:00,canceled,3272
workflow_003055,pipeline_001925,project_00027,org_0054,lint,2026-04-25T03:27:38+00:00,success,2675
workflow_003056,pipeline_001779,project_00092,org_0078,lint,2026-07-13T17:03:43+00:00,success,3108
workflow_003057,pipeline_001057,project_00169,org_0005,test,2026-05-29T15:50:54+00:00,success,1282
workflow_003058,pipeline_000810,project_00060,org_0001,test,2026-01-24T13:48:31+00:00,failed,2580
workflow_003059,pipeline_001895,project_00060,org_0001,integration-tests,2026-06-20T04:59:27+00:00,success,2502
workflow_003060,pipeline_001542,project_00020,org_0068,test,2026-05-21T16:51:09+00:00,success,1412
workflow_003061,pipeline_001664,project_00024,org_0011,test,2026-03-12T21:01:56+00:00,success,2153
workflow_003062,pipeline_002771,project_00113,org_0017,build-and-test,2026-01-05T11:30:17+00:00,failed,2542
workflow_003063,pipeline_002341,project_00185,org_0064,build-and-test,2026-08-18T12:17:15+00:00,failed,957
workflow_003064,pipeline_001107,project_00038,org_0037,integration-tests,2026-03-23T11:09:50+00:00,success,2654
workflow_003065,pipeline_001216,project_00115,org_0035,deploy,2026-03-31T23:48:58+00:00,success,2410
workflow_003066,pipeline_001716,project_00064,org_0044,build-and-test,2026-03-10T01:17:45+00:00,success,2983
workflow_003067,pipeline_000205,project_00063,org_0064,integration-tests,2026-01-17T18:08:03+00:00,success,2493
workflow_003068,pipeline_000270,project_00162,org_0009,lint,2026-02-07T09:35:55+00:00,failed,2008
workflow_003069,pipeline_000935,project_00169,org_0005,lint,2026-02-26T03:46:23+00:00,success,1209
workflow_003070,pipeline_000688,project_00116,org_0081,lint,2026-05-03T03:54:15+00:00,success,3221
workflow_003071,pipeline_002843,project_00193,org_0076,deploy,2026-04-15T05:14:51+00:00,success,1101
workflow_003072,pipeline_002433,project_00122,org_0050,deploy,2026-04-18T14:35:12+00:00,canceled,934
workflow_003073,pipeline_001690,project_00053,org_0084,integration-tests,2026-06-19T12:55:49+00:00,success,2468
workflow_003074,pipeline_000347,project_00040,org_0015,test,2026-02-06T14:49:11+00:00,canceled,2608
workflow_003075,pipeline_000241,project_00104,org_0040,build-and-test,2026-08-12T06:31:08+00:00,success,637
workflow_003076,pipeline_001912,project_00106,org_0082,deploy,2026-01-12T00:28:12+00:00,success,2941
workflow_003077,pipeline_000466,project_00117,org_0066,lint,2026-05-01T13:03:36+00:00,success,776
workflow_003078,pipeline_001623,project_00103,org_0011,test,2026-01-04T14:17:44+00:00,canceled,1089
workflow_003079,pipeline_002013,project_00037,org_0005,test,2026-01-17T12:38:25+00:00,success,3257
workflow_003080,pipeline_000053,project_00078,org_0062,build-and-test,2026-07-22T04:41:48+00:00,success,2166
workflow_003081,pipeline_001090,project_00029,org_0089,deploy,2026-02-04T14:50:22+00:00,canceled,3295
workflow_003082,pipeline_000913,project_00127,org_0067,deploy,2026-05-21T09:09:42+00:00,running,2531
workflow_003083,pipeline_002161,project_00169,org_0005,test,2026-06-02T13:09:31+00:00,success,1284
workflow_003084,pipeline_000671,project_00084,org_0081,deploy,2026-07-11T17:44:12+00:00,success,2640
workflow_003085,pipeline_000993,project_00118,org_0073,test,2026-06-29T16:38:03+00:00,success,2833
workflow_003086,pipeline_001702,project_00108,org_0012,lint,2026-03-11T17:13:43+00:00,failed,3295
workflow_003087,pipeline_000338,project_00197,org_0023,test,2026-08-12T21:57:46+00:00,success,2467
workflow_003088,pipeline_000082,project_00130,org_0026,deploy,2026-03-07T15:03:07+00:00,success,3180
workflow_003089,pipeline_000670,project_00127,org_0067,test,2026-05-21T07:05:53+00:00,success,3222
workflow_003090,pipeline_000968,project_00026,org_0048,lint,2026-02-16T01:19:09+00:00,success,204
workflow_003091,pipeline_002948,project_00176,org_0024,deploy,2026-01-08T09:59:35+00:00,success,2335
workflow_003092,pipeline_000066,project_00121,org_0032,integration-tests,2026-01-21T20:18:19+00:00,success,2635
workflow_003093,pipeline_000228,project_00115,org_0035,lint,2026-03-04T20:02:23+00:00,success,1886
workflow_003094,pipeline_001666,project_00021,org_0079,build-and-test,2026-04-06T19:42:36+00:00,failed,2671
workflow_003095,pipeline_001277,project_00183,org_0076,test,2026-05-31T13:00:47+00:00,success,2091
workflow_003096,pipeline_002003,project_00176,org_0024,deploy,2026-01-26T07:04:05+00:00,failed,2920
workflow_003097,pipeline_001331,project_00008,org_0003,test,2026-08-29T01:06:22+00:00,success,245
workflow_003098,pipeline_002927,project_00059,org_0059,test,2026-02-24T16:48:36+00:00,success,1048
workflow_003099,pipeline_000512,project_00061,org_0082,lint,2026-06-20T22:49:17+00:00,success,2482
workflow_003100,pipeline_000589,project_00092,org_0078,build-and-test,2026-04-25T20:57:59+00:00,failed,1844
workflow_003101,pipeline_001490,project_00137,org_0014,test,2026-08-25T04:15:55+00:00,canceled,950
workflow_003102,pipeline_002548,project_00178,org_0061,deploy,2026-08-08T21:59:55+00:00,success,976
workflow_003103,pipeline_002802,project_00147,org_0018,integration-tests,2026-08-01T06:52:42+00:00,success,108
workflow_003104,pipeline_001136,project_00007,org_0039,test,2026-08-23T10:01:38+00:00,failed,3058
workflow_003105,pipeline_002752,project_00151,org_0060,integration-tests,2026-04-26T14:06:07+00:00,failed,3270
workflow_003106,pipeline_002822,project_00138,org_0054,test,2026-01-12T08:00:59+00:00,success,1950
workflow_003107,pipeline_002286,project_00157,org_0058,deploy,2026-06-28T18:13:22+00:00,success,841
workflow_003108,pipeline_001017,project_00102,org_0099,integration-tests,2026-06-16T04:08:00+00:00,success,936
workflow_003109,pipeline_001009,project_00113,org_0017,build-and-test,2026-05-20T01:36:45+00:00,canceled,982
workflow_003110,pipeline_001136,project_00007,org_0039,test,2026-08-23T10:01:38+00:00,success,3463
workflow_003111,pipeline_002783,project_00108,org_0012,deploy,2026-04-20T22:07:25+00:00,success,972
workflow_003112,pipeline_001734,project_00170,org_0064,test,2026-08-10T21:01:32+00:00,success,762
workflow_003113,pipeline_000625,project_00006,org_0057,test,2026-02-02T11:06:39+00:00,failed,1068
workflow_003114,pipeline_000089,project_00185,org_0064,integration-tests,2026-08-28T21:21:44+00:00,success,811
workflow_003115,pipeline_002927,project_00059,org_0059,lint,2026-02-24T16:48:36+00:00,success,1020
workflow_003116,pipeline_000943,project_00003,org_0015,test,2026-01-29T15:13:27+00:00,success,327
workflow_003117,pipeline_001638,project_00054,org_0032,build-and-test,2026-03-07T06:47:59+00:00,success,3394
workflow_003118,pipeline_000541,project_00015,org_0050,test,2026-02-05T05:04:38+00:00,success,146
workflow_003119,pipeline_001997,project_00004,org_0044,build-and-test,2026-03-01T07:21:55+00:00,success,1490
workflow_003120,pipeline_001329,project_00196,org_0023,integration-tests,2026-04-12T01:31:13+00:00,failed,251
workflow_003121,pipeline_002408,project_00073,org_0055,test,2026-04-19T11:31:35+00:00,success,2890
workflow_003122,pipeline_000215,project_00010,org_0067,test,2026-07-26T09:17:10+00:00,success,2682
workflow_003123,pipeline_002815,project_00132,org_0076,test,2026-08-13T23:10:37+00:00,canceled,1640
workflow_003124,pipeline_001252,project_00020,org_0068,build-and-test,2026-01-05T20:18:02+00:00,success,2572
workflow_003125,pipeline_000641,project_00161,org_0075,test,2026-07-04T21:01:15+00:00,failed,3535
workflow_003126,pipeline_000359,project_00103,org_0011,deploy,2026-04-12T23:13:03+00:00,success,2121
workflow_003127,pipeline_000146,project_00143,org_0010,lint,2026-04-13T14:53:29+00:00,failed,338
workflow_003128,pipeline_002402,project_00186,org_0005,build-and-test,2026-02-17T20:43:07+00:00,failed,3398
workflow_003129,pipeline_001415,project_00071,org_0048,build-and-test,2026-07-31T14:59:20+00:00,success,3073
workflow_003130,pipeline_000915,project_00050,org_0077,test,2026-05-10T23:41:03+00:00,success,1070
workflow_003131,pipeline_000281,project_00191,org_0076,integration-tests,2026-02-01T02:15:26+00:00,failed,1956
workflow_003132,pipeline_000451,project_00188,org_0062,test,2026-07-23T08:33:58+00:00,failed,3545
workflow_003133,pipeline_001287,project_00165,org_0074,test,2026-01-23T03:49:31+00:00,success,526
workflow_003134,pipeline_001607,project_00057,org_0049,lint,2026-06-07T19:16:36+00:00,failed,741
workflow_003135,pipeline_002110,project_00186,org_0005,deploy,2026-02-21T05:05:14+00:00,running,1707
workflow_003136,pipeline_001008,project_00044,org_0058,build-and-test,2026-01-31T03:08:50+00:00,failed,1793
workflow_003137,pipeline_000493,project_00179,org_0021,lint,2026-08-23T17:41:28+00:00,success,3520
workflow_003138,pipeline_000305,project_00021,org_0079,integration-tests,2026-02-26T17:38:14+00:00,success,2963
workflow_003139,pipeline_001772,project_00164,org_0006,deploy,2026-03-30T12:21:00+00:00,success,67
workflow_003140,pipeline_000004,project_00003,org_0015,lint,2026-04-13T23:57:32+00:00,success,329
workflow_003141,pipeline_001281,project_00018,org_0047,build-and-test,2026-04-19T18:52:57+00:00,success,254
workflow_003142,pipeline_001288,project_00040,org_0015,integration-tests,2026-02-10T21:26:54+00:00,success,1608
workflow_003143,pipeline_002052,project_00196,org_0023,test,2026-02-11T13:46:28+00:00,success,1750
workflow_003144,pipeline_002440,project_00159,org_0008,lint,2026-02-22T05:46:15+00:00,success,346
workflow_003145,pipeline_001254,project_00121,org_0032,deploy,2026-06-09T19:40:03+00:00,failed,2867
workflow_003146,pipeline_001731,project_00100,org_0028,build-and-test,2026-07-04T16:56:24+00:00,canceled,2099
workflow_003147,pipeline_000173,project_00054,org_0032,integration-tests,2026-05-14T12:55:46+00:00,success,210
workflow_003148,pipeline_000323,project_00139,org_0092,test,2026-05-23T13:44:18+00:00,failed,1740
workflow_003149,pipeline_000394,project_00060,org_0001,build-and-test,2026-03-31T16:15:33+00:00,failed,2487
workflow_003150,pipeline_000610,project_00152,org_0021,lint,2026-07-25T21:30:26+00:00,failed,2178
workflow_003151,pipeline_002052,project_00196,org_0023,integration-tests,2026-02-11T13:46:28+00:00,success,2462
workflow_003152,pipeline_000849,project_00171,org_0008,build-and-test,2026-08-11T10:33:48+00:00,success,1630
workflow_003153,pipeline_002689,project_00129,org_0012,build-and-test,2026-07-16T11:28:23+00:00,success,1025
workflow_003154,pipeline_002273,project_00077,org_0016,integration-tests,2026-02-14T20:52:31+00:00,success,2111
workflow_003155,pipeline_001938,project_00120,org_0030,integration-tests,2026-04-15T12:30:19+00:00,failed,392
workflow_003156,pipeline_002161,project_00169,org_0005,test,2026-06-02T13:09:31+00:00,canceled,2470
workflow_003157,pipeline_000188,project_00140,org_0030,test,2026-07-29T14:09:19+00:00,success,2736
workflow_003158,pipeline_002422,project_00145,org_0051,lint,2026-05-19T14:25:57+00:00,success,1669
workflow_003159,pipeline_002281,project_00020,org_0068,integration-tests,2026-08-21T07:58:04+00:00,failed,1587
workflow_003160,pipeline_001961,project_00031,org_0041,deploy,2026-05-02T00:55:53+00:00,success,79
workflow_003161,pipeline_001963,project_00157,org_0058,deploy,2026-05-12T00:45:54+00:00,failed,671
workflow_003162,pipeline_000008,project_00042,org_0070,integration-tests,2026-06-25T06:18:13+00:00,success,2769
workflow_003163,pipeline_001190,project_00198,org_0017,lint,2026-02-20T14:33:33+00:00,success,821
workflow_003164,pipeline_001877,project_00025,org_0031,deploy,2026-03-30T04:57:32+00:00,success,1188
workflow_003165,pipeline_000073,project_00158,org_0014,lint,2026-06-18T10:29:00+00:00,success,3008
workflow_003166,pipeline_002968,project_00105,org_0020,build-and-test,2026-07-09T02:10:10+00:00,canceled,939
workflow_003167,pipeline_000204,project_00054,org_0032,lint,2026-08-18T10:34:13+00:00,success,2161
workflow_003168,pipeline_002452,project_00183,org_0076,integration-tests,2026-02-22T12:19:28+00:00,success,2363
workflow_003169,pipeline_001521,project_00105,org_0020,build-and-test,2026-01-23T18:03:00+00:00,success,1449
workflow_003170,pipeline_001164,project_00185,org_0064,integration-tests,2026-03-14T07:06:56+00:00,success,1716
workflow_003171,pipeline_001891,project_00019,org_0015,build-and-test,2026-03-29T21:18:57+00:00,success,1999
workflow_003172,pipeline_001080,project_00076,org_0002,integration-tests,2026-08-24T19:16:12+00:00,success,1810
workflow_003173,pipeline_001553,project_00190,org_0042,integration-tests,2026-05-18T20:26:41+00:00,success,1741
workflow_003174,pipeline_001841,project_00013,org_0051,test,2026-06-23T12:35:35+00:00,success,2328
workflow_003175,pipeline_001383,project_00125,org_0035,lint,2026-02-10T14:20:03+00:00,failed,374
workflow_003176,pipeline_001741,project_00141,org_0059,test,2026-06-08T15:38:48+00:00,success,216
workflow_003177,pipeline_001439,project_00196,org_0023,integration-tests,2026-07-21T04:11:13+00:00,failed,3392
workflow_003178,pipeline_001648,project_00096,org_0047,deploy,2026-03-11T12:27:11+00:00,running,1049
workflow_003179,pipeline_000367,project_00176,org_0024,integration-tests,2026-05-26T04:15:44+00:00,success,2593
workflow_003180,pipeline_002687,project_00094,org_0050,lint,2026-06-04T05:32:08+00:00,success,630
workflow_003181,pipeline_000067,project_00121,org_0032,build-and-test,2026-03-17T13:16:46+00:00,success,2197
workflow_003182,pipeline_001418,project_00032,org_0046,lint,2026-06-18T08:08:11+00:00,success,3269
workflow_003183,pipeline_000877,project_00098,org_0088,deploy,2026-04-10T21:04:14+00:00,failed,2911
workflow_003184,pipeline_001954,project_00066,org_0081,lint,2026-01-08T22:08:55+00:00,failed,105
workflow_003185,pipeline_002774,project_00104,org_0040,deploy,2026-02-05T12:52:34+00:00,success,2058
workflow_003186,pipeline_002817,project_00078,org_0062,integration-tests,2026-02-22T18:33:22+00:00,success,2454
workflow_003187,pipeline_000659,project_00028,org_0055,lint,2026-01-13T17:39:00+00:00,success,1189
workflow_003188,pipeline_002243,project_00135,org_0045,lint,2026-05-13T22:21:44+00:00,success,81
workflow_003189,pipeline_000424,project_00173,org_0032,deploy,2026-04-21T10:37:07+00:00,success,265
workflow_003190,pipeline_000568,project_00014,org_0026,test,2026-03-17T05:35:30+00:00,canceled,1218
workflow_003191,pipeline_001381,project_00063,org_0064,test,2026-03-21T23:02:43+00:00,success,266
workflow_003192,pipeline_001402,project_00081,org_0100,test,2026-01-27T23:21:50+00:00,success,158
workflow_003193,pipeline_002078,project_00025,org_0031,build-and-test,2026-01-07T08:45:35+00:00,success,2430
workflow_003194,pipeline_002256,project_00116,org_0081,deploy,2026-02-27T21:03:14+00:00,success,2061
workflow_003195,pipeline_001645,project_00126,org_0016,lint,2026-04-08T07:11:35+00:00,success,2118
workflow_003196,pipeline_001960,project_00130,org_0026,deploy,2026-02-27T19:22:48+00:00,success,428
workflow_003197,pipeline_001605,project_00132,org_0076,deploy,2026-01-10T02:24:05+00:00,success,3299
workflow_003198,pipeline_001156,project_00011,org_0043,deploy,2026-08-24T21:07:54+00:00,success,3193
workflow_003199,pipeline_002750,project_00147,org_0018,build-and-test,2026-01-02T04:12:45+00:00,success,2406
workflow_003200,pipeline_000326,project_00049,org_0073,test,2026-07-23T12:41:03+00:00,success,674
workflow_003201,pipeline_002520,project_00053,org_0084,test,2026-05-21T07:45:57+00:00,success,955
workflow_003202,pipeline_000073,project_00158,org_0014,lint,2026-06-18T10:29:00+00:00,failed,2954
workflow_003203,pipeline_001139,project_00003,org_0015,build-and-test,2026-02-08T00:55:51+00:00,success,2357
workflow_003204,pipeline_002320,project_00156,org_0034,lint,2026-04-11T23:12:35+00:00,success,1141
workflow_003205,pipeline_001693,project_00172,org_0018,lint,2026-05-27T03:17:30+00:00,success,2566
workflow_003206,pipeline_002034,project_00030,org_0063,deploy,2026-02-26T22:50:32+00:00,success,2167
workflow_003207,pipeline_002481,project_00050,org_0077,lint,2026-05-27T20:02:05+00:00,success,1409
workflow_003208,pipeline_000636,project_00150,org_0099,lint,2026-04-29T00:41:14+00:00,failed,2618
workflow_003209,pipeline_001656,project_00114,org_0099,build-and-test,2026-01-25T04:54:55+00:00,success,551
workflow_003210,pipeline_001024,project_00045,org_0057,build-and-test,2026-05-04T11:40:01+00:00,success,1205
workflow_003211,pipeline_000160,project_00172,org_0018,test,2026-03-24T18:56:10+00:00,success,1947
workflow_003212,pipeline_001850,project_00005,org_0062,build-and-test,2026-04-17T16:32:23+00:00,success,352
workflow_003213,pipeline_002701,project_00120,org_0030,test,2026-02-24T05:29:34+00:00,success,3047
workflow_003214,pipeline_000179,project_00082,org_0009,test,2026-07-08T16:33:17+00:00,success,2145
workflow_003215,pipeline_002577,project_00032,org_0046,deploy,2026-03-15T22:32:14+00:00,failed,2106
workflow_003216,pipeline_000050,project_00006,org_0057,test,2026-01-04T10:56:06+00:00,success,1678
workflow_003217,pipeline_001767,project_00071,org_0048,build-and-test,2026-08-19T20:28:18+00:00,failed,3311
workflow_003218,pipeline_000471,project_00148,org_0022,deploy,2026-02-19T11:23:53+00:00,success,550
workflow_003219,pipeline_001999,project_00098,org_0088,integration-tests,2026-03-01T10:58:20+00:00,success,3189
workflow_003220,pipeline_001129,project_00061,org_0082,lint,2026-01-15T06:23:06+00:00,success,167
workflow_003221,pipeline_002391,project_00187,org_0078,integration-tests,2026-03-14T20:05:32+00:00,success,823
workflow_003222,pipeline_001706,project_00198,org_0017,build-and-test,2026-01-22T04:04:55+00:00,success,1970
workflow_003223,pipeline_001602,project_00022,org_0045,integration-tests,2026-01-30T17:17:02+00:00,success,2289
workflow_003224,pipeline_001155,project_00180,org_0035,test,2026-07-27T12:16:05+00:00,success,90
workflow_003225,pipeline_000593,project_00177,org_0029,deploy,2026-05-10T06:54:36+00:00,failed,1093
workflow_003226,pipeline_002843,project_00193,org_0076,integration-tests,2026-04-15T05:14:51+00:00,success,2228
workflow_003227,pipeline_002230,project_00053,org_0084,lint,2026-01-16T12:14:36+00:00,success,318
workflow_003228,pipeline_001001,project_00116,org_0081,lint,2026-03-06T00:24:42+00:00,success,344
workflow_003229,pipeline_001230,project_00091,org_0085,test,2026-04-22T09:36:01+00:00,success,331
workflow_003230,pipeline_000451,project_00188,org_0062,integration-tests,2026-07-23T08:33:58+00:00,success,654
workflow_003231,pipeline_001558,project_00077,org_0016,lint,2026-07-11T13:49:42+00:00,success,3356
workflow_003232,pipeline_000499,project_00157,org_0058,test,2026-02-04T08:22:47+00:00,failed,2505
workflow_003233,pipeline_001019,project_00100,org_0028,integration-tests,2026-03-24T15:08:27+00:00,success,1599
workflow_003234,pipeline_000350,project_00186,org_0005,build-and-test,2026-05-07T02:20:57+00:00,success,3235
workflow_003235,pipeline_000379,project_00183,org_0076,integration-tests,2026-01-09T08:17:13+00:00,success,3078
workflow_003236,pipeline_000509,project_00169,org_0005,build-and-test,2026-06-23T11:06:33+00:00,failed,3324
workflow_003237,pipeline_002522,project_00083,org_0057,deploy,2026-03-24T15:56:16+00:00,failed,3499
workflow_003238,pipeline_001550,project_00109,org_0079,integration-tests,2026-05-18T14:56:49+00:00,success,1274
workflow_003239,pipeline_002975,project_00042,org_0070,lint,2026-05-16T03:01:30+00:00,success,2291
workflow_003240,pipeline_002741,project_00031,org_0041,deploy,2026-08-06T23:18:08+00:00,success,215
workflow_003241,pipeline_000903,project_00195,org_0082,test,2026-04-20T04:21:47+00:00,success,411
workflow_003242,pipeline_000812,project_00030,org_0063,build-and-test,2026-07-12T03:45:57+00:00,success,484
workflow_003243,pipeline_002304,project_00119,org_0033,build-and-test,2026-03-01T12:28:13+00:00,success,1430
workflow_003244,pipeline_000352,project_00021,org_0079,deploy,2026-01-22T17:14:14+00:00,success,2635
workflow_003245,pipeline_000475,project_00112,org_0045,lint,2026-08-09T06:47:29+00:00,failed,2768
workflow_003246,pipeline_000010,project_00044,org_0058,test,2026-05-26T19:31:16+00:00,success,187
workflow_003247,pipeline_002058,project_00111,org_0090,test,2026-04-01T12:25:24+00:00,success,2375
workflow_003248,pipeline_001126,project_00077,org_0016,build-and-test,2026-01-18T22:18:02+00:00,failed,1612
workflow_003249,pipeline_001857,project_00085,org_0088,build-and-test,2026-01-12T01:36:36+00:00,success,3378
workflow_003250,pipeline_002062,project_00068,org_0055,lint,2026-02-25T21:10:40+00:00,success,313
workflow_003251,pipeline_000090,project_00051,org_0038,deploy,2026-08-25T12:18:29+00:00,success,3344
workflow_003252,pipeline_001449,project_00157,org_0058,lint,2026-06-20T12:59:12+00:00,success,1970
workflow_003253,pipeline_000513,project_00014,org_0026,deploy,2026-04-13T16:20:40+00:00,success,2739
workflow_003254,pipeline_001935,project_00149,org_0053,integration-tests,2026-02-20T00:10:25+00:00,success,253
workflow_003255,pipeline_001864,project_00033,org_0025,test,2026-03-27T04:07:40+00:00,success,909
workflow_003256,pipeline_001843,project_00186,org_0005,test,2026-07-20T14:05:36+00:00,success,2599
workflow_003257,pipeline_002379,project_00025,org_0031,integration-tests,2026-04-13T14:31:15+00:00,canceled,2181
workflow_003258,pipeline_001843,project_00186,org_0005,build-and-test,2026-07-20T14:05:36+00:00,success,970
workflow_003259,pipeline_001012,project_00198,org_0017,integration-tests,2026-05-27T13:34:52+00:00,success,966
workflow_003260,pipeline_001611,project_00165,org_0074,integration-tests,2026-05-01T15:05:36+00:00,success,791
workflow_003261,pipeline_002581,project_00116,org_0081,lint,2026-03-21T13:42:58+00:00,canceled,320
workflow_003262,pipeline_000018,project_00021,org_0079,lint,2026-07-03T21:59:54+00:00,success,717
workflow_003263,pipeline_001748,project_00058,org_0052,lint,2026-02-23T19:35:06+00:00,success,297
workflow_003264,pipeline_002879,project_00016,org_0027,integration-tests,2026-04-02T08:31:09+00:00,success,2032
workflow_003265,pipeline_001625,project_00037,org_0005,deploy,2026-04-23T16:49:48+00:00,success,3456
workflow_003266,pipeline_000149,project_00147,org_0018,build-and-test,2026-08-02T15:51:52+00:00,success,2216
workflow_003267,pipeline_002469,project_00170,org_0064,lint,2026-04-12T11:21:19+00:00,success,1239
workflow_003268,pipeline_001668,project_00036,org_0011,build-and-test,2026-08-08T10:33:14+00:00,success,955
workflow_003269,pipeline_001623,project_00103,org_0011,build-and-test,2026-01-04T14:17:44+00:00,success,1212
workflow_003270,pipeline_000088,project_00180,org_0035,build-and-test,2026-02-23T06:27:24+00:00,success,1220
workflow_003271,pipeline_002135,project_00003,org_0015,lint,2026-04-17T12:01:16+00:00,success,1260
workflow_003272,pipeline_002300,project_00175,org_0065,lint,2026-04-19T08:08:19+00:00,failed,2635
workflow_003273,pipeline_002392,project_00055,org_0032,integration-tests,2026-08-27T03:58:42+00:00,success,2113
workflow_003274,pipeline_001034,project_00017,org_0074,integration-tests,2026-07-10T22:26:17+00:00,success,79
workflow_003275,pipeline_002661,project_00156,org_0034,deploy,2026-02-25T14:50:17+00:00,success,466
workflow_003276,pipeline_000104,project_00113,org_0017,build-and-test,2026-01-18T20:29:35+00:00,canceled,1897
workflow_003277,pipeline_001920,project_00087,org_0094,build-and-test,2026-06-20T00:18:13+00:00,failed,1850
workflow_003278,pipeline_001992,project_00143,org_0010,deploy,2026-07-13T09:23:27+00:00,success,1312
workflow_003279,pipeline_002352,project_00176,org_0024,test,2026-06-16T19:14:04+00:00,success,3343
workflow_003280,pipeline_000828,project_00188,org_0062,build-and-test,2026-02-08T13:29:21+00:00,success,452
workflow_003281,pipeline_000454,project_00023,org_0023,build-and-test,2026-05-10T10:29:08+00:00,success,2380
workflow_003282,pipeline_002882,project_00080,org_0048,lint,2026-06-08T17:03:43+00:00,failed,179
workflow_003283,pipeline_001139,project_00003,org_0015,integration-tests,2026-02-08T00:55:51+00:00,success,410
workflow_003284,pipeline_001098,project_00181,org_0050,test,2026-08-11T21:48:22+00:00,success,3348
workflow_003285,pipeline_001461,project_00121,org_0032,test,2026-08-24T06:51:17+00:00,failed,1762
workflow_003286,pipeline_001834,project_00118,org_0073,test,2026-03-19T19:13:31+00:00,success,985
workflow_003287,pipeline_002727,project_00152,org_0021,integration-tests,2026-05-16T03:53:40+00:00,success,2342
workflow_003288,pipeline_002992,project_00058,org_0052,lint,2026-08-02T21:10:58+00:00,running,1432
workflow_003289,pipeline_001533,project_00039,org_0096,deploy,2026-08-18T14:38:20+00:00,success,476
workflow_003290,pipeline_001967,project_00026,org_0048,build-and-test,2026-07-21T21:17:43+00:00,failed,3007
workflow_003291,pipeline_000960,project_00116,org_0081,test,2026-04-02T00:37:21+00:00,success,35
workflow_003292,pipeline_000227,project_00148,org_0022,test,2026-05-14T17:38:00+00:00,success,3294
workflow_003293,pipeline_002399,project_00176,org_0024,integration-tests,2026-06-03T07:02:44+00:00,success,2596
workflow_003294,pipeline_001656,project_00114,org_0099,test,2026-01-25T04:54:55+00:00,success,1610
workflow_003295,pipeline_002940,project_00162,org_0009,build-and-test,2026-04-26T16:46:18+00:00,canceled,2542
workflow_003296,pipeline_001957,project_00096,org_0047,lint,2026-01-27T22:45:16+00:00,success,1891
workflow_003297,pipeline_000887,project_00105,org_0020,integration-tests,2026-06-23T04:51:21+00:00,failed,3156
workflow_003298,pipeline_001752,project_00042,org_0070,deploy,2026-06-27T18:42:55+00:00,success,2058
workflow_003299,pipeline_002940,project_00162,org_0009,deploy,2026-04-26T16:46:18+00:00,canceled,833
workflow_003300,pipeline_002295,project_00017,org_0074,test,2026-03-05T10:55:06+00:00,failed,1570
workflow_003301,pipeline_001350,project_00101,org_0065,deploy,2026-02-09T23:02:49+00:00,failed,658
workflow_003302,pipeline_001963,project_00157,org_0058,lint,2026-05-12T00:45:54+00:00,success,2748
workflow_003303,pipeline_000379,project_00183,org_0076,test,2026-01-09T08:17:13+00:00,failed,1018
workflow_003304,pipeline_001121,project_00183,org_0076,integration-tests,2026-02-18T04:35:46+00:00,success,539
workflow_003305,pipeline_001973,project_00136,org_0098,integration-tests,2026-01-17T04:02:36+00:00,success,166
workflow_003306,pipeline_001764,project_00063,org_0064,build-and-test,2026-07-07T10:04:27+00:00,success,2320
workflow_003307,pipeline_002626,project_00058,org_0052,build-and-test,2026-07-15T22:06:21+00:00,success,967
workflow_003308,pipeline_001309,project_00097,org_0073,lint,2026-03-25T22:32:43+00:00,success,515
workflow_003309,pipeline_002938,project_00184,org_0073,build-and-test,2026-04-08T14:56:48+00:00,success,1418
workflow_003310,pipeline_000101,project_00034,org_0084,lint,2026-01-23T18:37:26+00:00,failed,2436
workflow_003311,pipeline_002283,project_00080,org_0048,integration-tests,2026-07-16T18:56:59+00:00,success,1549
workflow_003312,pipeline_001078,project_00060,org_0001,lint,2026-08-24T15:26:28+00:00,success,884
workflow_003313,pipeline_002428,project_00184,org_0073,integration-tests,2026-02-22T17:00:49+00:00,failed,1864
workflow_003314,pipeline_000064,project_00168,org_0036,build-and-test,2026-02-04T16:20:04+00:00,canceled,2744
workflow_003315,pipeline_002574,project_00174,org_0062,test,2026-02-09T11:30:28+00:00,success,50
workflow_003316,pipeline_000946,project_00185,org_0064,integration-tests,2026-03-09T16:26:58+00:00,failed,1056
workflow_003317,pipeline_002710,project_00171,org_0008,deploy,2026-05-07T20:29:55+00:00,success,3470
workflow_003318,pipeline_000406,project_00043,org_0095,integration-tests,2026-06-14T01:37:58+00:00,running,1658
workflow_003319,pipeline_002389,project_00056,org_0074,deploy,2026-02-19T04:34:12+00:00,success,546
workflow_003320,pipeline_002476,project_00198,org_0017,build-and-test,2026-08-31T11:48:44+00:00,success,2574
workflow_003321,pipeline_000712,project_00148,org_0022,lint,2026-07-13T20:54:54+00:00,running,59
workflow_003322,pipeline_000197,project_00190,org_0042,build-and-test,2026-04-13T06:17:01+00:00,failed,3291
workflow_003323,pipeline_000456,project_00083,org_0057,build-and-test,2026-03-19T21:18:46+00:00,success,1368
workflow_003324,pipeline_001738,project_00143,org_0010,build-and-test,2026-07-10T14:11:08+00:00,success,3495
workflow_003325,pipeline_002398,project_00183,org_0076,lint,2026-01-16T14:44:56+00:00,success,1086
workflow_003326,pipeline_001034,project_00017,org_0074,integration-tests,2026-07-10T22:26:17+00:00,success,365
workflow_003327,pipeline_000571,project_00012,org_0052,build-and-test,2026-02-10T13:16:30+00:00,failed,34
workflow_003328,pipeline_000193,project_00189,org_0026,integration-tests,2026-07-07T18:34:42+00:00,success,2713
workflow_003329,pipeline_000792,project_00119,org_0033,integration-tests,2026-08-09T18:36:03+00:00,failed,2757
workflow_003330,pipeline_001538,project_00156,org_0034,integration-tests,2026-07-03T10:25:36+00:00,success,3160
workflow_003331,pipeline_002787,project_00149,org_0053,integration-tests,2026-04-05T10:23:50+00:00,failed,1988
workflow_003332,pipeline_000524,project_00024,org_0011,deploy,2026-01-23T02:10:40+00:00,success,923
workflow_003333,pipeline_000302,project_00069,org_0084,build-and-test,2026-02-18T13:26:59+00:00,success,1104
workflow_003334,pipeline_002168,project_00100,org_0028,build-and-test,2026-05-26T14:28:11+00:00,success,1939
workflow_003335,pipeline_002573,project_00120,org_0030,deploy,2026-07-31T12:50:09+00:00,success,1720
workflow_003336,pipeline_001487,project_00123,org_0071,test,2026-02-20T06:41:50+00:00,failed,317
workflow_003337,pipeline_002482,project_00069,org_0084,deploy,2026-04-05T01:43:15+00:00,success,324
workflow_003338,pipeline_002173,project_00122,org_0050,integration-tests,2026-04-08T22:16:04+00:00,success,602
workflow_003339,pipeline_000086,project_00180,org_0035,lint,2026-03-01T11:14:52+00:00,success,364
workflow_003340,pipeline_002156,project_00162,org_0009,lint,2026-03-03T21:58:34+00:00,failed,527
workflow_003341,pipeline_001969,project_00165,org_0074,lint,2026-03-20T00:49:22+00:00,success,2609
workflow_003342,pipeline_002570,project_00102,org_0099,deploy,2026-07-23T11:51:39+00:00,failed,667
workflow_003343,pipeline_000777,project_00169,org_0005,lint,2026-01-03T06:06:35+00:00,success,506
workflow_003344,pipeline_002828,project_00048,org_0018,lint,2026-02-15T23:42:04+00:00,success,1764
workflow_003345,pipeline_002076,project_00082,org_0009,deploy,2026-05-29T03:26:24+00:00,success,2592
workflow_003346,pipeline_002497,project_00187,org_0078,integration-tests,2026-03-28T04:03:37+00:00,success,3501
workflow_003347,pipeline_001895,project_00060,org_0001,lint,2026-06-20T04:59:27+00:00,success,3456
workflow_003348,pipeline_000999,project_00127,org_0067,deploy,2026-06-09T17:23:24+00:00,success,2395
workflow_003349,pipeline_002730,project_00132,org_0076,build-and-test,2026-02-17T15:03:28+00:00,failed,3037
workflow_003350,pipeline_000935,project_00169,org_0005,deploy,2026-02-26T03:46:23+00:00,running,603
workflow_003351,pipeline_002186,project_00007,org_0039,deploy,2026-06-20T03:21:45+00:00,failed,2631
workflow_003352,pipeline_001648,project_00096,org_0047,lint,2026-03-11T12:27:11+00:00,canceled,746
workflow_003353,pipeline_001559,project_00149,org_0053,integration-tests,2026-07-17T09:01:38+00:00,success,2418
workflow_003354,pipeline_001066,project_00076,org_0002,integration-tests,2026-02-03T06:50:51+00:00,failed,2355
workflow_003355,pipeline_001315,project_00180,org_0035,deploy,2026-08-29T22:19:40+00:00,canceled,1312
workflow_003356,pipeline_000758,project_00014,org_0026,integration-tests,2026-05-10T06:30:13+00:00,success,1083
workflow_003357,pipeline_001058,project_00028,org_0055,test,2026-08-11T09:07:40+00:00,failed,1170
workflow_003358,pipeline_001018,project_00083,org_0057,lint,2026-03-09T10:16:12+00:00,failed,3018
workflow_003359,pipeline_002221,project_00096,org_0047,lint,2026-04-06T09:28:23+00:00,success,505
workflow_003360,pipeline_000305,project_00021,org_0079,test,2026-02-26T17:38:14+00:00,failed,941
workflow_003361,pipeline_000905,project_00127,org_0067,build-and-test,2026-05-21T23:23:51+00:00,success,129
workflow_003362,pipeline_002479,project_00190,org_0042,integration-tests,2026-01-02T22:20:23+00:00,success,2331
workflow_003363,pipeline_002047,project_00098,org_0088,lint,2026-05-31T20:07:25+00:00,success,1397
workflow_003364,pipeline_001300,project_00014,org_0026,test,2026-02-05T21:36:53+00:00,success,2733
workflow_003365,pipeline_002844,project_00079,org_0012,build-and-test,2026-05-23T16:40:12+00:00,failed,1621
workflow_003366,pipeline_002862,project_00138,org_0054,deploy,2026-06-27T06:49:34+00:00,failed,2203
workflow_003367,pipeline_001962,project_00133,org_0098,integration-tests,2026-03-07T00:08:38+00:00,success,1489
workflow_003368,pipeline_002364,project_00027,org_0054,build-and-test,2026-07-19T00:05:53+00:00,failed,94
workflow_003369,pipeline_002922,project_00081,org_0100,test,2026-03-14T04:59:28+00:00,canceled,994
workflow_003370,pipeline_001917,project_00158,org_0014,deploy,2026-07-29T00:42:41+00:00,success,761
workflow_003371,pipeline_002968,project_00105,org_0020,lint,2026-07-09T02:10:10+00:00,success,122
workflow_003372,pipeline_000887,project_00105,org_0020,deploy,2026-06-23T04:51:21+00:00,success,2113
workflow_003373,pipeline_001217,project_00127,org_0067,build-and-test,2026-03-12T11:49:43+00:00,success,57
workflow_003374,pipeline_000718,project_00062,org_0051,integration-tests,2026-02-14T02:26:33+00:00,success,2724
workflow_003375,pipeline_002537,project_00134,org_0053,integration-tests,2026-04-25T18:42:09+00:00,success,2035
workflow_003376,pipeline_001919,project_00164,org_0006,deploy,2026-03-14T07:26:11+00:00,failed,3293
workflow_003377,pipeline_002340,project_00157,org_0058,deploy,2026-03-18T09:00:48+00:00,success,1500
workflow_003378,pipeline_002003,project_00176,org_0024,integration-tests,2026-01-26T07:04:05+00:00,success,1448
workflow_003379,pipeline_000277,project_00019,org_0015,integration-tests,2026-01-31T17:22:35+00:00,canceled,3372
workflow_003380,pipeline_000599,project_00030,org_0063,test,2026-07-05T19:52:56+00:00,failed,1133
workflow_003381,pipeline_002795,project_00001,org_0020,build-and-test,2026-05-13T17:08:43+00:00,success,1993
workflow_003382,pipeline_002767,project_00129,org_0012,deploy,2026-08-17T05:16:14+00:00,running,1897
workflow_003383,pipeline_000049,project_00057,org_0049,deploy,2026-03-29T10:11:46+00:00,failed,1773
workflow_003384,pipeline_000608,project_00189,org_0026,test,2026-01-09T08:13:46+00:00,success,2704
workflow_003385,pipeline_001897,project_00011,org_0043,lint,2026-05-29T03:51:13+00:00,success,686
workflow_003386,pipeline_001495,project_00192,org_0047,integration-tests,2026-07-28T05:54:36+00:00,success,3512
workflow_003387,pipeline_000657,project_00033,org_0025,deploy,2026-03-23T11:51:35+00:00,success,3292
workflow_003388,pipeline_000060,project_00182,org_0031,integration-tests,2026-08-11T03:49:18+00:00,success,1659
workflow_003389,pipeline_001021,project_00197,org_0023,build-and-test,2026-08-21T13:51:52+00:00,failed,2111
workflow_003390,pipeline_002865,project_00079,org_0012,deploy,2026-05-03T03:22:18+00:00,success,710
workflow_003391,pipeline_002574,project_00174,org_0062,test,2026-02-09T11:30:28+00:00,running,2318
workflow_003392,pipeline_000571,project_00012,org_0052,integration-tests,2026-02-10T13:16:30+00:00,success,3464
workflow_003393,pipeline_000702,project_00147,org_0018,build-and-test,2026-06-01T13:52:01+00:00,success,1962
workflow_003394,pipeline_002798,project_00068,org_0055,integration-tests,2026-02-18T09:04:13+00:00,success,370
workflow_003395,pipeline_000704,project_00158,org_0014,lint,2026-04-27T07:44:13+00:00,success,1778
workflow_003396,pipeline_001447,project_00114,org_0099,test,2026-06-01T17:43:02+00:00,success,641
workflow_003397,pipeline_000754,project_00068,org_0055,build-and-test,2026-04-02T10:53:06+00:00,success,56
workflow_003398,pipeline_000263,project_00054,org_0032,integration-tests,2026-06-12T18:13:45+00:00,success,122
workflow_003399,pipeline_002255,project_00158,org_0014,test,2026-08-03T16:41:36+00:00,success,1954
workflow_003400,pipeline_001038,project_00078,org_0062,build-and-test,2026-04-21T19:40:54+00:00,success,2964
workflow_003401,pipeline_000657,project_00033,org_0025,lint,2026-03-23T11:51:35+00:00,success,1790
workflow_003402,pipeline_000858,project_00122,org_0050,lint,2026-01-13T15:55:22+00:00,success,673
workflow_003403,pipeline_002559,project_00157,org_0058,test,2026-05-11T00:56:38+00:00,success,404
workflow_003404,pipeline_002804,project_00114,org_0099,build-and-test,2026-04-16T04:41:31+00:00,success,1518
workflow_003405,pipeline_000331,project_00066,org_0081,build-and-test,2026-01-20T01:30:40+00:00,success,2563
workflow_003406,pipeline_001244,project_00148,org_0022,integration-tests,2026-03-27T04:20:27+00:00,failed,2938
workflow_003407,pipeline_000528,project_00197,org_0023,deploy,2026-06-15T19:46:25+00:00,success,738
workflow_003408,pipeline_000852,project_00021,org_0079,build-and-test,2026-02-05T19:49:09+00:00,success,1743
workflow_003409,pipeline_000044,project_00015,org_0050,lint,2026-04-07T21:25:04+00:00,success,1015
workflow_003410,pipeline_001320,project_00032,org_0046,build-and-test,2026-05-17T03:57:22+00:00,success,2709
workflow_003411,pipeline_002167,project_00092,org_0078,deploy,2026-06-06T12:14:23+00:00,success,809
workflow_003412,pipeline_002743,project_00112,org_0045,test,2026-02-27T19:58:29+00:00,failed,3385
workflow_003413,pipeline_002621,project_00050,org_0077,test,2026-08-01T02:47:09+00:00,success,1901
workflow_003414,pipeline_001356,project_00083,org_0057,deploy,2026-06-16T18:10:30+00:00,success,1810
workflow_003415,pipeline_002348,project_00138,org_0054,deploy,2026-08-01T06:10:38+00:00,failed,2324
workflow_003416,pipeline_000124,project_00198,org_0017,integration-tests,2026-06-24T23:00:25+00:00,success,1732
workflow_003417,pipeline_002906,project_00173,org_0032,lint,2026-08-03T03:39:40+00:00,success,1758
workflow_003418,pipeline_001747,project_00168,org_0036,integration-tests,2026-06-12T08:58:24+00:00,success,2316
workflow_003419,pipeline_001931,project_00048,org_0018,test,2026-07-21T09:26:08+00:00,success,875
workflow_003420,pipeline_000006,project_00043,org_0095,test,2026-06-10T18:56:17+00:00,success,1065
workflow_003421,pipeline_000264,project_00072,org_0081,build-and-test,2026-06-25T01:05:55+00:00,success,1815
workflow_003422,pipeline_001602,project_00022,org_0045,test,2026-01-30T17:17:02+00:00,success,47
workflow_003423,pipeline_000126,project_00150,org_0099,integration-tests,2026-07-07T13:15:07+00:00,success,3260
workflow_003424,pipeline_001357,project_00169,org_0005,integration-tests,2026-05-25T08:07:30+00:00,success,1378
workflow_003425,pipeline_002986,project_00083,org_0057,build-and-test,2026-08-08T15:42:53+00:00,success,1256
workflow_003426,pipeline_000585,project_00147,org_0018,integration-tests,2026-01-02T23:19:35+00:00,canceled,3430
workflow_003427,pipeline_002840,project_00013,org_0051,deploy,2026-06-29T02:44:07+00:00,success,2431
workflow_003428,pipeline_000531,project_00113,org_0017,test,2026-01-27T22:50:26+00:00,success,1499
workflow_003429,pipeline_000025,project_00061,org_0082,test,2026-07-04T23:05:10+00:00,failed,2709
workflow_003430,pipeline_002498,project_00183,org_0076,lint,2026-08-21T23:03:20+00:00,success,2918
workflow_003431,pipeline_001703,project_00120,org_0030,build-and-test,2026-02-02T02:15:54+00:00,failed,3195
workflow_003432,pipeline_000800,project_00177,org_0029,build-and-test,2026-06-03T09:38:27+00:00,success,695
workflow_003433,pipeline_002902,project_00095,org_0082,test,2026-02-24T01:26:23+00:00,success,2889
workflow_003434,pipeline_001002,project_00007,org_0039,deploy,2026-01-29T10:13:53+00:00,success,3278
workflow_003435,pipeline_002264,project_00129,org_0012,build-and-test,2026-07-15T22:22:17+00:00,success,3460
workflow_003436,pipeline_002246,project_00081,org_0100,deploy,2026-05-18T04:40:22+00:00,running,2683
workflow_003437,pipeline_001823,project_00102,org_0099,test,2026-07-08T21:10:50+00:00,success,1140
workflow_003438,pipeline_000235,project_00169,org_0005,test,2026-07-21T05:32:19+00:00,success,1687
workflow_003439,pipeline_000715,project_00062,org_0051,test,2026-02-28T10:30:24+00:00,failed,2800
workflow_003440,pipeline_000813,project_00179,org_0021,integration-tests,2026-06-19T09:57:30+00:00,success,3190
workflow_003441,pipeline_000437,project_00018,org_0047,build-and-test,2026-04-30T12:38:53+00:00,success,1380
workflow_003442,pipeline_000652,project_00183,org_0076,test,2026-08-03T00:44:37+00:00,success,2839
workflow_003443,pipeline_001784,project_00177,org_0029,deploy,2026-06-27T02:50:37+00:00,success,2914
workflow_003444,pipeline_002226,project_00014,org_0026,integration-tests,2026-06-16T02:31:15+00:00,success,1676
workflow_003445,pipeline_000166,project_00017,org_0074,deploy,2026-08-16T10:15:44+00:00,success,1853
workflow_003446,pipeline_001132,project_00098,org_0088,integration-tests,2026-03-05T10:14:48+00:00,success,1004
workflow_003447,pipeline_000082,project_00130,org_0026,test,2026-03-07T15:03:07+00:00,canceled,1499
workflow_003448,pipeline_002186,project_00007,org_0039,integration-tests,2026-06-20T03:21:45+00:00,success,3139
workflow_003449,pipeline_002429,project_00025,org_0031,lint,2026-01-15T05:17:04+00:00,success,2256
workflow_003450,pipeline_001769,project_00183,org_0076,build-and-test,2026-04-24T02:21:04+00:00,failed,3509
workflow_003451,pipeline_001268,project_00013,org_0051,deploy,2026-05-03T04:06:03+00:00,success,931
workflow_003452,pipeline_001508,project_00005,org_0062,test,2026-05-29T13:58:49+00:00,canceled,3176
workflow_003453,pipeline_001209,project_00137,org_0014,test,2026-02-15T02:55:16+00:00,success,771
workflow_003454,pipeline_000186,project_00005,org_0062,test,2026-07-16T23:14:40+00:00,failed,1474
workflow_003455,pipeline_002309,project_00061,org_0082,lint,2026-07-08T22:41:40+00:00,success,1852
workflow_003456,pipeline_002032,project_00107,org_0094,integration-tests,2026-02-15T23:56:42+00:00,success,3522
workflow_003457,pipeline_000362,project_00063,org_0064,build-and-test,2026-01-28T19:46:13+00:00,failed,3246
workflow_003458,pipeline_001840,project_00097,org_0073,integration-tests,2026-01-10T20:58:04+00:00,failed,945
workflow_003459,pipeline_000076,project_00058,org_0052,test,2026-05-14T17:34:21+00:00,failed,1945
workflow_003460,pipeline_001687,project_00034,org_0084,deploy,2026-05-10T09:09:22+00:00,success,1054
workflow_003461,pipeline_001332,project_00098,org_0088,build-and-test,2026-01-10T19:43:07+00:00,success,1623
workflow_003462,pipeline_000003,project_00163,org_0017,integration-tests,2026-02-04T10:59:10+00:00,success,3506
workflow_003463,pipeline_001461,project_00121,org_0032,integration-tests,2026-08-24T06:51:17+00:00,success,189
workflow_003464,pipeline_000447,project_00070,org_0012,test,2026-06-10T17:32:38+00:00,success,717
workflow_003465,pipeline_000744,project_00045,org_0057,build-and-test,2026-08-19T07:21:03+00:00,failed,855
workflow_003466,pipeline_001553,project_00190,org_0042,integration-tests,2026-05-18T20:26:41+00:00,success,1569
workflow_003467,pipeline_000249,project_00142,org_0065,build-and-test,2026-03-11T07:36:27+00:00,canceled,831
workflow_003468,pipeline_001116,project_00006,org_0057,lint,2026-08-16T21:50:34+00:00,success,3095
workflow_003469,pipeline_000289,project_00135,org_0045,deploy,2026-07-27T07:13:43+00:00,success,2633
workflow_003470,pipeline_002367,project_00165,org_0074,integration-tests,2026-05-24T06:07:30+00:00,success,2985
workflow_003471,pipeline_000931,project_00114,org_0099,build-and-test,2026-03-14T04:55:54+00:00,failed,2060
workflow_003472,pipeline_001151,project_00024,org_0011,lint,2026-03-06T02:57:57+00:00,canceled,3062
workflow_003473,pipeline_000479,project_00084,org_0081,deploy,2026-07-11T23:09:52+00:00,failed,2373
workflow_003474,pipeline_002476,project_00198,org_0017,lint,2026-08-31T11:48:44+00:00,success,3553
workflow_003475,pipeline_002435,project_00059,org_0059,deploy,2026-08-12T13:40:40+00:00,success,2624
workflow_003476,pipeline_001345,project_00056,org_0074,lint,2026-05-22T17:01:38+00:00,canceled,3237
workflow_003477,pipeline_000903,project_00195,org_0082,deploy,2026-04-20T04:21:47+00:00,success,2019
workflow_003478,pipeline_002216,project_00133,org_0098,integration-tests,2026-06-09T19:49:25+00:00,success,3424
workflow_003479,pipeline_000597,project_00094,org_0050,integration-tests,2026-03-10T01:36:38+00:00,success,2662
workflow_003480,pipeline_002298,project_00067,org_0021,integration-tests,2026-08-13T02:26:05+00:00,success,2129
workflow_003481,pipeline_002671,project_00017,org_0074,build-and-test,2026-06-27T13:06:10+00:00,success,3171
workflow_003482,pipeline_001058,project_00028,org_0055,deploy,2026-08-11T09:07:40+00:00,canceled,1944
workflow_003483,pipeline_001622,project_00044,org_0058,deploy,2026-07-23T17:31:29+00:00,success,2358
workflow_003484,pipeline_000036,project_00159,org_0008,build-and-test,2026-08-25T09:04:41+00:00,success,2063
workflow_003485,pipeline_002406,project_00119,org_0033,test,2026-03-03T14:18:24+00:00,success,2535
workflow_003486,pipeline_002982,project_00106,org_0082,test,2026-07-18T05:36:55+00:00,failed,1310
workflow_003487,pipeline_001895,project_00060,org_0001,test,2026-06-20T04:59:27+00:00,failed,1298
workflow_003488,pipeline_001136,project_00007,org_0039,build-and-test,2026-08-23T10:01:38+00:00,failed,207
workflow_003489,pipeline_001851,project_00064,org_0044,lint,2026-03-10T21:05:59+00:00,success,3422
workflow_003490,pipeline_000698,project_00061,org_0082,lint,2026-05-02T04:58:42+00:00,success,2652
workflow_003491,pipeline_001407,project_00135,org_0045,test,2026-07-15T09:39:54+00:00,success,1249
workflow_003492,pipeline_001852,project_00036,org_0011,test,2026-07-02T10:58:18+00:00,running,476
workflow_003493,pipeline_002824,project_00034,org_0084,lint,2026-04-05T04:25:07+00:00,success,3308
workflow_003494,pipeline_001062,project_00181,org_0050,deploy,2026-02-22T04:03:56+00:00,success,2701
workflow_003495,pipeline_002112,project_00194,org_0042,deploy,2026-05-20T22:23:49+00:00,canceled,2142
workflow_003496,pipeline_001350,project_00101,org_0065,integration-tests,2026-02-09T23:02:49+00:00,failed,1922
workflow_003497,pipeline_002483,project_00159,org_0008,integration-tests,2026-04-25T15:00:27+00:00,canceled,1520
workflow_003498,pipeline_002074,project_00119,org_0033,test,2026-05-06T23:19:36+00:00,success,3127
workflow_003499,pipeline_000914,project_00072,org_0081,lint,2026-06-13T03:15:44+00:00,success,2757
workflow_003500,pipeline_002262,project_00186,org_0005,build-and-test,2026-03-11T11:41:32+00:00,success,2185
workflow_003501,pipeline_001268,project_00013,org_0051,deploy,2026-05-03T04:06:03+00:00,running,2803
workflow_003502,pipeline_000160,project_00172,org_0018,lint,2026-03-24T18:56:10+00:00,failed,2870
workflow_003503,pipeline_000863,project_00056,org_0074,build-and-test,2026-03-13T02:24:09+00:00,running,2701
workflow_003504,pipeline_002745,project_00015,org_0050,build-and-test,2026-04-14T07:20:25+00:00,failed,3471
workflow_003505,pipeline_001909,project_00166,org_0064,lint,2026-06-20T23:22:53+00:00,canceled,414
workflow_003506,pipeline_002811,project_00176,org_0024,deploy,2026-07-05T13:00:55+00:00,success,134
workflow_003507,pipeline_002630,project_00173,org_0032,build-and-test,2026-07-18T23:04:37+00:00,success,2219
workflow_003508,pipeline_000893,project_00018,org_0047,lint,2026-04-27T18:09:09+00:00,success,638
workflow_003509,pipeline_000782,project_00166,org_0064,deploy,2026-03-01T20:38:21+00:00,failed,2082
workflow_003510,pipeline_001318,project_00149,org_0053,test,2026-01-13T16:11:06+00:00,success,804
workflow_003511,pipeline_001675,project_00056,org_0074,integration-tests,2026-07-01T15:10:11+00:00,success,1422
workflow_003512,pipeline_000533,project_00197,org_0023,integration-tests,2026-06-17T11:34:28+00:00,success,3166
workflow_003513,pipeline_000178,project_00033,org_0025,deploy,2026-04-02T02:00:16+00:00,success,3163
workflow_003514,pipeline_000567,project_00195,org_0082,lint,2026-07-29T14:34:52+00:00,success,679
workflow_003515,pipeline_001879,project_00112,org_0045,deploy,2026-08-03T21:06:58+00:00,success,2778
workflow_003516,pipeline_002912,project_00033,org_0025,test,2026-05-23T14:15:42+00:00,failed,1196
workflow_003517,pipeline_002553,project_00136,org_0098,lint,2026-05-02T19:50:46+00:00,success,2463
workflow_003518,pipeline_002827,project_00059,org_0059,build-and-test,2026-01-21T20:30:41+00:00,success,554
workflow_003519,pipeline_001007,project_00156,org_0034,test,2026-02-09T00:52:07+00:00,success,336
workflow_003520,pipeline_001197,project_00183,org_0076,lint,2026-04-09T01:42:29+00:00,failed,1380
workflow_003521,pipeline_000137,project_00052,org_0018,integration-tests,2026-04-14T16:25:04+00:00,success,1492
workflow_003522,pipeline_001286,project_00022,org_0045,test,2026-06-10T11:14:57+00:00,success,1879
workflow_003523,pipeline_000172,project_00153,org_0006,deploy,2026-06-03T01:06:27+00:00,success,1713
workflow_003524,pipeline_000466,project_00117,org_0066,lint,2026-05-01T13:03:36+00:00,success,826
workflow_003525,pipeline_001713,project_00087,org_0094,test,2026-04-26T00:15:58+00:00,success,3277
workflow_003526,pipeline_001477,project_00033,org_0025,integration-tests,2026-07-20T21:05:24+00:00,success,1955
workflow_003527,pipeline_001605,project_00132,org_0076,build-and-test,2026-01-10T02:24:05+00:00,failed,471
workflow_003528,pipeline_002257,project_00048,org_0018,integration-tests,2026-03-30T23:15:40+00:00,success,2744
workflow_003529,pipeline_002446,project_00150,org_0099,build-and-test,2026-05-09T04:16:56+00:00,canceled,634
workflow_003530,pipeline_001957,project_00096,org_0047,build-and-test,2026-01-27T22:45:16+00:00,failed,1360
workflow_003531,pipeline_000122,project_00031,org_0041,lint,2026-06-02T14:03:38+00:00,failed,453
workflow_003532,pipeline_000631,project_00036,org_0011,deploy,2026-08-17T00:54:53+00:00,failed,2246
workflow_003533,pipeline_002659,project_00074,org_0001,deploy,2026-03-23T05:25:36+00:00,success,2619
workflow_003534,pipeline_000109,project_00121,org_0032,test,2026-07-12T13:30:59+00:00,success,1190
workflow_003535,pipeline_001718,project_00177,org_0029,integration-tests,2026-08-28T17:06:15+00:00,failed,1047
workflow_003536,pipeline_002750,project_00147,org_0018,build-and-test,2026-01-02T04:12:45+00:00,canceled,1549
workflow_003537,pipeline_001515,project_00191,org_0076,test,2026-04-03T12:26:08+00:00,failed,1423
workflow_003538,pipeline_002379,project_00025,org_0031,test,2026-04-13T14:31:15+00:00,success,1700
workflow_003539,pipeline_000870,project_00147,org_0018,test,2026-04-30T22:40:21+00:00,success,2076
workflow_003540,pipeline_002042,project_00050,org_0077,lint,2026-07-19T09:26:50+00:00,failed,2511
workflow_003541,pipeline_002754,project_00119,org_0033,test,2026-08-18T06:09:16+00:00,canceled,916
workflow_003542,pipeline_000951,project_00037,org_0005,deploy,2026-02-20T19:05:41+00:00,success,3543
workflow_003543,pipeline_000786,project_00158,org_0014,integration-tests,2026-03-14T08:57:44+00:00,failed,282
workflow_003544,pipeline_001077,project_00163,org_0017,lint,2026-05-20T21:21:34+00:00,success,2158
workflow_003545,pipeline_000729,project_00126,org_0016,deploy,2026-07-27T04:18:01+00:00,success,1574
workflow_003546,pipeline_002953,project_00092,org_0078,deploy,2026-01-24T02:46:34+00:00,canceled,1767
workflow_003547,pipeline_002306,project_00063,org_0064,build-and-test,2026-03-05T02:06:05+00:00,success,2838
workflow_003548,pipeline_000753,project_00108,org_0012,deploy,2026-03-12T01:10:08+00:00,success,1849
workflow_003549,pipeline_001535,project_00150,org_0099,test,2026-01-13T15:50:58+00:00,success,1670
workflow_003550,pipeline_000427,project_00195,org_0082,lint,2026-06-15T22:56:48+00:00,failed,182
workflow_003551,pipeline_001769,project_00183,org_0076,lint,2026-04-24T02:21:04+00:00,success,2984
workflow_003552,pipeline_000275,project_00098,org_0088,test,2026-08-27T07:45:39+00:00,success,737
workflow_003553,pipeline_000159,project_00025,org_0031,build-and-test,2026-03-07T00:13:57+00:00,success,3504
workflow_003554,pipeline_000856,project_00042,org_0070,test,2026-02-26T01:24:14+00:00,success,165
workflow_003555,pipeline_001873,project_00160,org_0052,lint,2026-04-13T01:31:00+00:00,success,700
workflow_003556,pipeline_000470,project_00123,org_0071,lint,2026-06-29T03:05:02+00:00,success,332
workflow_003557,pipeline_002258,project_00060,org_0001,deploy,2026-02-05T20:01:40+00:00,failed,3122
workflow_003558,pipeline_002811,project_00176,org_0024,deploy,2026-07-05T13:00:55+00:00,success,2631
workflow_003559,pipeline_000298,project_00069,org_0084,integration-tests,2026-06-10T08:32:35+00:00,success,1577
workflow_003560,pipeline_002658,project_00034,org_0084,integration-tests,2026-05-23T06:06:30+00:00,success,40
workflow_003561,pipeline_001382,project_00055,org_0032,deploy,2026-01-06T02:21:46+00:00,success,378
workflow_003562,pipeline_000654,project_00090,org_0077,deploy,2026-05-02T00:04:30+00:00,canceled,202
workflow_003563,pipeline_000228,project_00115,org_0035,integration-tests,2026-03-04T20:02:23+00:00,success,625
workflow_003564,pipeline_002093,project_00083,org_0057,deploy,2026-02-01T13:50:32+00:00,success,1850
workflow_003565,pipeline_001146,project_00146,org_0035,deploy,2026-04-14T20:04:05+00:00,success,251
workflow_003566,pipeline_001293,project_00125,org_0035,test,2026-03-24T13:54:12+00:00,success,1357
workflow_003567,pipeline_002012,project_00066,org_0081,integration-tests,2026-03-04T06:15:34+00:00,success,1852
workflow_003568,pipeline_000683,project_00128,org_0060,integration-tests,2026-01-11T09:19:03+00:00,canceled,284
workflow_003569,pipeline_001640,project_00020,org_0068,deploy,2026-01-21T06:26:18+00:00,success,2868
workflow_003570,pipeline_002705,project_00010,org_0067,integration-tests,2026-04-25T00:39:51+00:00,failed,3090
workflow_003571,pipeline_000106,project_00133,org_0098,build-and-test,2026-07-23T03:40:29+00:00,running,715
workflow_003572,pipeline_001727,project_00054,org_0032,integration-tests,2026-01-08T06:28:23+00:00,success,1222
workflow_003573,pipeline_001060,project_00001,org_0020,lint,2026-02-07T14:54:00+00:00,failed,1527
workflow_003574,pipeline_002062,project_00068,org_0055,integration-tests,2026-02-25T21:10:40+00:00,success,3063
workflow_003575,pipeline_001109,project_00110,org_0016,lint,2026-03-07T07:57:04+00:00,success,3489
workflow_003576,pipeline_002326,project_00038,org_0037,lint,2026-02-11T19:35:56+00:00,failed,3396
workflow_003577,pipeline_000080,project_00193,org_0076,lint,2026-03-15T04:15:28+00:00,failed,1116
workflow_003578,pipeline_001803,project_00107,org_0094,deploy,2026-04-15T14:49:59+00:00,failed,1082
workflow_003579,pipeline_001404,project_00020,org_0068,deploy,2026-03-08T07:16:24+00:00,success,920
workflow_003580,pipeline_001856,project_00161,org_0075,integration-tests,2026-05-25T22:19:41+00:00,success,1056
workflow_003581,pipeline_001923,project_00051,org_0038,lint,2026-02-06T06:12:45+00:00,success,2226
workflow_003582,pipeline_001069,project_00055,org_0032,build-and-test,2026-07-22T20:30:38+00:00,success,3349
workflow_003583,pipeline_002855,project_00079,org_0012,integration-tests,2026-01-05T14:07:35+00:00,success,1332
workflow_003584,pipeline_001961,project_00031,org_0041,lint,2026-05-02T00:55:53+00:00,success,3583
workflow_003585,pipeline_000217,project_00134,org_0053,lint,2026-06-13T09:03:33+00:00,success,2548
workflow_003586,pipeline_002106,project_00014,org_0026,integration-tests,2026-05-07T19:33:18+00:00,success,657
workflow_003587,pipeline_002236,project_00190,org_0042,test,2026-08-27T12:07:39+00:00,success,2169
workflow_003588,pipeline_000252,project_00059,org_0059,integration-tests,2026-03-20T17:55:16+00:00,success,3293
workflow_003589,pipeline_000601,project_00014,org_0026,lint,2026-01-25T14:38:36+00:00,failed,321
workflow_003590,pipeline_002898,project_00097,org_0073,lint,2026-01-10T01:51:28+00:00,success,1822
workflow_003591,pipeline_000110,project_00062,org_0051,build-and-test,2026-05-09T12:09:48+00:00,success,3575
workflow_003592,pipeline_002019,project_00096,org_0047,build-and-test,2026-04-30T04:30:21+00:00,success,1767
workflow_003593,pipeline_000137,project_00052,org_0018,test,2026-04-14T16:25:04+00:00,success,2967
workflow_003594,pipeline_001630,project_00085,org_0088,integration-tests,2026-02-06T18:48:13+00:00,success,3285
workflow_003595,pipeline_000825,project_00194,org_0042,build-and-test,2026-02-13T01:57:01+00:00,failed,2656
workflow_003596,pipeline_001645,project_00126,org_0016,lint,2026-04-08T07:11:35+00:00,success,1963
workflow_003597,pipeline_002365,project_00164,org_0006,test,2026-07-07T17:49:48+00:00,success,621
workflow_003598,pipeline_001910,project_00103,org_0011,integration-tests,2026-06-17T16:38:34+00:00,success,534
workflow_003599,pipeline_000714,project_00187,org_0078,test,2026-01-24T06:08:15+00:00,success,2834
workflow_003600,pipeline_001479,project_00065,org_0044,deploy,2026-06-01T15:02:16+00:00,running,2783
workflow_003601,pipeline_002809,project_00088,org_0041,test,2026-08-17T11:50:23+00:00,success,1663
workflow_003602,pipeline_000074,project_00099,org_0003,build-and-test,2026-01-02T19:31:10+00:00,success,380
workflow_003603,pipeline_002527,project_00062,org_0051,integration-tests,2026-04-29T01:32:35+00:00,failed,2308
workflow_003604,pipeline_000081,project_00059,org_0059,integration-tests,2026-03-29T02:49:35+00:00,success,2907
workflow_003605,pipeline_000486,project_00181,org_0050,lint,2026-08-06T11:51:37+00:00,success,2137
workflow_003606,pipeline_002966,project_00092,org_0078,lint,2026-05-15T09:57:43+00:00,success,450
workflow_003607,pipeline_001504,project_00079,org_0012,deploy,2026-08-03T18:00:48+00:00,success,1944
workflow_003608,pipeline_002658,project_00034,org_0084,build-and-test,2026-05-23T06:06:30+00:00,failed,254
workflow_003609,pipeline_001931,project_00048,org_0018,test,2026-07-21T09:26:08+00:00,success,956
workflow_003610,pipeline_000922,project_00016,org_0027,lint,2026-01-13T22:47:08+00:00,running,2401
workflow_003611,pipeline_001528,project_00090,org_0077,lint,2026-02-12T09:28:38+00:00,success,1885
workflow_003612,pipeline_002865,project_00079,org_0012,deploy,2026-05-03T03:22:18+00:00,success,1232
workflow_003613,pipeline_001689,project_00052,org_0018,build-and-test,2026-03-08T19:47:38+00:00,success,1371
workflow_003614,pipeline_000276,project_00164,org_0006,build-and-test,2026-05-12T00:41:13+00:00,success,3424
workflow_003615,pipeline_002338,project_00124,org_0032,build-and-test,2026-07-14T14:22:30+00:00,success,1950
workflow_003616,pipeline_000209,project_00115,org_0035,build-and-test,2026-08-24T13:13:51+00:00,success,3048
workflow_003617,pipeline_001484,project_00053,org_0084,build-and-test,2026-08-01T11:13:25+00:00,failed,78
workflow_003618,pipeline_001525,project_00176,org_0024,build-and-test,2026-07-16T18:57:54+00:00,success,2754
workflow_003619,pipeline_001184,project_00087,org_0094,integration-tests,2026-06-15T11:18:53+00:00,success,2840
workflow_003620,pipeline_002568,project_00186,org_0005,deploy,2026-08-31T21:03:15+00:00,failed,2560
workflow_003621,pipeline_000720,project_00052,org_0018,build-and-test,2026-03-03T21:19:43+00:00,success,2793
workflow_003622,pipeline_000706,project_00077,org_0016,integration-tests,2026-08-11T17:36:01+00:00,canceled,1957
workflow_003623,pipeline_001493,project_00158,org_0014,integration-tests,2026-05-23T19:17:35+00:00,failed,1968
workflow_003624,pipeline_001102,project_00141,org_0059,lint,2026-06-02T08:21:59+00:00,success,2708
workflow_003625,pipeline_002719,project_00042,org_0070,test,2026-07-06T03:29:51+00:00,success,3585
workflow_003626,pipeline_002455,project_00138,org_0054,lint,2026-02-06T07:49:25+00:00,success,3581
workflow_003627,pipeline_001849,project_00180,org_0035,test,2026-02-02T19:08:41+00:00,success,3143
workflow_003628,pipeline_000685,project_00197,org_0023,test,2026-07-11T03:31:12+00:00,success,2746
workflow_003629,pipeline_002778,project_00151,org_0060,integration-tests,2026-05-18T17:29:45+00:00,failed,1086
workflow_003630,pipeline_002741,project_00031,org_0041,deploy,2026-08-06T23:18:08+00:00,success,371
workflow_003631,pipeline_001657,project_00050,org_0077,test,2026-08-27T10:55:48+00:00,success,3218
workflow_003632,pipeline_002945,project_00197,org_0023,deploy,2026-05-07T01:02:53+00:00,success,191
workflow_003633,pipeline_002786,project_00144,org_0031,test,2026-05-12T06:33:19+00:00,success,798
workflow_003634,pipeline_000977,project_00189,org_0026,lint,2026-01-04T18:14:05+00:00,canceled,2539
workflow_003635,pipeline_000942,project_00053,org_0084,lint,2026-06-05T11:11:00+00:00,failed,3291
workflow_003636,pipeline_001620,project_00033,org_0025,integration-tests,2026-01-06T06:59:23+00:00,failed,2842
workflow_003637,pipeline_002491,project_00136,org_0098,lint,2026-07-16T04:57:27+00:00,success,501
workflow_003638,pipeline_002770,project_00132,org_0076,lint,2026-04-01T13:00:07+00:00,failed,49
workflow_003639,pipeline_002172,project_00090,org_0077,test,2026-07-10T10:00:21+00:00,success,3170
workflow_003640,pipeline_000363,project_00023,org_0023,lint,2026-02-13T16:51:15+00:00,success,2722
workflow_003641,pipeline_000191,project_00003,org_0015,test,2026-04-03T18:31:49+00:00,success,2550
workflow_003642,pipeline_002964,project_00019,org_0015,lint,2026-07-30T18:53:59+00:00,success,352
workflow_003643,pipeline_001127,project_00114,org_0099,test,2026-02-24T07:32:36+00:00,success,172
workflow_003644,pipeline_002112,project_00194,org_0042,build-and-test,2026-05-20T22:23:49+00:00,success,3386
workflow_003645,pipeline_001383,project_00125,org_0035,integration-tests,2026-02-10T14:20:03+00:00,success,1190
workflow_003646,pipeline_000185,project_00138,org_0054,test,2026-03-18T06:52:41+00:00,success,1117
workflow_003647,pipeline_001355,project_00155,org_0066,build-and-test,2026-07-26T00:36:05+00:00,success,2395
workflow_003648,pipeline_002285,project_00162,org_0009,lint,2026-07-22T08:55:13+00:00,success,1088
workflow_003649,pipeline_001532,project_00076,org_0002,deploy,2026-08-30T12:40:50+00:00,success,1837
workflow_003650,pipeline_002422,project_00145,org_0051,build-and-test,2026-05-19T14:25:57+00:00,success,507
workflow_003651,pipeline_000371,project_00053,org_0084,build-and-test,2026-08-01T05:02:34+00:00,canceled,2152
workflow_003652,pipeline_001524,project_00159,org_0008,build-and-test,2026-01-20T06:06:57+00:00,canceled,1055
workflow_003653,pipeline_001681,project_00113,org_0017,lint,2026-08-28T11:14:36+00:00,failed,2527
workflow_003654,pipeline_002269,project_00174,org_0062,test,2026-06-03T09:49:28+00:00,success,3382
workflow_003655,pipeline_000680,project_00171,org_0008,build-and-test,2026-08-23T05:54:33+00:00,success,3416
workflow_003656,pipeline_002363,project_00123,org_0071,lint,2026-05-17T11:07:23+00:00,success,2757
workflow_003657,pipeline_000859,project_00155,org_0066,build-and-test,2026-06-08T16:36:47+00:00,failed,1889
workflow_003658,pipeline_002963,project_00110,org_0016,deploy,2026-01-18T17:05:21+00:00,success,2869
workflow_003659,pipeline_002179,project_00065,org_0044,build-and-test,2026-08-16T10:45:24+00:00,failed,193
workflow_003660,pipeline_000640,project_00191,org_0076,deploy,2026-05-21T11:50:34+00:00,success,1744
workflow_003661,pipeline_001085,project_00197,org_0023,deploy,2026-04-19T21:07:28+00:00,success,2058
workflow_003662,pipeline_002715,project_00071,org_0048,deploy,2026-03-16T01:58:43+00:00,success,3517
workflow_003663,pipeline_001360,project_00099,org_0003,test,2026-04-21T03:28:35+00:00,success,701
workflow_003664,pipeline_002353,project_00006,org_0057,integration-tests,2026-02-08T15:02:01+00:00,failed,2013
workflow_003665,pipeline_002245,project_00154,org_0012,build-and-test,2026-05-27T16:05:10+00:00,failed,607
workflow_003666,pipeline_000264,project_00072,org_0081,test,2026-06-25T01:05:55+00:00,success,2827
workflow_003667,pipeline_001047,project_00126,org_0016,integration-tests,2026-04-30T13:00:17+00:00,failed,1177
workflow_003668,pipeline_001831,project_00200,org_0024,test,2026-06-17T22:14:01+00:00,success,1237
workflow_003669,pipeline_000715,project_00062,org_0051,integration-tests,2026-02-28T10:30:24+00:00,success,1896
workflow_003670,pipeline_000425,project_00144,org_0031,lint,2026-03-10T21:40:02+00:00,failed,1062
workflow_003671,pipeline_002795,project_00001,org_0020,lint,2026-05-13T17:08:43+00:00,running,768
workflow_003672,pipeline_000331,project_00066,org_0081,test,2026-01-20T01:30:40+00:00,success,1906
workflow_003673,pipeline_000751,project_00049,org_0073,lint,2026-04-14T09:11:25+00:00,success,224
workflow_003674,pipeline_001112,project_00126,org_0016,test,2026-04-28T13:16:17+00:00,failed,2575
workflow_003675,pipeline_000742,project_00022,org_0045,lint,2026-02-13T00:59:37+00:00,success,3466
workflow_003676,pipeline_001753,project_00121,org_0032,integration-tests,2026-03-19T14:08:02+00:00,canceled,2153
workflow_003677,pipeline_002659,project_00074,org_0001,integration-tests,2026-03-23T05:25:36+00:00,success,2249
workflow_003678,pipeline_002150,project_00139,org_0092,lint,2026-02-26T13:58:56+00:00,canceled,1384
workflow_003679,pipeline_001201,project_00127,org_0067,test,2026-07-26T18:58:43+00:00,success,1086
workflow_003680,pipeline_001852,project_00036,org_0011,test,2026-07-02T10:58:18+00:00,canceled,995
workflow_003681,pipeline_001138,project_00086,org_0013,build-and-test,2026-04-17T02:54:09+00:00,success,2530
workflow_003682,pipeline_000558,project_00179,org_0021,integration-tests,2026-05-24T15:58:21+00:00,running,902
workflow_003683,pipeline_001704,project_00004,org_0044,build-and-test,2026-03-04T11:32:43+00:00,failed,2496
workflow_003684,pipeline_001782,project_00021,org_0079,deploy,2026-01-22T17:43:22+00:00,failed,1393
workflow_003685,pipeline_002718,project_00037,org_0005,build-and-test,2026-07-07T03:11:25+00:00,running,2411
workflow_003686,pipeline_000856,project_00042,org_0070,test,2026-02-26T01:24:14+00:00,success,1050
workflow_003687,pipeline_002114,project_00107,org_0094,integration-tests,2026-06-03T18:53:45+00:00,success,657
workflow_003688,pipeline_001142,project_00142,org_0065,integration-tests,2026-04-16T06:24:21+00:00,success,1236
workflow_003689,pipeline_001961,project_00031,org_0041,integration-tests,2026-05-02T00:55:53+00:00,success,2974
workflow_003690,pipeline_002741,project_00031,org_0041,test,2026-08-06T23:18:08+00:00,success,316
workflow_003691,pipeline_001476,project_00110,org_0016,lint,2026-08-31T21:48:34+00:00,success,1676
workflow_003692,pipeline_000558,project_00179,org_0021,deploy,2026-05-24T15:58:21+00:00,failed,1013
workflow_003693,pipeline_000255,project_00081,org_0100,lint,2026-07-11T04:56:41+00:00,success,1745
workflow_003694,pipeline_001374,project_00002,org_0014,integration-tests,2026-01-21T09:15:05+00:00,success,153
workflow_003695,pipeline_001295,project_00164,org_0006,deploy,2026-03-24T21:41:09+00:00,success,173
workflow_003696,pipeline_000538,project_00123,org_0071,deploy,2026-06-19T08:21:07+00:00,success,1256
workflow_003697,pipeline_000989,project_00053,org_0084,deploy,2026-05-01T07:08:46+00:00,success,3458
workflow_003698,pipeline_001803,project_00107,org_0094,deploy,2026-04-15T14:49:59+00:00,failed,2694
workflow_003699,pipeline_002931,project_00122,org_0050,lint,2026-03-20T12:29:48+00:00,success,1725
workflow_003700,pipeline_002604,project_00189,org_0026,deploy,2026-08-25T19:05:42+00:00,success,1900
workflow_003701,pipeline_001443,project_00190,org_0042,lint,2026-07-12T08:34:26+00:00,success,286
workflow_003702,pipeline_000431,project_00156,org_0034,deploy,2026-05-03T21:53:13+00:00,success,888
workflow_003703,pipeline_002227,project_00122,org_0050,build-and-test,2026-06-19T18:44:25+00:00,success,3501
workflow_003704,pipeline_000762,project_00087,org_0094,integration-tests,2026-07-01T18:52:01+00:00,canceled,2240
workflow_003705,pipeline_000195,project_00093,org_0038,lint,2026-05-31T17:17:23+00:00,success,1336
workflow_003706,pipeline_002855,project_00079,org_0012,test,2026-01-05T14:07:35+00:00,success,3559
workflow_003707,pipeline_002092,project_00081,org_0100,test,2026-07-18T10:29:48+00:00,success,1572
workflow_003708,pipeline_000949,project_00054,org_0032,test,2026-04-29T11:28:50+00:00,success,2932
workflow_003709,pipeline_001215,project_00084,org_0081,build-and-test,2026-04-15T09:20:13+00:00,success,147
workflow_003710,pipeline_000677,project_00017,org_0074,integration-tests,2026-05-22T06:01:22+00:00,failed,750
workflow_003711,pipeline_001387,project_00072,org_0081,deploy,2026-06-14T07:31:18+00:00,success,731
workflow_003712,pipeline_002715,project_00071,org_0048,integration-tests,2026-03-16T01:58:43+00:00,failed,1591
workflow_003713,pipeline_001773,project_00038,org_0037,integration-tests,2026-08-15T21:27:46+00:00,success,1324
workflow_003714,pipeline_002513,project_00036,org_0011,test,2026-06-08T04:06:56+00:00,success,2957
workflow_003715,pipeline_002482,project_00069,org_0084,integration-tests,2026-04-05T01:43:15+00:00,failed,749
workflow_003716,pipeline_002199,project_00163,org_0017,integration-tests,2026-07-30T06:14:24+00:00,failed,2867
workflow_003717,pipeline_002182,project_00124,org_0032,test,2026-07-08T20:09:17+00:00,success,177
workflow_003718,pipeline_001345,project_00056,org_0074,deploy,2026-05-22T17:01:38+00:00,success,354
workflow_003719,pipeline_002744,project_00062,org_0051,deploy,2026-02-23T16:19:21+00:00,failed,716
workflow_003720,pipeline_002527,project_00062,org_0051,integration-tests,2026-04-29T01:32:35+00:00,success,1915
workflow_003721,pipeline_000374,project_00052,org_0018,deploy,2026-08-28T23:50:57+00:00,success,682
workflow_003722,pipeline_000069,project_00052,org_0018,deploy,2026-05-14T01:54:53+00:00,failed,1593
workflow_003723,pipeline_002143,project_00010,org_0067,lint,2026-07-13T04:19:20+00:00,running,549
workflow_003724,pipeline_001813,project_00072,org_0081,lint,2026-08-24T14:53:56+00:00,success,587
workflow_003725,pipeline_001751,project_00191,org_0076,integration-tests,2026-08-22T12:55:08+00:00,failed,3215
workflow_003726,pipeline_001385,project_00028,org_0055,deploy,2026-02-20T12:15:06+00:00,success,2197
workflow_003727,pipeline_001896,project_00117,org_0066,lint,2026-03-01T16:22:11+00:00,running,2988
workflow_003728,pipeline_000997,project_00101,org_0065,deploy,2026-01-17T22:58:56+00:00,success,2008
workflow_003729,pipeline_001839,project_00198,org_0017,integration-tests,2026-05-19T00:03:11+00:00,success,1130
workflow_003730,pipeline_001793,project_00085,org_0088,build-and-test,2026-07-17T00:18:47+00:00,canceled,59
workflow_003731,pipeline_001666,project_00021,org_0079,deploy,2026-04-06T19:42:36+00:00,success,962
workflow_003732,pipeline_000909,project_00067,org_0021,test,2026-08-10T07:53:01+00:00,success,1451
workflow_003733,pipeline_002608,project_00051,org_0038,test,2026-07-29T10:21:41+00:00,success,1431
workflow_003734,pipeline_001742,project_00072,org_0081,deploy,2026-05-05T01:03:22+00:00,success,2693
workflow_003735,pipeline_000529,project_00042,org_0070,lint,2026-01-29T17:42:09+00:00,success,2953
workflow_003736,pipeline_000150,project_00057,org_0049,build-and-test,2026-03-13T09:47:03+00:00,success,902
workflow_003737,pipeline_001392,project_00086,org_0013,integration-tests,2026-01-21T15:27:35+00:00,success,2422
workflow_003738,pipeline_001925,project_00027,org_0054,deploy,2026-04-25T03:27:38+00:00,success,545
workflow_003739,pipeline_001894,project_00080,org_0048,deploy,2026-07-23T14:16:47+00:00,failed,2771
workflow_003740,pipeline_000519,project_00168,org_0036,deploy,2026-08-15T20:55:21+00:00,success,3371
workflow_003741,pipeline_001836,project_00137,org_0014,build-and-test,2026-08-22T18:18:52+00:00,success,698
workflow_003742,pipeline_001043,project_00098,org_0088,build-and-test,2026-06-30T01:32:33+00:00,failed,654
workflow_003743,pipeline_001357,project_00169,org_0005,test,2026-05-25T08:07:30+00:00,success,1711
workflow_003744,pipeline_002135,project_00003,org_0015,integration-tests,2026-04-17T12:01:16+00:00,failed,2898
workflow_003745,pipeline_002802,project_00147,org_0018,deploy,2026-08-01T06:52:42+00:00,running,3289
workflow_003746,pipeline_001843,project_00186,org_0005,lint,2026-07-20T14:05:36+00:00,success,1230
workflow_003747,pipeline_000428,project_00032,org_0046,build-and-test,2026-04-17T13:45:58+00:00,success,2315
workflow_003748,pipeline_002202,project_00068,org_0055,build-and-test,2026-06-07T19:50:34+00:00,success,2421
workflow_003749,pipeline_001726,project_00103,org_0011,test,2026-03-12T09:28:10+00:00,success,2671
workflow_003750,pipeline_001886,project_00100,org_0028,deploy,2026-07-22T15:02:56+00:00,success,3476
workflow_003751,pipeline_001407,project_00135,org_0045,lint,2026-07-15T09:39:54+00:00,success,1246
workflow_003752,pipeline_001141,project_00126,org_0016,integration-tests,2026-02-07T02:30:09+00:00,success,1113
workflow_003753,pipeline_002749,project_00197,org_0023,lint,2026-08-03T09:20:08+00:00,success,964
workflow_003754,pipeline_000849,project_00171,org_0008,deploy,2026-08-11T10:33:48+00:00,failed,2584
workflow_003755,pipeline_000289,project_00135,org_0045,deploy,2026-07-27T07:13:43+00:00,success,2496
workflow_003756,pipeline_001353,project_00110,org_0016,test,2026-03-19T13:31:57+00:00,success,2854
workflow_003757,pipeline_001793,project_00085,org_0088,build-and-test,2026-07-17T00:18:47+00:00,success,3507
workflow_003758,pipeline_001734,project_00170,org_0064,deploy,2026-08-10T21:01:32+00:00,success,2548
workflow_003759,pipeline_001073,project_00001,org_0020,test,2026-06-27T10:47:46+00:00,success,2458
workflow_003760,pipeline_002775,project_00128,org_0060,test,2026-08-18T07:12:21+00:00,canceled,1757
workflow_003761,pipeline_001125,project_00077,org_0016,build-and-test,2026-05-22T04:37:17+00:00,success,128
workflow_003762,pipeline_002606,project_00193,org_0076,integration-tests,2026-01-14T21:40:31+00:00,success,875
workflow_003763,pipeline_000243,project_00132,org_0076,build-and-test,2026-04-11T01:52:35+00:00,success,2972
workflow_003764,pipeline_000194,project_00017,org_0074,deploy,2026-04-13T15:59:12+00:00,failed,1033
workflow_003765,pipeline_002359,project_00131,org_0095,integration-tests,2026-02-17T10:01:52+00:00,success,510
workflow_003766,pipeline_000989,project_00053,org_0084,integration-tests,2026-05-01T07:08:46+00:00,success,3581
workflow_003767,pipeline_001540,project_00063,org_0064,deploy,2026-05-21T13:45:28+00:00,success,1044
workflow_003768,pipeline_001458,project_00090,org_0077,lint,2026-07-23T21:52:24+00:00,success,248
workflow_003769,pipeline_001313,project_00046,org_0095,integration-tests,2026-06-28T04:32:44+00:00,failed,340
workflow_003770,pipeline_000157,project_00198,org_0017,integration-tests,2026-05-26T14:51:44+00:00,success,509
workflow_003771,pipeline_001500,project_00114,org_0099,deploy,2026-04-28T13:32:41+00:00,success,1177
workflow_003772,pipeline_000810,project_00060,org_0001,test,2026-01-24T13:48:31+00:00,success,116
workflow_003773,pipeline_000530,project_00086,org_0013,lint,2026-01-24T07:47:13+00:00,success,2125
workflow_003774,pipeline_001888,project_00054,org_0032,build-and-test,2026-08-27T02:40:01+00:00,running,1590
workflow_003775,pipeline_001499,project_00020,org_0068,integration-tests,2026-04-08T04:01:20+00:00,success,2573
workflow_003776,pipeline_001508,project_00005,org_0062,lint,2026-05-29T13:58:49+00:00,failed,2411
workflow_003777,pipeline_002736,project_00014,org_0026,test,2026-06-29T09:39:01+00:00,success,2056
workflow_003778,pipeline_001396,project_00057,org_0049,integration-tests,2026-02-14T17:37:44+00:00,success,2364
workflow_003779,pipeline_001520,project_00010,org_0067,test,2026-05-20T07:32:48+00:00,success,1433
workflow_003780,pipeline_001328,project_00182,org_0031,deploy,2026-02-19T01:29:00+00:00,failed,1614
workflow_003781,pipeline_000549,project_00174,org_0062,integration-tests,2026-07-28T09:06:52+00:00,failed,369
workflow_003782,pipeline_001815,project_00029,org_0089,build-and-test,2026-07-03T05:52:32+00:00,success,1523
workflow_003783,pipeline_001173,project_00193,org_0076,build-and-test,2026-06-05T07:06:52+00:00,success,2586
workflow_003784,pipeline_001414,project_00053,org_0084,deploy,2026-02-04T16:05:37+00:00,failed,566
workflow_003785,pipeline_002715,project_00071,org_0048,test,2026-03-16T01:58:43+00:00,success,282
workflow_003786,pipeline_001857,project_00085,org_0088,integration-tests,2026-01-12T01:36:36+00:00,success,2080
workflow_003787,pipeline_000672,project_00189,org_0026,build-and-test,2026-05-02T04:06:54+00:00,success,1313
workflow_003788,pipeline_000395,project_00035,org_0054,build-and-test,2026-07-15T02:00:16+00:00,success,2937
workflow_003789,pipeline_000758,project_00014,org_0026,build-and-test,2026-05-10T06:30:13+00:00,success,1562
workflow_003790,pipeline_002013,project_00037,org_0005,test,2026-01-17T12:38:25+00:00,failed,1339
workflow_003791,pipeline_000611,project_00034,org_0084,build-and-test,2026-04-30T00:44:25+00:00,failed,195
workflow_003792,pipeline_002724,project_00180,org_0035,deploy,2026-04-21T20:38:27+00:00,success,1609
workflow_003793,pipeline_002552,project_00144,org_0031,test,2026-07-07T03:54:16+00:00,success,135
workflow_003794,pipeline_002101,project_00007,org_0039,integration-tests,2026-01-12T04:38:00+00:00,success,262
workflow_003795,pipeline_000773,project_00107,org_0094,test,2026-01-30T20:09:30+00:00,failed,1021
workflow_003796,pipeline_000706,project_00077,org_0016,build-and-test,2026-08-11T17:36:01+00:00,failed,3052
workflow_003797,pipeline_001166,project_00032,org_0046,test,2026-07-09T07:00:38+00:00,success,2906
workflow_003798,pipeline_000709,project_00167,org_0023,integration-tests,2026-04-28T05:25:05+00:00,success,3195
workflow_003799,pipeline_001788,project_00082,org_0009,deploy,2026-01-29T08:55:03+00:00,success,3452
workflow_003800,pipeline_000091,project_00092,org_0078,integration-tests,2026-06-09T03:12:17+00:00,success,751
workflow_003801,pipeline_002935,project_00066,org_0081,build-and-test,2026-07-23T12:12:03+00:00,failed,188
workflow_003802,pipeline_001482,project_00150,org_0099,deploy,2026-07-02T21:50:22+00:00,success,2371
workflow_003803,pipeline_001299,project_00183,org_0076,integration-tests,2026-06-25T07:32:52+00:00,success,2927
workflow_003804,pipeline_000111,project_00165,org_0074,test,2026-05-28T01:09:29+00:00,canceled,1989
workflow_003805,pipeline_002490,project_00079,org_0012,test,2026-06-09T16:35:01+00:00,success,3308
workflow_003806,pipeline_002685,project_00055,org_0032,deploy,2026-07-10T10:11:00+00:00,canceled,1360
workflow_003807,pipeline_001239,project_00024,org_0011,lint,2026-05-06T11:04:33+00:00,success,2297
workflow_003808,pipeline_002435,project_00059,org_0059,build-and-test,2026-08-12T13:40:40+00:00,canceled,3231
workflow_003809,pipeline_000467,project_00060,org_0001,deploy,2026-03-28T21:54:55+00:00,failed,3065
workflow_003810,pipeline_002990,project_00020,org_0068,deploy,2026-04-10T08:33:01+00:00,success,2087
workflow_003811,pipeline_002909,project_00014,org_0026,test,2026-04-13T15:46:10+00:00,success,857
workflow_003812,pipeline_000878,project_00044,org_0058,integration-tests,2026-04-21T19:40:15+00:00,failed,2583
workflow_003813,pipeline_001772,project_00164,org_0006,deploy,2026-03-30T12:21:00+00:00,failed,1781
workflow_003814,pipeline_002240,project_00060,org_0001,lint,2026-02-08T23:29:04+00:00,success,2051
workflow_003815,pipeline_000980,project_00040,org_0015,test,2026-05-09T06:09:28+00:00,failed,505
workflow_003816,pipeline_000478,project_00079,org_0012,deploy,2026-06-07T14:16:17+00:00,success,707
workflow_003817,pipeline_002537,project_00134,org_0053,build-and-test,2026-04-25T18:42:09+00:00,failed,2928
workflow_003818,pipeline_000835,project_00022,org_0045,integration-tests,2026-05-12T09:13:06+00:00,success,946
workflow_003819,pipeline_000162,project_00007,org_0039,build-and-test,2026-06-28T08:17:21+00:00,success,3549
workflow_003820,pipeline_001251,project_00041,org_0047,integration-tests,2026-01-12T17:21:05+00:00,success,2561
workflow_003821,pipeline_002154,project_00166,org_0064,integration-tests,2026-07-01T04:36:33+00:00,success,2262
workflow_003822,pipeline_002641,project_00002,org_0014,integration-tests,2026-04-16T12:15:36+00:00,failed,2399
workflow_003823,pipeline_001556,project_00095,org_0082,lint,2026-06-26T03:10:46+00:00,success,1506
workflow_003824,pipeline_000647,project_00083,org_0057,deploy,2026-05-03T19:17:41+00:00,success,2374
workflow_003825,pipeline_000442,project_00134,org_0053,integration-tests,2026-04-27T06:05:09+00:00,failed,177
workflow_003826,pipeline_002102,project_00095,org_0082,deploy,2026-06-30T13:33:00+00:00,success,918
workflow_003827,pipeline_000788,project_00135,org_0045,test,2026-07-23T18:21:05+00:00,success,2330
workflow_003828,pipeline_002979,project_00057,org_0049,deploy,2026-04-30T12:06:51+00:00,success,650
workflow_003829,pipeline_000957,project_00096,org_0047,lint,2026-07-13T15:10:29+00:00,failed,2594
workflow_003830,pipeline_001634,project_00144,org_0031,lint,2026-07-30T02:38:37+00:00,success,1260
workflow_003831,pipeline_002915,project_00072,org_0081,build-and-test,2026-07-02T12:44:33+00:00,canceled,378
workflow_003832,pipeline_000047,project_00151,org_0060,deploy,2026-08-03T02:48:09+00:00,failed,2336
workflow_003833,pipeline_000378,project_00023,org_0023,integration-tests,2026-03-14T09:32:09+00:00,success,2103
workflow_003834,pipeline_001963,project_00157,org_0058,test,2026-05-12T00:45:54+00:00,success,3360
workflow_003835,pipeline_000124,project_00198,org_0017,build-and-test,2026-06-24T23:00:25+00:00,success,873
workflow_003836,pipeline_000651,project_00049,org_0073,build-and-test,2026-08-05T23:02:38+00:00,failed,1049
workflow_003837,pipeline_001116,project_00006,org_0057,test,2026-08-16T21:50:34+00:00,success,1790
workflow_003838,pipeline_000114,project_00104,org_0040,lint,2026-06-10T03:16:25+00:00,success,2156
workflow_003839,pipeline_001945,project_00037,org_0005,lint,2026-07-29T13:33:14+00:00,success,3414
workflow_003840,pipeline_002931,project_00122,org_0050,lint,2026-03-20T12:29:48+00:00,success,3106
workflow_003841,pipeline_002881,project_00071,org_0048,deploy,2026-06-13T13:18:38+00:00,success,3551
workflow_003842,pipeline_002675,project_00169,org_0005,lint,2026-08-16T06:14:33+00:00,success,338
workflow_003843,pipeline_001546,project_00108,org_0012,deploy,2026-07-16T03:10:58+00:00,success,136
workflow_003844,pipeline_000803,project_00161,org_0075,lint,2026-07-29T03:57:11+00:00,canceled,2093
workflow_003845,pipeline_002983,project_00023,org_0023,build-and-test,2026-05-30T03:22:57+00:00,success,3522
workflow_003846,pipeline_002752,project_00151,org_0060,build-and-test,2026-04-26T14:06:07+00:00,success,2856
workflow_003847,pipeline_001801,project_00041,org_0047,build-and-test,2026-03-16T12:40:31+00:00,canceled,3141
workflow_003848,pipeline_002349,project_00170,org_0064,integration-tests,2026-01-20T21:10:42+00:00,success,3190
workflow_003849,pipeline_000843,project_00024,org_0011,build-and-test,2026-07-18T17:07:30+00:00,success,3592
workflow_003850,pipeline_001891,project_00019,org_0015,build-and-test,2026-03-29T21:18:57+00:00,success,2462
workflow_003851,pipeline_002489,project_00076,org_0002,test,2026-03-16T10:30:46+00:00,success,2476
workflow_003852,pipeline_001626,project_00133,org_0098,lint,2026-08-23T18:30:50+00:00,failed,1035
workflow_003853,pipeline_002932,project_00198,org_0017,deploy,2026-01-28T11:11:18+00:00,running,1045
workflow_003854,pipeline_000894,project_00186,org_0005,lint,2026-08-05T02:45:39+00:00,success,2049
workflow_003855,pipeline_000443,project_00138,org_0054,test,2026-01-08T06:28:06+00:00,success,66
workflow_003856,pipeline_000109,project_00121,org_0032,integration-tests,2026-07-12T13:30:59+00:00,success,299
workflow_003857,pipeline_001124,project_00144,org_0031,build-and-test,2026-04-10T17:10:52+00:00,success,840
workflow_003858,pipeline_001023,project_00162,org_0009,deploy,2026-05-31T21:41:32+00:00,success,912
workflow_003859,pipeline_000126,project_00150,org_0099,lint,2026-07-07T13:15:07+00:00,success,2219
workflow_003860,pipeline_002011,project_00138,org_0054,test,2026-05-20T20:42:10+00:00,success,2880
workflow_003861,pipeline_002219,project_00149,org_0053,integration-tests,2026-07-21T23:48:05+00:00,success,2582
workflow_003862,pipeline_002667,project_00161,org_0075,deploy,2026-04-14T03:51:14+00:00,success,1402
workflow_003863,pipeline_002457,project_00057,org_0049,build-and-test,2026-02-04T17:06:38+00:00,failed,2048
workflow_003864,pipeline_000764,project_00072,org_0081,deploy,2026-05-21T00:57:46+00:00,success,1361
workflow_003865,pipeline_002219,project_00149,org_0053,deploy,2026-07-21T23:48:05+00:00,failed,2284
workflow_003866,pipeline_001384,project_00132,org_0076,test,2026-05-02T16:43:04+00:00,success,3594
workflow_003867,pipeline_000462,project_00121,org_0032,deploy,2026-01-20T14:17:02+00:00,success,498
workflow_003868,pipeline_002360,project_00092,org_0078,lint,2026-02-05T17:46:57+00:00,failed,909
workflow_003869,pipeline_001274,project_00056,org_0074,integration-tests,2026-02-24T16:56:05+00:00,failed,3217
workflow_003870,pipeline_000964,project_00116,org_0081,lint,2026-07-01T13:53:27+00:00,success,2327
workflow_003871,pipeline_000845,project_00186,org_0005,integration-tests,2026-06-14T04:16:37+00:00,failed,830
workflow_003872,pipeline_001624,project_00134,org_0053,integration-tests,2026-05-06T04:51:23+00:00,failed,818
workflow_003873,pipeline_000596,project_00029,org_0089,deploy,2026-05-29T17:23:57+00:00,success,163
workflow_003874,pipeline_001058,project_00028,org_0055,deploy,2026-08-11T09:07:40+00:00,success,1828
workflow_003875,pipeline_001492,project_00180,org_0035,integration-tests,2026-06-15T18:22:38+00:00,success,1754
workflow_003876,pipeline_001121,project_00183,org_0076,integration-tests,2026-02-18T04:35:46+00:00,success,1994
workflow_003877,pipeline_002916,project_00084,org_0081,test,2026-04-19T17:46:32+00:00,success,975
workflow_003878,pipeline_002012,project_00066,org_0081,build-and-test,2026-03-04T06:15:34+00:00,success,1669
workflow_003879,pipeline_000934,project_00088,org_0041,build-and-test,2026-04-24T00:54:45+00:00,success,1443
workflow_003880,pipeline_000691,project_00196,org_0023,integration-tests,2026-02-12T11:30:50+00:00,success,1666
workflow_003881,pipeline_000153,project_00136,org_0098,build-and-test,2026-07-04T09:59:23+00:00,success,2132
workflow_003882,pipeline_001237,project_00082,org_0009,build-and-test,2026-02-27T09:24:40+00:00,success,484
workflow_003883,pipeline_001104,project_00179,org_0021,test,2026-03-17T18:23:27+00:00,failed,1544
workflow_003884,pipeline_001800,project_00027,org_0054,deploy,2026-04-27T12:46:30+00:00,success,2924
workflow_003885,pipeline_001277,project_00183,org_0076,deploy,2026-05-31T13:00:47+00:00,failed,310
workflow_003886,pipeline_000298,project_00069,org_0084,lint,2026-06-10T08:32:35+00:00,success,514
workflow_003887,pipeline_000418,project_00002,org_0014,test,2026-08-25T02:49:15+00:00,success,157
workflow_003888,pipeline_000813,project_00179,org_0021,lint,2026-06-19T09:57:30+00:00,success,2145
workflow_003889,pipeline_002489,project_00076,org_0002,deploy,2026-03-16T10:30:46+00:00,success,3095
workflow_003890,pipeline_missing_999,project_00092,org_0078,test,2026-06-09T03:12:17+00:00,success,2935
workflow_003891,pipeline_002583,project_00171,org_0008,test,2026-07-19T09:08:56+00:00,success,1466
workflow_003892,pipeline_001058,project_00028,org_0055,deploy,2026-08-11T09:07:40+00:00,failed,2081
workflow_003893,pipeline_001011,project_00100,org_0028,lint,2026-04-30T17:47:25+00:00,success,1076
workflow_003894,pipeline_000949,project_00054,org_0032,lint,2026-04-29T11:28:50+00:00,success,1123
workflow_003895,pipeline_000112,project_00114,org_0099,deploy,2026-08-11T13:04:21+00:00,success,3303
workflow_003896,pipeline_002772,project_00139,org_0092,test,2026-01-19T04:24:56+00:00,success,1319
workflow_003897,pipeline_001151,project_00024,org_0011,test,2026-03-06T02:57:57+00:00,failed,1480
workflow_003898,pipeline_002764,project_00140,org_0030,lint,2026-02-02T12:01:54+00:00,failed,147
workflow_003899,pipeline_000037,project_00085,org_0088,deploy,2026-04-03T06:23:58+00:00,running,3516
workflow_003900,pipeline_000354,project_00014,org_0026,build-and-test,2026-04-29T08:47:13+00:00,success,1724
workflow_003901,pipeline_002636,project_00025,org_0031,deploy,2026-04-03T11:42:28+00:00,success,3206
workflow_003902,pipeline_000614,project_00045,org_0057,deploy,2026-03-01T14:34:55+00:00,canceled,1571
workflow_003903,pipeline_002405,project_00126,org_0016,lint,2026-04-17T08:54:33+00:00,canceled,2843
workflow_003904,pipeline_000515,project_00098,org_0088,build-and-test,2026-06-01T11:43:13+00:00,success,3006
workflow_003905,pipeline_001823,project_00102,org_0099,deploy,2026-07-08T21:10:50+00:00,success,2202
workflow_003906,pipeline_000950,project_00135,org_0045,integration-tests,2026-08-31T00:40:48+00:00,success,3249
workflow_003907,pipeline_000227,project_00148,org_0022,integration-tests,2026-05-14T17:38:00+00:00,success,2811
workflow_003908,pipeline_002585,project_00047,org_0081,lint,2026-02-09T17:51:32+00:00,success,3265
workflow_003909,pipeline_002399,project_00176,org_0024,deploy,2026-06-03T07:02:44+00:00,success,3228
workflow_003910,pipeline_002934,project_00018,org_0047,integration-tests,2026-07-01T20:36:43+00:00,success,1694
workflow_003911,pipeline_002798,project_00068,org_0055,test,2026-02-18T09:04:13+00:00,success,494
workflow_003912,pipeline_000286,project_00009,org_0087,deploy,2026-05-19T14:00:05+00:00,success,2869
workflow_003913,pipeline_001064,project_00195,org_0082,build-and-test,2026-03-16T12:29:46+00:00,success,3373
workflow_003914,pipeline_002162,project_00058,org_0052,test,2026-06-26T04:21:45+00:00,success,803
workflow_003915,pipeline_001941,project_00181,org_0050,lint,2026-02-27T10:20:33+00:00,success,2860
workflow_003916,pipeline_001721,project_00164,org_0006,deploy,2026-04-28T06:42:47+00:00,failed,2366
workflow_003917,pipeline_001355,project_00155,org_0066,integration-tests,2026-07-26T00:36:05+00:00,success,2937
workflow_003918,pipeline_000509,project_00169,org_0005,test,2026-06-23T11:06:33+00:00,failed,2462
workflow_003919,pipeline_001456,project_00011,org_0043,test,2026-05-18T18:17:38+00:00,success,3097
workflow_003920,pipeline_001586,project_00199,org_0090,lint,2026-07-07T20:46:18+00:00,success,1232
workflow_003921,pipeline_000567,project_00195,org_0082,build-and-test,2026-07-29T14:34:52+00:00,running,3108
workflow_003922,pipeline_002854,project_00038,org_0037,lint,2026-04-14T14:25:59+00:00,failed,2889
workflow_003923,pipeline_001449,project_00157,org_0058,lint,2026-06-20T12:59:12+00:00,success,1434
workflow_003924,pipeline_000691,project_00196,org_0023,integration-tests,2026-02-12T11:30:50+00:00,success,79
workflow_003925,pipeline_000460,project_00037,org_0005,lint,2026-04-21T00:14:46+00:00,canceled,3071
workflow_003926,pipeline_002943,project_00091,org_0085,build-and-test,2026-02-01T02:13:42+00:00,success,1860
workflow_003927,pipeline_000839,project_00157,org_0058,test,2026-02-27T00:51:04+00:00,success,2405
workflow_003928,pipeline_002713,project_00184,org_0073,test,2026-08-09T22:15:12+00:00,failed,1336
workflow_003929,pipeline_002397,project_00165,org_0074,deploy,2026-08-14T07:53:39+00:00,success,2791
workflow_003930,pipeline_000482,project_00051,org_0038,lint,2026-03-21T20:54:20+00:00,failed,2286
workflow_003931,pipeline_000934,project_00088,org_0041,deploy,2026-04-24T00:54:45+00:00,success,3029
workflow_003932,pipeline_002107,project_00185,org_0064,integration-tests,2026-05-26T15:31:26+00:00,success,403
workflow_003933,pipeline_002814,project_00054,org_0032,build-and-test,2026-06-13T14:19:25+00:00,success,1852
workflow_003934,pipeline_000053,project_00078,org_0062,lint,2026-07-22T04:41:48+00:00,success,453
workflow_003935,pipeline_000514,project_00122,org_0050,integration-tests,2026-04-28T00:56:42+00:00,success,2717
workflow_003936,pipeline_001384,project_00132,org_0076,lint,2026-05-02T16:43:04+00:00,success,336
workflow_003937,pipeline_000981,project_00147,org_0018,build-and-test,2026-06-01T19:19:13+00:00,failed,3217
workflow_003938,pipeline_002320,project_00156,org_0034,test,2026-04-11T23:12:35+00:00,success,398
workflow_003939,pipeline_002863,project_00189,org_0026,test,2026-05-30T21:44:55+00:00,success,2920
workflow_003940,pipeline_002610,project_00127,org_0067,deploy,2026-08-26T01:38:16+00:00,success,1466
workflow_003941,pipeline_000614,project_00045,org_0057,integration-tests,2026-03-01T14:34:55+00:00,success,903
workflow_003942,pipeline_001980,project_00012,org_0052,deploy,2026-05-29T03:43:57+00:00,success,3346
workflow_003943,pipeline_001933,project_00095,org_0082,test,2026-05-22T13:31:17+00:00,failed,2726
workflow_003944,pipeline_002015,project_00107,org_0094,integration-tests,2026-06-28T20:55:51+00:00,running,540
workflow_003945,pipeline_002702,project_00029,org_0089,deploy,2026-05-29T13:55:23+00:00,success,597
workflow_003946,pipeline_001699,project_00128,org_0060,test,2026-03-15T00:00:45+00:00,success,2640
workflow_003947,pipeline_001870,project_00004,org_0044,lint,2026-02-25T12:25:55+00:00,success,369
workflow_003948,pipeline_001400,project_00181,org_0050,integration-tests,2026-08-20T14:02:37+00:00,success,3015
workflow_003949,pipeline_002986,project_00083,org_0057,build-and-test,2026-08-08T15:42:53+00:00,failed,3574
workflow_003950,pipeline_001920,project_00087,org_0094,build-and-test,2026-06-20T00:18:13+00:00,success,2167
workflow_003951,pipeline_002436,project_00193,org_0076,test,2026-06-25T16:15:42+00:00,success,2985
workflow_003952,pipeline_000009,project_00006,org_0057,lint,2026-05-04T18:39:24+00:00,failed,524
workflow_003953,pipeline_000476,project_00170,org_0064,lint,2026-01-31T06:01:42+00:00,success,1261
workflow_003954,pipeline_001644,project_00043,org_0095,test,2026-04-18T20:41:39+00:00,success,2948
workflow_003955,pipeline_002661,project_00156,org_0034,build-and-test,2026-02-25T14:50:17+00:00,canceled,2416
workflow_003956,pipeline_002068,project_00188,org_0062,deploy,2026-01-24T11:00:21+00:00,success,2391
workflow_003957,pipeline_001874,project_00087,org_0094,test,2026-05-11T23:26:26+00:00,failed,736
workflow_003958,pipeline_002997,project_00021,org_0079,test,2026-08-17T13:36:07+00:00,failed,2034
workflow_003959,pipeline_000872,project_00134,org_0053,integration-tests,2026-03-15T13:17:50+00:00,canceled,3544
workflow_003960,pipeline_002669,project_00098,org_0088,test,2026-08-04T01:47:16+00:00,running,786
workflow_003961,pipeline_000988,project_00108,org_0012,lint,2026-07-05T17:37:25+00:00,running,2770
workflow_003962,pipeline_001978,project_00026,org_0048,test,2026-06-27T13:43:38+00:00,success,3465
workflow_003963,pipeline_002982,project_00106,org_0082,lint,2026-07-18T05:36:55+00:00,success,261
workflow_003964,pipeline_001921,project_00005,org_0062,integration-tests,2026-02-13T07:04:28+00:00,success,525
workflow_003965,pipeline_002591,project_00175,org_0065,deploy,2026-02-16T05:06:48+00:00,success,736
workflow_003966,pipeline_001370,project_00127,org_0067,build-and-test,2026-08-26T19:14:31+00:00,success,3105
workflow_003967,pipeline_002662,project_00024,org_0011,integration-tests,2026-01-23T21:46:31+00:00,failed,2285
workflow_003968,pipeline_000670,project_00127,org_0067,deploy,2026-05-21T07:05:53+00:00,success,2371
workflow_003969,pipeline_002399,project_00176,org_0024,build-and-test,2026-06-03T07:02:44+00:00,success,2757
workflow_003970,pipeline_001663,project_00146,org_0035,lint,2026-02-03T10:27:56+00:00,failed,637
workflow_003971,pipeline_002217,project_00197,org_0023,lint,2026-08-27T02:04:29+00:00,success,2974
workflow_003972,pipeline_000833,project_00106,org_0082,integration-tests,2026-06-08T23:02:21+00:00,running,3425
workflow_003973,pipeline_002340,project_00157,org_0058,test,2026-03-18T09:00:48+00:00,success,1708
workflow_003974,pipeline_001260,project_00103,org_0011,lint,2026-08-29T09:54:21+00:00,failed,2768
workflow_003975,pipeline_002170,project_00128,org_0060,deploy,2026-05-05T03:11:05+00:00,running,3177
workflow_003976,pipeline_002938,project_00184,org_0073,build-and-test,2026-04-08T14:56:48+00:00,failed,803
workflow_003977,pipeline_002798,project_00068,org_0055,lint,2026-02-18T09:04:13+00:00,success,3130
workflow_003978,pipeline_002432,project_00154,org_0012,build-and-test,2026-07-28T12:11:15+00:00,success,3350
workflow_003979,pipeline_001008,project_00044,org_0058,lint,2026-01-31T03:08:50+00:00,success,278
workflow_003980,pipeline_002162,project_00058,org_0052,integration-tests,2026-06-26T04:21:45+00:00,failed,1737
workflow_003981,pipeline_002923,project_00059,org_0059,lint,2026-06-21T02:35:10+00:00,failed,2405
workflow_003982,pipeline_000921,project_00113,org_0017,deploy,2026-02-07T03:42:57+00:00,success,3309
workflow_003983,pipeline_002894,project_00136,org_0098,build-and-test,2026-04-01T21:46:56+00:00,success,2138
workflow_003984,pipeline_000961,project_00147,org_0018,test,2026-03-03T01:17:49+00:00,success,2462
workflow_003985,pipeline_000634,project_00045,org_0057,lint,2026-08-04T20:33:37+00:00,success,1277
workflow_003986,pipeline_002216,project_00133,org_0098,lint,2026-06-09T19:49:25+00:00,failed,2832
workflow_003987,pipeline_000721,project_00169,org_0005,integration-tests,2026-08-02T20:57:10+00:00,success,272
workflow_003988,pipeline_001945,project_00037,org_0005,test,2026-07-29T13:33:14+00:00,success,1131
workflow_003989,pipeline_001394,project_00046,org_0095,lint,2026-08-19T16:56:22+00:00,success,575
workflow_003990,pipeline_001750,project_00146,org_0035,lint,2026-08-31T22:02:13+00:00,success,2802
workflow_003991,pipeline_001132,project_00098,org_0088,build-and-test,2026-03-05T10:14:48+00:00,failed,2118
workflow_003992,pipeline_000657,project_00033,org_0025,integration-tests,2026-03-23T11:51:35+00:00,success,2430
workflow_003993,pipeline_001112,project_00126,org_0016,lint,2026-04-28T13:16:17+00:00,success,1463
workflow_003994,pipeline_000015,project_00025,org_0031,build-and-test,2026-01-20T06:38:09+00:00,success,1397
workflow_003995,pipeline_000543,project_00099,org_0003,deploy,2026-03-16T04:16:42+00:00,success,1821
workflow_003996,pipeline_000736,project_00162,org_0009,lint,2026-05-04T04:22:20+00:00,success,954
workflow_003997,pipeline_000239,project_00189,org_0026,deploy,2026-01-27T15:33:30+00:00,success,3074
workflow_003998,pipeline_001594,project_00024,org_0011,test,2026-05-10T10:28:12+00:00,success,1550
workflow_003999,pipeline_001816,project_00199,org_0090,deploy,2026-06-10T16:41:04+00:00,success,2535
workflow_004000,pipeline_002932,project_00198,org_0017,build-and-test,2026-01-28T11:11:18+00:00,running,1920
workflow_004001,pipeline_001057,project_00169,org_0005,build-and-test,2026-05-29T15:50:54+00:00,failed,960
workflow_004002,pipeline_001373,project_00058,org_0052,build-and-test,2026-03-08T02:17:57+00:00,success,1434
workflow_004003,pipeline_000601,project_00014,org_0026,deploy,2026-01-25T14:38:36+00:00,success,1667
workflow_004004,pipeline_001961,project_00031,org_0041,test,2026-05-02T00:55:53+00:00,success,1433
workflow_004005,pipeline_002901,project_00004,org_0044,integration-tests,2026-04-28T13:36:27+00:00,success,3143
workflow_004006,pipeline_002593,project_00094,org_0050,integration-tests,2026-01-01T20:59:06+00:00,success,131
workflow_004007,pipeline_000254,project_00002,org_0014,test,2026-07-30T06:54:10+00:00,failed,889
workflow_004008,pipeline_001637,project_00148,org_0022,lint,2026-08-18T23:25:27+00:00,success,885
workflow_004009,pipeline_000796,project_00048,org_0018,deploy,2026-03-23T23:17:59+00:00,success,974
workflow_004010,pipeline_000890,project_00075,org_0017,test,2026-03-07T00:06:37+00:00,success,2212
workflow_004011,pipeline_001454,project_00008,org_0003,lint,2026-04-21T01:41:11+00:00,success,3187
workflow_004012,pipeline_002129,project_00078,org_0062,deploy,2026-05-21T04:11:20+00:00,success,3251
workflow_004013,pipeline_000898,project_00156,org_0034,lint,2026-07-05T01:34:18+00:00,success,792
workflow_004014,pipeline_001381,project_00063,org_0064,integration-tests,2026-03-21T23:02:43+00:00,success,174
workflow_004015,pipeline_000955,project_00131,org_0095,deploy,2026-08-15T20:02:27+00:00,failed,3407
workflow_004016,pipeline_002863,project_00189,org_0026,build-and-test,2026-05-30T21:44:55+00:00,success,2868
workflow_004017,pipeline_002393,project_00089,org_0083,test,2026-02-22T21:34:26+00:00,success,880
workflow_004018,pipeline_001029,project_00165,org_0074,build-and-test,2026-01-15T17:18:58+00:00,success,1855
workflow_004019,pipeline_000046,project_00062,org_0051,test,2026-05-25T15:38:30+00:00,success,985
workflow_004020,pipeline_000806,project_00052,org_0018,build-and-test,2026-04-25T12:01:40+00:00,success,2231
workflow_004021,pipeline_002108,project_00102,org_0099,deploy,2026-03-11T03:03:56+00:00,success,1533
workflow_004022,pipeline_001633,project_00187,org_0078,build-and-test,2026-04-29T17:47:58+00:00,success,2674
workflow_004023,pipeline_001995,project_00190,org_0042,integration-tests,2026-02-25T10:36:27+00:00,success,81
workflow_004024,pipeline_001104,project_00179,org_0021,lint,2026-03-17T18:23:27+00:00,success,443
workflow_004025,pipeline_002427,project_00190,org_0042,integration-tests,2026-01-29T04:43:04+00:00,failed,2658
workflow_004026,pipeline_002566,project_00015,org_0050,test,2026-06-24T09:13:01+00:00,failed,2844
workflow_004027,pipeline_002776,project_00144,org_0031,build-and-test,2026-07-16T00:01:15+00:00,success,1754
workflow_004028,pipeline_002341,project_00185,org_0064,lint,2026-08-18T12:17:15+00:00,success,2702
workflow_004029,pipeline_002572,project_00092,org_0078,lint,2026-03-08T12:09:05+00:00,success,3487
workflow_004030,pipeline_002892,project_00076,org_0002,test,2026-08-04T03:17:29+00:00,success,3011
workflow_004031,pipeline_002831,project_00021,org_0079,deploy,2026-03-10T16:37:04+00:00,success,2034
workflow_004032,pipeline_002727,project_00152,org_0021,integration-tests,2026-05-16T03:53:40+00:00,failed,1928
workflow_004033,pipeline_002543,project_00040,org_0015,deploy,2026-06-04T13:34:15+00:00,success,153
workflow_004034,pipeline_001324,project_00082,org_0009,deploy,2026-05-11T03:15:52+00:00,failed,2607
workflow_004035,pipeline_001845,project_00049,org_0073,deploy,2026-03-23T16:23:38+00:00,success,2497
workflow_004036,pipeline_001756,project_00085,org_0088,integration-tests,2026-03-03T20:28:19+00:00,success,2556
workflow_004037,pipeline_000837,project_00015,org_0050,test,2026-07-21T20:41:07+00:00,failed,573
workflow_004038,pipeline_002156,project_00162,org_0009,integration-tests,2026-03-03T21:58:34+00:00,success,3318
workflow_004039,pipeline_002344,project_00058,org_0052,build-and-test,2026-06-24T11:30:44+00:00,success,1901
workflow_004040,pipeline_002514,project_00156,org_0034,integration-tests,2026-08-22T18:42:59+00:00,success,2802
workflow_004041,pipeline_002754,project_00119,org_0033,integration-tests,2026-08-18T06:09:16+00:00,failed,2805
workflow_004042,pipeline_000866,project_00196,org_0023,build-and-test,2026-02-23T19:07:16+00:00,failed,123
workflow_004043,pipeline_000975,project_00049,org_0073,deploy,2026-06-16T12:38:24+00:00,success,2118
workflow_004044,pipeline_001533,project_00039,org_0096,integration-tests,2026-08-18T14:38:20+00:00,failed,1752
workflow_004045,pipeline_001415,project_00071,org_0048,test,2026-07-31T14:59:20+00:00,failed,2819
workflow_004046,pipeline_002806,project_00140,org_0030,build-and-test,2026-06-13T23:03:01+00:00,success,77
workflow_004047,pipeline_001623,project_00103,org_0011,lint,2026-01-04T14:17:44+00:00,success,3046
workflow_004048,pipeline_002660,project_00028,org_0055,integration-tests,2026-02-21T22:24:52+00:00,success,2778
workflow_004049,pipeline_000151,project_00107,org_0094,lint,2026-07-30T21:52:26+00:00,success,944
workflow_004050,pipeline_001220,project_00037,org_0005,lint,2026-01-28T23:32:32+00:00,success,413
workflow_004051,pipeline_001220,project_00037,org_0005,integration-tests,2026-01-28T23:32:32+00:00,success,2208
workflow_004052,pipeline_001756,project_00085,org_0088,deploy,2026-03-03T20:28:19+00:00,success,2420
workflow_004053,pipeline_001468,project_00045,org_0057,integration-tests,2026-05-05T17:25:15+00:00,success,3023
workflow_004054,pipeline_000004,project_00003,org_0015,deploy,2026-04-13T23:57:32+00:00,success,788
workflow_004055,pipeline_001272,project_00151,org_0060,deploy,2026-05-29T09:32:22+00:00,failed,1591
workflow_004056,pipeline_000692,project_00147,org_0018,deploy,2026-07-02T11:01:28+00:00,success,1473
workflow_004057,pipeline_002319,project_00135,org_0045,lint,2026-01-28T20:08:12+00:00,success,2803
workflow_004058,pipeline_001810,project_00159,org_0008,test,2026-07-15T07:46:20+00:00,success,2801
workflow_004059,pipeline_001699,project_00128,org_0060,deploy,2026-03-15T00:00:45+00:00,success,1083
workflow_004060,pipeline_002520,project_00053,org_0084,test,2026-05-21T07:45:57+00:00,canceled,1213
workflow_004061,pipeline_000030,project_00100,org_0028,deploy,2026-08-05T01:41:24+00:00,success,1454
workflow_004062,pipeline_001313,project_00046,org_0095,test,2026-06-28T04:32:44+00:00,success,1813
workflow_004063,pipeline_002714,project_00005,org_0062,test,2026-02-07T17:40:19+00:00,success,1954
workflow_004064,pipeline_000239,project_00189,org_0026,integration-tests,2026-01-27T15:33:30+00:00,success,158
workflow_004065,pipeline_000220,project_00073,org_0055,deploy,2026-08-21T08:29:19+00:00,failed,402
workflow_004066,pipeline_000065,project_00085,org_0088,deploy,2026-05-25T08:19:52+00:00,failed,1945
workflow_004067,pipeline_000836,project_00016,org_0027,lint,2026-06-02T17:30:26+00:00,success,937
workflow_004068,pipeline_002798,project_00068,org_0055,deploy,2026-02-18T09:04:13+00:00,success,1629
workflow_004069,pipeline_002691,project_00016,org_0027,lint,2026-01-16T16:54:27+00:00,success,2915
workflow_004070,pipeline_000762,project_00087,org_0094,deploy,2026-07-01T18:52:01+00:00,canceled,867
workflow_004071,pipeline_001168,project_00138,org_0054,integration-tests,2026-04-15T15:45:04+00:00,success,2341
workflow_004072,pipeline_000876,project_00112,org_0045,integration-tests,2026-03-12T02:27:23+00:00,running,1775
workflow_004073,pipeline_002735,project_00051,org_0038,lint,2026-07-17T10:17:14+00:00,success,423
workflow_004074,pipeline_002377,project_00007,org_0039,build-and-test,2026-04-21T17:50:21+00:00,success,72
workflow_004075,pipeline_001239,project_00024,org_0011,integration-tests,2026-05-06T11:04:33+00:00,success,1653
workflow_004076,pipeline_002950,project_00163,org_0017,build-and-test,2026-01-10T05:46:00+00:00,failed,881
workflow_004077,pipeline_000632,project_00122,org_0050,lint,2026-07-24T00:09:38+00:00,success,3124
workflow_004078,pipeline_001833,project_00039,org_0096,integration-tests,2026-04-11T12:41:03+00:00,failed,2602
workflow_004079,pipeline_002830,project_00035,org_0054,deploy,2026-05-03T17:22:56+00:00,success,2135
workflow_004080,pipeline_001464,project_00060,org_0001,integration-tests,2026-02-07T11:49:19+00:00,success,1174
workflow_004081,pipeline_000375,project_00100,org_0028,lint,2026-04-16T08:47:45+00:00,running,3286
workflow_004082,pipeline_000239,project_00189,org_0026,integration-tests,2026-01-27T15:33:30+00:00,success,2485
workflow_004083,pipeline_000811,project_00142,org_0065,lint,2026-01-25T15:57:41+00:00,success,1729
workflow_004084,pipeline_001199,project_00129,org_0012,test,2026-01-09T11:53:19+00:00,success,2320
workflow_004085,pipeline_000441,project_00138,org_0054,build-and-test,2026-05-11T03:26:54+00:00,success,3107
workflow_004086,pipeline_002011,project_00138,org_0054,deploy,2026-05-20T20:42:10+00:00,failed,1744
workflow_004087,pipeline_001784,project_00177,org_0029,integration-tests,2026-06-27T02:50:37+00:00,failed,1074
workflow_004088,pipeline_002023,project_00099,org_0003,deploy,2026-08-09T08:29:06+00:00,failed,987
workflow_004089,pipeline_002211,project_00175,org_0065,lint,2026-08-24T00:55:03+00:00,failed,263
workflow_004090,pipeline_002915,project_00072,org_0081,test,2026-07-02T12:44:33+00:00,success,2375
workflow_004091,pipeline_000123,project_00028,org_0055,test,2026-06-10T23:08:37+00:00,success,1442
workflow_004092,pipeline_000360,project_00196,org_0023,integration-tests,2026-02-22T09:05:11+00:00,success,2251
workflow_004093,pipeline_001241,project_00163,org_0017,lint,2026-05-10T12:07:13+00:00,success,2460
workflow_004094,pipeline_002166,project_00048,org_0018,integration-tests,2026-01-28T16:54:04+00:00,success,1852
workflow_004095,pipeline_001121,project_00183,org_0076,deploy,2026-02-18T04:35:46+00:00,failed,1483
workflow_004096,pipeline_000178,project_00033,org_0025,integration-tests,2026-04-02T02:00:16+00:00,failed,2111
workflow_004097,pipeline_001307,project_00033,org_0025,integration-tests,2026-06-24T12:02:47+00:00,success,196
workflow_004098,pipeline_001619,project_00143,org_0010,deploy,2026-02-01T15:01:21+00:00,failed,266
workflow_004099,pipeline_000614,project_00045,org_0057,deploy,2026-03-01T14:34:55+00:00,success,3554
workflow_004100,pipeline_002338,project_00124,org_0032,integration-tests,2026-07-14T14:22:30+00:00,failed,1627
workflow_004101,pipeline_001149,project_00184,org_0073,lint,2026-03-30T20:14:09+00:00,failed,2650
workflow_004102,pipeline_000678,project_00032,org_0046,test,2026-04-01T10:30:08+00:00,canceled,1251
workflow_004103,pipeline_000952,project_00082,org_0009,test,2026-08-21T20:12:11+00:00,success,1691
workflow_004104,pipeline_002437,project_00161,org_0075,test,2026-08-11T00:40:10+00:00,success,489
workflow_004105,pipeline_000765,project_00195,org_0082,build-and-test,2026-04-13T10:24:07+00:00,failed,1622
workflow_004106,pipeline_000132,project_00052,org_0018,deploy,2026-03-23T10:39:50+00:00,success,290
workflow_004107,pipeline_000021,project_00113,org_0017,integration-tests,2026-06-30T14:39:15+00:00,success,888
workflow_004108,pipeline_001353,project_00110,org_0016,test,2026-03-19T13:31:57+00:00,success,1220
workflow_004109,pipeline_001564,project_00193,org_0076,lint,2026-02-11T05:06:17+00:00,success,1257
workflow_004110,pipeline_002407,project_00135,org_0045,build-and-test,2026-04-23T06:21:17+00:00,success,1678
workflow_004111,pipeline_001064,project_00195,org_0082,lint,2026-03-16T12:29:46+00:00,success,1792
workflow_004112,pipeline_002388,project_00167,org_0023,build-and-test,2026-08-09T23:36:22+00:00,success,365
workflow_004113,pipeline_001746,project_00168,org_0036,build-and-test,2026-03-08T21:40:44+00:00,success,504
workflow_004114,pipeline_001385,project_00028,org_0055,build-and-test,2026-02-20T12:15:06+00:00,running,1003
workflow_004115,pipeline_002978,project_00161,org_0075,integration-tests,2026-03-14T12:49:26+00:00,failed,1689
workflow_004116,pipeline_002863,project_00189,org_0026,test,2026-05-30T21:44:55+00:00,running,2287
workflow_004117,pipeline_001675,project_00056,org_0074,integration-tests,2026-07-01T15:10:11+00:00,failed,2905
workflow_004118,pipeline_000288,project_00152,org_0021,integration-tests,2026-08-21T01:53:18+00:00,canceled,211
workflow_004119,pipeline_000174,project_00042,org_0070,test,2026-03-13T10:56:11+00:00,success,2164
workflow_004120,pipeline_002467,project_00160,org_0052,deploy,2026-01-17T11:45:15+00:00,success,1557
workflow_004121,pipeline_000537,project_00180,org_0035,integration-tests,2026-05-09T02:14:47+00:00,success,2959
workflow_004122,pipeline_002710,project_00171,org_0008,lint,2026-05-07T20:29:55+00:00,success,3367
workflow_004123,pipeline_000916,project_00177,org_0029,integration-tests,2026-06-14T14:17:27+00:00,success,3098
workflow_004124,pipeline_000002,project_00191,org_0076,build-and-test,2026-01-31T05:12:37+00:00,success,1417
workflow_004125,pipeline_001974,project_00192,org_0047,deploy,2026-08-10T20:40:05+00:00,failed,77
workflow_004126,pipeline_000434,project_00031,org_0041,build-and-test,2026-01-10T07:34:23+00:00,success,3534
workflow_004127,pipeline_001206,project_00182,org_0031,test,2026-04-15T06:44:16+00:00,failed,417
workflow_004128,pipeline_002220,project_00053,org_0084,build-and-test,2026-08-21T06:59:14+00:00,canceled,2319
workflow_004129,pipeline_000225,project_00194,org_0042,lint,2026-03-21T02:33:45+00:00,failed,2709
workflow_004130,pipeline_000372,project_00160,org_0052,integration-tests,2026-02-24T21:27:12+00:00,success,2357
workflow_004131,pipeline_002370,project_00025,org_0031,build-and-test,2026-08-19T22:31:32+00:00,success,1673
workflow_004132,pipeline_002562,project_00117,org_0066,test,2026-06-08T08:53:16+00:00,success,1489
workflow_004133,pipeline_001377,project_00082,org_0009,build-and-test,2026-02-27T11:28:25+00:00,success,2781
workflow_004134,pipeline_002430,project_00031,org_0041,deploy,2026-04-19T21:37:08+00:00,failed,2390
workflow_004135,pipeline_001687,project_00034,org_0084,integration-tests,2026-05-10T09:09:22+00:00,success,2084
workflow_004136,pipeline_001774,project_00104,org_0040,lint,2026-07-05T05:43:22+00:00,success,61
workflow_004137,pipeline_002197,project_00082,org_0009,build-and-test,2026-04-05T15:13:34+00:00,success,2529
workflow_004138,pipeline_000605,project_00020,org_0068,integration-tests,2026-02-12T11:21:17+00:00,failed,2926
workflow_004139,pipeline_000668,project_00091,org_0085,integration-tests,2026-05-28T10:16:07+00:00,canceled,3230
workflow_004140,pipeline_001498,project_00034,org_0084,build-and-test,2026-08-24T09:29:01+00:00,success,2905
workflow_004141,pipeline_000416,project_00161,org_0075,integration-tests,2026-03-12T04:12:32+00:00,success,659
workflow_004142,pipeline_002421,project_00052,org_0018,deploy,2026-06-06T02:28:47+00:00,success,605
workflow_004143,pipeline_000305,project_00021,org_0079,deploy,2026-02-26T17:38:14+00:00,success,1475
workflow_004144,pipeline_000669,project_00029,org_0089,deploy,2026-05-03T01:18:16+00:00,success,3599
workflow_004145,pipeline_001087,project_00178,org_0061,build-and-test,2026-05-10T05:55:52+00:00,success,3416
workflow_004146,pipeline_000874,project_00063,org_0064,lint,2026-08-14T01:49:23+00:00,failed,329
workflow_004147,pipeline_001930,project_00107,org_0094,lint,2026-08-05T01:18:00+00:00,success,2306
workflow_004148,pipeline_001429,project_00080,org_0048,lint,2026-03-09T07:17:29+00:00,success,1868
workflow_004149,pipeline_001045,project_00040,org_0015,integration-tests,2026-03-15T15:26:26+00:00,success,1666
workflow_004150,pipeline_000436,project_00164,org_0006,build-and-test,2026-03-24T11:07:58+00:00,failed,772
workflow_004151,pipeline_001698,project_00157,org_0058,deploy,2026-08-21T16:40:15+00:00,failed,2691
workflow_004152,pipeline_000941,project_00160,org_0052,build-and-test,2026-03-24T18:35:41+00:00,running,2454
workflow_004153,pipeline_001518,project_00004,org_0044,build-and-test,2026-02-18T06:37:11+00:00,success,2038
workflow_004154,pipeline_002760,project_00115,org_0035,build-and-test,2026-01-06T16:38:44+00:00,success,512
workflow_004155,pipeline_002271,project_00193,org_0076,lint,2026-04-08T15:29:44+00:00,success,2664
workflow_004156,pipeline_000260,project_00173,org_0032,integration-tests,2026-03-23T20:21:16+00:00,success,527
workflow_004157,pipeline_002733,project_00025,org_0031,deploy,2026-05-23T05:38:25+00:00,failed,2940
workflow_004158,pipeline_002643,project_00143,org_0010,deploy,2026-06-16T06:39:49+00:00,failed,2547
workflow_004159,pipeline_002494,project_00010,org_0067,deploy,2026-04-23T12:09:51+00:00,success,775
workflow_004160,pipeline_001330,project_00024,org_0011,test,2026-02-06T05:17:47+00:00,success,3083
workflow_004161,pipeline_002081,project_00112,org_0045,lint,2026-03-04T01:38:11+00:00,success,585
workflow_004162,pipeline_000244,project_00178,org_0061,lint,2026-06-21T22:54:10+00:00,failed,935
workflow_004163,pipeline_000472,project_00143,org_0010,test,2026-01-28T13:03:34+00:00,failed,1426
workflow_004164,pipeline_002458,project_00109,org_0079,lint,2026-08-01T07:51:29+00:00,success,2846
workflow_004165,pipeline_002069,project_00173,org_0032,integration-tests,2026-06-23T04:23:15+00:00,running,3370
workflow_004166,pipeline_000432,project_00034,org_0084,build-and-test,2026-08-27T13:35:51+00:00,failed,2913
workflow_004167,pipeline_001585,project_00119,org_0033,build-and-test,2026-05-04T20:25:08+00:00,success,1687
workflow_004168,pipeline_002243,project_00135,org_0045,build-and-test,2026-05-13T22:21:44+00:00,canceled,1501
workflow_004169,pipeline_000127,project_00045,org_0057,test,2026-02-19T20:36:17+00:00,success,296
workflow_004170,pipeline_000578,project_00070,org_0012,build-and-test,2026-03-20T12:44:31+00:00,failed,3276
workflow_004171,pipeline_001730,project_00118,org_0073,build-and-test,2026-08-17T07:45:25+00:00,success,1688
workflow_004172,pipeline_001123,project_00011,org_0043,build-and-test,2026-02-20T00:39:07+00:00,canceled,2310
workflow_004173,pipeline_000055,project_00077,org_0016,test,2026-02-11T23:36:26+00:00,success,3291
workflow_004174,pipeline_001668,project_00036,org_0011,build-and-test,2026-08-08T10:33:14+00:00,failed,2903
workflow_004175,pipeline_000309,project_00171,org_0008,integration-tests,2026-03-22T22:52:05+00:00,success,448
workflow_004176,pipeline_001052,project_00179,org_0021,build-and-test,2026-02-27T10:22:53+00:00,failed,2290
workflow_004177,pipeline_000968,project_00026,org_0048,test,2026-02-16T01:19:09+00:00,success,1363
workflow_004178,pipeline_001080,project_00076,org_0002,test,2026-08-24T19:16:12+00:00,success,1473
workflow_004179,pipeline_000123,project_00028,org_0055,lint,2026-06-10T23:08:37+00:00,success,2815
workflow_004180,pipeline_001362,project_00166,org_0064,integration-tests,2026-06-13T18:59:46+00:00,success,3420
workflow_004181,pipeline_000540,project_00146,org_0035,lint,2026-07-27T21:23:44+00:00,success,1661
workflow_004182,pipeline_001771,project_00191,org_0076,integration-tests,2026-02-19T22:12:05+00:00,success,2832
workflow_004183,pipeline_002533,project_00075,org_0017,integration-tests,2026-04-21T23:31:02+00:00,canceled,1456
workflow_004184,pipeline_002341,project_00185,org_0064,build-and-test,2026-08-18T12:17:15+00:00,success,610
workflow_004185,pipeline_002492,project_00062,org_0051,test,2026-08-04T23:08:14+00:00,success,616
workflow_004186,pipeline_002725,project_00158,org_0014,integration-tests,2026-05-22T01:08:45+00:00,success,1219
workflow_004187,pipeline_002541,project_00200,org_0024,test,2026-02-24T20:56:20+00:00,success,3550
workflow_004188,pipeline_002665,project_00133,org_0098,lint,2026-02-03T19:45:18+00:00,canceled,763
workflow_004189,pipeline_001296,project_00016,org_0027,deploy,2026-05-21T09:21:24+00:00,success,2598
workflow_004190,pipeline_002186,project_00007,org_0039,test,2026-06-20T03:21:45+00:00,success,3113
workflow_004191,pipeline_001600,project_00007,org_0039,integration-tests,2026-03-31T07:48:15+00:00,success,2489
workflow_004192,pipeline_001415,project_00071,org_0048,deploy,2026-07-31T14:59:20+00:00,success,1630
workflow_004193,pipeline_001171,project_00009,org_0087,lint,2026-03-04T06:13:14+00:00,success,2610
workflow_004194,pipeline_001642,project_00144,org_0031,build-and-test,2026-06-02T17:19:28+00:00,success,1232
workflow_004195,pipeline_002754,project_00119,org_0033,lint,2026-08-18T06:09:16+00:00,failed,1341
workflow_004196,pipeline_002386,project_00121,org_0032,build-and-test,2026-05-21T05:57:31+00:00,success,3234
workflow_004197,pipeline_002812,project_00090,org_0077,lint,2026-02-14T00:51:27+00:00,success,3333
workflow_004198,pipeline_001827,project_00137,org_0014,lint,2026-03-03T10:45:13+00:00,success,3137
workflow_004199,pipeline_001599,project_00129,org_0012,lint,2026-06-04T13:02:43+00:00,success,2975
workflow_004200,pipeline_002213,project_00133,org_0098,lint,2026-08-28T08:57:13+00:00,success,3175
workflow_004201,pipeline_000777,project_00169,org_0005,test,2026-01-03T06:06:35+00:00,success,552
workflow_004202,pipeline_001107,project_00038,org_0037,lint,2026-03-23T11:09:50+00:00,failed,2465
workflow_004203,pipeline_002586,project_00044,org_0058,lint,2026-08-11T08:16:16+00:00,success,218
workflow_004204,pipeline_000512,project_00061,org_0082,lint,2026-06-20T22:49:17+00:00,success,674
workflow_004205,pipeline_002039,project_00039,org_0096,lint,2026-02-13T02:19:56+00:00,failed,1239
workflow_004206,pipeline_000184,project_00028,org_0055,deploy,2026-03-10T06:17:47+00:00,success,1520
workflow_004207,pipeline_002037,project_00006,org_0057,deploy,2026-07-10T23:36:03+00:00,success,2966
workflow_004208,pipeline_000605,project_00020,org_0068,test,2026-02-12T11:21:17+00:00,success,764
workflow_004209,pipeline_000832,project_00193,org_0076,test,2026-07-25T16:41:54+00:00,success,3420
workflow_004210,pipeline_001599,project_00129,org_0012,build-and-test,2026-06-04T13:02:43+00:00,success,1344
workflow_004211,pipeline_002141,project_00149,org_0053,integration-tests,2026-08-05T11:45:44+00:00,success,1629
workflow_004212,pipeline_000257,project_00014,org_0026,lint,2026-07-24T04:12:34+00:00,success,1512
workflow_004213,pipeline_000232,project_00156,org_0034,test,2026-01-15T15:54:18+00:00,failed,63
workflow_004214,pipeline_002564,project_00187,org_0078,test,2026-05-24T01:22:26+00:00,canceled,962
workflow_004215,pipeline_001354,project_00043,org_0095,deploy,2026-01-14T02:39:57+00:00,failed,801
workflow_004216,pipeline_002945,project_00197,org_0023,build-and-test,2026-05-07T01:02:53+00:00,success,1551
workflow_004217,pipeline_001695,project_00173,org_0032,build-and-test,2026-06-14T21:29:18+00:00,success,3426
workflow_004218,pipeline_002555,project_00198,org_0017,deploy,2026-05-01T16:19:54+00:00,success,641
workflow_004219,pipeline_000993,project_00118,org_0073,deploy,2026-06-29T16:38:03+00:00,success,2970
workflow_004220,pipeline_002913,project_00188,org_0062,build-and-test,2026-01-20T07:59:34+00:00,success,378
workflow_004221,pipeline_000602,project_00135,org_0045,integration-tests,2026-02-17T15:44:05+00:00,success,1087
workflow_004222,pipeline_000927,project_00159,org_0008,build-and-test,2026-02-09T07:58:43+00:00,failed,1165
workflow_004223,pipeline_002861,project_00004,org_0044,build-and-test,2026-05-05T11:15:47+00:00,success,156
workflow_004224,pipeline_002205,project_00158,org_0014,lint,2026-07-17T21:19:29+00:00,success,1116
workflow_004225,pipeline_002846,project_00183,org_0076,deploy,2026-06-23T18:31:50+00:00,failed,2631
workflow_004226,pipeline_001908,project_00149,org_0053,lint,2026-08-23T11:52:39+00:00,success,2258
workflow_004227,pipeline_000620,project_00085,org_0088,test,2026-04-25T18:47:22+00:00,success,638
workflow_004228,pipeline_000396,project_00100,org_0028,build-and-test,2026-07-10T20:36:17+00:00,success,2204
workflow_004229,pipeline_000604,project_00118,org_0073,deploy,2026-02-03T21:46:35+00:00,success,2045
workflow_004230,pipeline_002551,project_00097,org_0073,integration-tests,2026-05-14T20:59:57+00:00,failed,3084
workflow_004231,pipeline_002118,project_00040,org_0015,build-and-test,2026-02-23T11:12:23+00:00,success,2705
workflow_004232,pipeline_000064,project_00168,org_0036,build-and-test,2026-02-04T16:20:04+00:00,failed,2351
workflow_004233,pipeline_001569,project_00029,org_0089,deploy,2026-02-16T13:55:38+00:00,failed,696
workflow_004234,pipeline_001673,project_00166,org_0064,test,2026-04-23T02:46:35+00:00,running,2157
workflow_004235,pipeline_002526,project_00135,org_0045,lint,2026-04-13T10:38:10+00:00,failed,2812
workflow_004236,pipeline_001362,project_00166,org_0064,test,2026-06-13T18:59:46+00:00,success,1879
workflow_004237,pipeline_001157,project_00045,org_0057,test,2026-01-30T04:11:28+00:00,failed,1738
workflow_004238,pipeline_000874,project_00063,org_0064,test,2026-08-14T01:49:23+00:00,success,2213
workflow_004239,pipeline_000589,project_00092,org_0078,deploy,2026-04-25T20:57:59+00:00,failed,2053
workflow_004240,pipeline_002567,project_00153,org_0006,deploy,2026-02-23T06:43:56+00:00,success,1240
workflow_004241,pipeline_000761,project_00011,org_0043,deploy,2026-08-14T10:31:48+00:00,success,859
workflow_004242,pipeline_001340,project_00081,org_0100,build-and-test,2026-06-25T02:29:32+00:00,success,1938
workflow_004243,pipeline_002157,project_00021,org_0079,integration-tests,2026-06-12T17:08:23+00:00,failed,2297
workflow_004244,pipeline_000104,project_00113,org_0017,test,2026-01-18T20:29:35+00:00,success,1052
workflow_004245,pipeline_001032,project_00063,org_0064,test,2026-03-21T22:21:27+00:00,success,2299
workflow_004246,pipeline_002160,project_00030,org_0063,deploy,2026-05-07T09:45:41+00:00,success,1962
workflow_004247,pipeline_000651,project_00049,org_0073,build-and-test,2026-08-05T23:02:38+00:00,running,1837
workflow_004248,pipeline_001625,project_00037,org_0005,lint,2026-04-23T16:49:48+00:00,success,1581
workflow_004249,pipeline_002903,project_00131,org_0095,build-and-test,2026-05-03T01:59:49+00:00,success,2243
workflow_004250,pipeline_002237,project_00064,org_0044,lint,2026-06-07T19:56:35+00:00,success,2924
workflow_004251,pipeline_002853,project_00099,org_0003,integration-tests,2026-08-25T11:10:48+00:00,success,2991
workflow_004252,pipeline_002725,project_00158,org_0014,deploy,2026-05-22T01:08:45+00:00,success,1965
workflow_004253,pipeline_001284,project_00094,org_0050,deploy,2026-04-22T07:32:21+00:00,success,3478
workflow_004254,pipeline_000882,project_00052,org_0018,lint,2026-04-04T01:26:52+00:00,success,2504
workflow_004255,pipeline_000777,project_00169,org_0005,build-and-test,2026-01-03T06:06:35+00:00,success,3102
workflow_004256,pipeline_002906,project_00173,org_0032,deploy,2026-08-03T03:39:40+00:00,success,420
workflow_004257,pipeline_002690,project_00171,org_0008,build-and-test,2026-07-19T17:56:43+00:00,success,1240
workflow_004258,pipeline_002916,project_00084,org_0081,build-and-test,2026-04-19T17:46:32+00:00,success,1108
workflow_004259,pipeline_000901,project_00092,org_0078,build-and-test,2026-05-31T04:46:51+00:00,success,528
workflow_004260,pipeline_000063,project_00190,org_0042,lint,2026-04-11T10:48:35+00:00,success,1202
workflow_004261,pipeline_001457,project_00003,org_0015,deploy,2026-03-03T11:35:54+00:00,success,3582
workflow_004262,pipeline_002448,project_00157,org_0058,lint,2026-06-22T20:24:25+00:00,canceled,1473
workflow_004263,pipeline_002900,project_00162,org_0009,lint,2026-07-22T17:10:29+00:00,success,868
workflow_004264,pipeline_000875,project_00083,org_0057,build-and-test,2026-06-06T01:01:39+00:00,success,2538
workflow_004265,pipeline_001962,project_00133,org_0098,build-and-test,2026-03-07T00:08:38+00:00,failed,2829
workflow_004266,pipeline_001485,project_00127,org_0067,deploy,2026-01-29T07:35:17+00:00,success,1025
workflow_004267,pipeline_001134,project_00183,org_0076,integration-tests,2026-05-25T12:37:02+00:00,canceled,704
workflow_004268,pipeline_002549,project_00038,org_0037,lint,2026-06-07T18:20:48+00:00,failed,1944
workflow_004269,pipeline_000117,project_00117,org_0066,build-and-test,2026-05-09T22:12:32+00:00,success,217
workflow_004270,pipeline_000844,project_00006,org_0057,test,2026-01-11T19:57:54+00:00,success,1265
workflow_004271,pipeline_002457,project_00057,org_0049,integration-tests,2026-02-04T17:06:38+00:00,success,3056
workflow_004272,pipeline_002915,project_00072,org_0081,integration-tests,2026-07-02T12:44:33+00:00,failed,3363
workflow_004273,pipeline_002260,project_00051,org_0038,lint,2026-08-23T00:57:32+00:00,success,3035
workflow_004274,pipeline_002174,project_00117,org_0066,integration-tests,2026-05-28T12:28:08+00:00,success,3461
workflow_004275,pipeline_001951,project_00025,org_0031,integration-tests,2026-05-01T20:33:04+00:00,success,2940
workflow_004276,pipeline_000536,project_00168,org_0036,build-and-test,2026-01-01T08:05:13+00:00,success,2449
workflow_004277,pipeline_000629,project_00115,org_0035,lint,2026-08-06T21:12:24+00:00,success,920
workflow_004278,pipeline_001870,project_00004,org_0044,lint,2026-02-25T12:25:55+00:00,running,929
workflow_004279,pipeline_002110,project_00186,org_0005,deploy,2026-02-21T05:05:14+00:00,success,1211
workflow_004280,pipeline_002390,project_00105,org_0020,build-and-test,2026-01-03T01:16:25+00:00,canceled,892
workflow_004281,pipeline_000879,project_00079,org_0012,build-and-test,2026-06-08T04:05:29+00:00,success,792
workflow_004282,pipeline_000939,project_00077,org_0016,integration-tests,2026-06-12T14:31:22+00:00,success,2310
workflow_004283,pipeline_000168,project_00023,org_0023,lint,2026-04-20T07:55:57+00:00,success,1875
workflow_004284,pipeline_000847,project_00077,org_0016,build-and-test,2026-08-11T07:29:00+00:00,running,3027
workflow_004285,pipeline_002152,project_00038,org_0037,deploy,2026-07-12T01:10:24+00:00,failed,2305
workflow_004286,pipeline_001898,project_00150,org_0099,test,2026-03-07T10:07:25+00:00,success,2991
workflow_004287,pipeline_002034,project_00030,org_0063,test,2026-02-26T22:50:32+00:00,success,103
workflow_004288,pipeline_000906,project_00002,org_0014,lint,2026-03-18T03:39:40+00:00,success,3551
workflow_004289,pipeline_001447,project_00114,org_0099,lint,2026-06-01T17:43:02+00:00,success,2783
workflow_004290,pipeline_001841,project_00013,org_0051,lint,2026-06-23T12:35:35+00:00,canceled,600
workflow_004291,pipeline_000664,project_00130,org_0026,integration-tests,2026-08-10T10:58:43+00:00,failed,522
workflow_004292,pipeline_000742,project_00022,org_0045,integration-tests,2026-02-13T00:59:37+00:00,success,2409
workflow_004293,pipeline_000871,project_00050,org_0077,integration-tests,2026-08-29T06:44:23+00:00,success,2230
workflow_004294,pipeline_000676,project_00037,org_0005,lint,2026-06-03T07:54:34+00:00,success,1101
workflow_004295,pipeline_001804,project_00095,org_0082,deploy,2026-02-26T07:22:20+00:00,success,2931
workflow_004296,pipeline_000883,project_00193,org_0076,integration-tests,2026-07-15T21:32:48+00:00,success,3513
workflow_004297,pipeline_000046,project_00062,org_0051,test,2026-05-25T15:38:30+00:00,failed,1505
workflow_004298,pipeline_002638,project_00073,org_0055,integration-tests,2026-02-03T20:10:33+00:00,running,1794
workflow_004299,pipeline_002335,project_00011,org_0043,deploy,2026-02-24T12:04:22+00:00,success,180
workflow_004300,pipeline_001648,project_00096,org_0047,lint,2026-03-11T12:27:11+00:00,success,1656
workflow_004301,pipeline_000133,project_00182,org_0031,test,2026-03-11T01:20:04+00:00,success,978
workflow_004302,pipeline_000388,project_00111,org_0090,deploy,2026-02-26T08:55:06+00:00,success,2706
workflow_004303,pipeline_001084,project_00028,org_0055,deploy,2026-06-18T21:30:01+00:00,running,2164
workflow_004304,pipeline_002978,project_00161,org_0075,test,2026-03-14T12:49:26+00:00,success,2333
workflow_004305,pipeline_000376,project_00005,org_0062,build-and-test,2026-04-24T14:15:22+00:00,canceled,2724
workflow_004306,pipeline_001267,project_00022,org_0045,lint,2026-08-10T09:55:45+00:00,success,660
workflow_004307,pipeline_001071,project_00175,org_0065,deploy,2026-05-14T05:42:48+00:00,success,1622
workflow_004308,pipeline_000963,project_00150,org_0099,lint,2026-01-16T23:28:47+00:00,success,391
workflow_004309,pipeline_001941,project_00181,org_0050,build-and-test,2026-02-27T10:20:33+00:00,success,2939
workflow_004310,pipeline_002974,project_00118,org_0073,deploy,2026-05-27T09:40:47+00:00,failed,1063
workflow_004311,pipeline_002564,project_00187,org_0078,integration-tests,2026-05-24T01:22:26+00:00,success,2853
workflow_004312,pipeline_001683,project_00124,org_0032,test,2026-06-05T19:01:04+00:00,success,1510
workflow_004313,pipeline_002263,project_00003,org_0015,test,2026-05-07T09:40:24+00:00,success,1086
workflow_004314,pipeline_000684,project_00078,org_0062,build-and-test,2026-08-30T13:09:01+00:00,success,2076
workflow_004315,pipeline_002351,project_00144,org_0031,deploy,2026-05-08T14:39:23+00:00,canceled,884
workflow_004316,pipeline_001680,project_00092,org_0078,deploy,2026-04-29T22:41:44+00:00,canceled,1643
workflow_004317,pipeline_001379,project_00170,org_0064,integration-tests,2026-07-10T08:05:55+00:00,success,2032
workflow_004318,pipeline_001638,project_00054,org_0032,lint,2026-03-07T06:47:59+00:00,success,2046
workflow_004319,pipeline_001951,project_00025,org_0031,lint,2026-05-01T20:33:04+00:00,success,888
workflow_004320,pipeline_001479,project_00065,org_0044,integration-tests,2026-06-01T15:02:16+00:00,success,884
workflow_004321,pipeline_001265,project_00055,org_0032,build-and-test,2026-08-20T21:28:32+00:00,success,2469
workflow_004322,pipeline_000299,project_00075,org_0017,integration-tests,2026-02-12T20:35:44+00:00,success,3202
workflow_004323,pipeline_002275,project_00056,org_0074,build-and-test,2026-06-19T03:30:14+00:00,canceled,2702
workflow_004324,pipeline_002230,project_00053,org_0084,test,2026-01-16T12:14:36+00:00,success,3252
workflow_004325,pipeline_002013,project_00037,org_0005,deploy,2026-01-17T12:38:25+00:00,success,2519
workflow_004326,pipeline_002486,project_00022,org_0045,build-and-test,2026-06-29T09:49:42+00:00,success,2037
workflow_004327,pipeline_001664,project_00024,org_0011,build-and-test,2026-03-12T21:01:56+00:00,success,142
workflow_004328,pipeline_000136,project_00134,org_0053,build-and-test,2026-02-11T08:22:36+00:00,success,947
workflow_004329,pipeline_002498,project_00183,org_0076,build-and-test,2026-08-21T23:03:20+00:00,success,2183
workflow_004330,pipeline_000001,project_00164,org_0006,test,2026-08-08T15:18:37+00:00,success,3099
workflow_004331,pipeline_000815,project_00155,org_0066,lint,2026-07-01T22:25:53+00:00,running,2075
workflow_004332,pipeline_002534,project_00066,org_0081,deploy,2026-08-15T09:00:48+00:00,failed,1101
workflow_004333,pipeline_002397,project_00165,org_0074,integration-tests,2026-08-14T07:53:39+00:00,success,40
workflow_004334,pipeline_002975,project_00042,org_0070,integration-tests,2026-05-16T03:01:30+00:00,canceled,428
workflow_004335,pipeline_001575,project_00063,org_0064,test,2026-02-23T03:45:51+00:00,failed,2913
workflow_004336,pipeline_002481,project_00050,org_0077,build-and-test,2026-05-27T20:02:05+00:00,success,2605
workflow_004337,pipeline_002698,project_00121,org_0032,integration-tests,2026-02-02T02:20:00+00:00,success,396
workflow_004338,pipeline_001404,project_00020,org_0068,lint,2026-03-08T07:16:24+00:00,success,2739
workflow_004339,pipeline_000110,project_00062,org_0051,lint,2026-05-09T12:09:48+00:00,success,2374
workflow_004340,pipeline_001561,project_00133,org_0098,lint,2026-04-19T01:32:09+00:00,success,1615
workflow_004341,pipeline_001852,project_00036,org_0011,deploy,2026-07-02T10:58:18+00:00,running,2422
workflow_004342,pipeline_002768,project_00019,org_0015,lint,2026-08-01T06:51:01+00:00,success,3310
workflow_004343,pipeline_000743,project_00176,org_0024,deploy,2026-06-09T08:25:27+00:00,success,1800
workflow_004344,pipeline_001252,project_00020,org_0068,deploy,2026-01-05T20:18:02+00:00,success,264
workflow_004345,pipeline_001491,project_00124,org_0032,integration-tests,2026-01-21T05:59:02+00:00,failed,2354
workflow_004346,pipeline_002318,project_00101,org_0065,lint,2026-07-10T10:29:14+00:00,running,1123
workflow_004347,pipeline_001488,project_00128,org_0060,integration-tests,2026-07-17T03:12:52+00:00,running,454
workflow_004348,pipeline_002723,project_00082,org_0009,test,2026-04-12T09:16:22+00:00,success,2823
workflow_004349,pipeline_001819,project_00177,org_0029,integration-tests,2026-01-09T11:40:25+00:00,success,3176
workflow_004350,pipeline_002003,project_00176,org_0024,lint,2026-01-26T07:04:05+00:00,success,503
workflow_004351,pipeline_002791,project_00039,org_0096,test,2026-07-24T17:56:48+00:00,success,2563
workflow_004352,pipeline_000393,project_00158,org_0014,lint,2026-04-14T15:20:23+00:00,success,872
workflow_004353,pipeline_002562,project_00117,org_0066,deploy,2026-06-08T08:53:16+00:00,failed,3511
workflow_004354,pipeline_001695,project_00173,org_0032,build-and-test,2026-06-14T21:29:18+00:00,failed,2431
workflow_004355,pipeline_001737,project_00160,org_0052,integration-tests,2026-05-17T13:23:43+00:00,success,2112
workflow_004356,pipeline_002261,project_00046,org_0095,integration-tests,2026-07-27T08:48:20+00:00,failed,2842
workflow_004357,pipeline_002255,project_00158,org_0014,lint,2026-08-03T16:41:36+00:00,failed,173
workflow_004358,pipeline_002146,project_00049,org_0073,test,2026-04-02T04:40:01+00:00,success,1972
workflow_004359,pipeline_000822,project_00031,org_0041,test,2026-08-07T06:02:48+00:00,success,1991
workflow_004360,pipeline_002422,project_00145,org_0051,test,2026-05-19T14:25:57+00:00,failed,2884
workflow_004361,pipeline_000797,project_00173,org_0032,lint,2026-02-11T07:04:24+00:00,success,2062
workflow_004362,pipeline_000210,project_00106,org_0082,deploy,2026-08-22T08:13:21+00:00,success,645
workflow_004363,pipeline_002008,project_00166,org_0064,lint,2026-05-30T22:17:27+00:00,failed,2724
workflow_004364,pipeline_001738,project_00143,org_0010,test,2026-07-10T14:11:08+00:00,success,3341
workflow_004365,pipeline_001081,project_00184,org_0073,test,2026-07-15T23:33:15+00:00,success,2716
workflow_004366,pipeline_001587,project_00075,org_0017,lint,2026-04-15T01:13:53+00:00,success,3385
workflow_004367,pipeline_002390,project_00105,org_0020,test,2026-01-03T01:16:25+00:00,running,3079
workflow_004368,pipeline_000321,project_00083,org_0057,test,2026-07-01T21:45:18+00:00,success,2603
workflow_004369,pipeline_000978,project_00058,org_0052,test,2026-06-12T18:44:10+00:00,failed,1065
workflow_004370,pipeline_001310,project_00004,org_0044,build-and-test,2026-05-24T19:02:23+00:00,failed,561
workflow_004371,pipeline_001038,project_00078,org_0062,build-and-test,2026-04-21T19:40:54+00:00,failed,1018
workflow_004372,pipeline_001814,project_00164,org_0006,lint,2026-05-14T02:07:13+00:00,success,2681
workflow_004373,pipeline_000023,project_00139,org_0092,integration-tests,2026-06-10T18:38:06+00:00,failed,2812
workflow_004374,pipeline_002148,project_00184,org_0073,integration-tests,2026-01-19T08:49:01+00:00,success,959
workflow_004375,pipeline_002629,project_00067,org_0021,integration-tests,2026-03-29T01:45:28+00:00,success,140
workflow_004376,pipeline_000971,project_00003,org_0015,lint,2026-04-27T07:18:05+00:00,failed,1461
workflow_004377,pipeline_001146,project_00146,org_0035,integration-tests,2026-04-14T20:04:05+00:00,failed,163
workflow_004378,pipeline_001975,project_00137,org_0014,integration-tests,2026-01-11T20:38:06+00:00,success,970
workflow_004379,pipeline_002180,project_00116,org_0081,deploy,2026-04-24T22:35:17+00:00,success,2215
workflow_004380,pipeline_001524,project_00159,org_0008,lint,2026-01-20T06:06:57+00:00,success,794
workflow_004381,pipeline_002956,project_00009,org_0087,integration-tests,2026-06-20T03:01:51+00:00,success,1697
workflow_004382,pipeline_002462,project_00138,org_0054,lint,2026-05-25T06:59:56+00:00,success,3062
workflow_004383,pipeline_002150,project_00139,org_0092,build-and-test,2026-02-26T13:58:56+00:00,failed,1163
workflow_004384,pipeline_000120,project_00134,org_0053,lint,2026-05-26T04:54:38+00:00,success,886
workflow_004385,pipeline_000227,project_00148,org_0022,test,2026-05-14T17:38:00+00:00,success,35
workflow_004386,pipeline_002957,project_00196,org_0023,lint,2026-06-22T00:31:15+00:00,success,3351
workflow_004387,pipeline_002894,project_00136,org_0098,test,2026-04-01T21:46:56+00:00,failed,1317
workflow_004388,pipeline_000424,project_00173,org_0032,build-and-test,2026-04-21T10:37:07+00:00,failed,608
workflow_004389,pipeline_001670,project_00024,org_0011,test,2026-07-10T06:03:55+00:00,success,3590
workflow_004390,pipeline_002184,project_00059,org_0059,lint,2026-06-22T16:35:28+00:00,success,1798
workflow_004391,pipeline_000844,project_00006,org_0057,deploy,2026-01-11T19:57:54+00:00,failed,1646
workflow_004392,pipeline_001914,project_00115,org_0035,test,2026-01-19T13:31:12+00:00,success,1121
workflow_004393,pipeline_002834,project_00133,org_0098,lint,2026-06-03T19:44:31+00:00,failed,3083
workflow_004394,pipeline_000153,project_00136,org_0098,deploy,2026-07-04T09:59:23+00:00,success,3540
workflow_004395,pipeline_000560,project_00200,org_0024,lint,2026-03-03T06:22:14+00:00,success,3240
workflow_004396,pipeline_002337,project_00183,org_0076,integration-tests,2026-05-14T04:38:48+00:00,success,486
workflow_004397,pipeline_001375,project_00013,org_0051,integration-tests,2026-04-29T04:11:21+00:00,success,249
workflow_004398,pipeline_002903,project_00131,org_0095,integration-tests,2026-05-03T01:59:49+00:00,success,3371
workflow_004399,pipeline_000286,project_00009,org_0087,build-and-test,2026-05-19T14:00:05+00:00,failed,116
workflow_004400,pipeline_000734,project_00137,org_0014,lint,2026-04-02T19:14:20+00:00,success,2008
workflow_004401,pipeline_002185,project_00043,org_0095,build-and-test,2026-02-24T01:29:15+00:00,failed,2472
workflow_004402,pipeline_001344,project_00156,org_0034,build-and-test,2026-01-12T11:28:29+00:00,success,2150
workflow_004403,pipeline_001075,project_00116,org_0081,integration-tests,2026-08-29T03:27:19+00:00,failed,1978
workflow_004404,pipeline_002318,project_00101,org_0065,lint,2026-07-10T10:29:14+00:00,success,834
workflow_004405,pipeline_000967,project_00132,org_0076,build-and-test,2026-08-01T07:09:53+00:00,success,1109
workflow_004406,pipeline_001031,project_00107,org_0094,deploy,2026-04-23T00:35:47+00:00,failed,1861
workflow_004407,pipeline_002685,project_00055,org_0032,test,2026-07-10T10:11:00+00:00,success,1967
workflow_004408,pipeline_002164,project_00062,org_0051,integration-tests,2026-06-07T17:18:41+00:00,success,1428
workflow_004409,pipeline_000094,project_00020,org_0068,test,2026-02-09T08:05:44+00:00,success,3177
workflow_004410,pipeline_002627,project_00094,org_0050,deploy,2026-01-10T23:09:42+00:00,success,790
workflow_004411,pipeline_001915,project_00054,org_0032,build-and-test,2026-08-05T21:23:24+00:00,failed,3555
workflow_004412,pipeline_002163,project_00130,org_0026,lint,2026-02-11T20:46:36+00:00,success,3127
workflow_004413,pipeline_001927,project_00007,org_0039,build-and-test,2026-07-12T01:00:29+00:00,success,2637
workflow_004414,pipeline_002866,project_00027,org_0054,integration-tests,2026-04-17T12:06:35+00:00,failed,520
workflow_004415,pipeline_000656,project_00057,org_0049,integration-tests,2026-02-19T23:42:21+00:00,success,2974
workflow_004416,pipeline_001635,project_00040,org_0015,build-and-test,2026-02-09T23:48:30+00:00,failed,2364
workflow_004417,pipeline_000450,project_00007,org_0039,deploy,2026-07-07T10:44:49+00:00,success,1921
workflow_004418,pipeline_001039,project_00124,org_0032,test,2026-02-01T01:48:10+00:00,success,2439
workflow_004419,pipeline_002134,project_00158,org_0014,test,2026-02-11T15:45:01+00:00,canceled,449
workflow_004420,pipeline_002867,project_00060,org_0001,deploy,2026-01-15T03:32:40+00:00,canceled,1047
workflow_004421,pipeline_002041,project_00160,org_0052,lint,2026-08-18T06:12:24+00:00,canceled,1856
workflow_004422,pipeline_000037,project_00085,org_0088,test,2026-04-03T06:23:58+00:00,canceled,2098
workflow_004423,pipeline_000048,project_00073,org_0055,lint,2026-01-11T15:51:25+00:00,success,3136
workflow_004424,pipeline_000184,project_00028,org_0055,lint,2026-03-10T06:17:47+00:00,failed,1518
workflow_004425,pipeline_000488,project_00104,org_0040,build-and-test,2026-05-29T04:26:38+00:00,failed,1124
workflow_004426,pipeline_000168,project_00023,org_0023,lint,2026-04-20T07:55:57+00:00,success,1893
workflow_004427,pipeline_002162,project_00058,org_0052,deploy,2026-06-26T04:21:45+00:00,failed,2818
workflow_004428,pipeline_002644,project_00130,org_0026,test,2026-06-11T08:51:31+00:00,success,3023
workflow_004429,pipeline_001102,project_00141,org_0059,integration-tests,2026-06-02T08:21:59+00:00,canceled,3329
workflow_004430,pipeline_000044,project_00015,org_0050,deploy,2026-04-07T21:25:04+00:00,success,3476
workflow_004431,pipeline_001439,project_00196,org_0023,lint,2026-07-21T04:11:13+00:00,success,3577
workflow_004432,pipeline_001346,project_00036,org_0011,test,2026-03-27T08:19:19+00:00,failed,59
workflow_004433,pipeline_001193,project_00031,org_0041,test,2026-01-16T22:30:38+00:00,success,1992
workflow_004434,pipeline_000757,project_00189,org_0026,integration-tests,2026-08-20T22:16:10+00:00,success,70
workflow_004435,pipeline_000775,project_00096,org_0047,build-and-test,2026-08-18T06:21:12+00:00,failed,2299
workflow_004436,pipeline_002073,project_00151,org_0060,deploy,2026-03-08T05:40:07+00:00,failed,3248
workflow_004437,pipeline_001598,project_00004,org_0044,test,2026-01-15T00:14:35+00:00,success,368
workflow_004438,pipeline_001754,project_00053,org_0084,lint,2026-08-13T07:38:35+00:00,failed,1363
workflow_004439,pipeline_002557,project_00154,org_0012,integration-tests,2026-06-01T17:20:09+00:00,failed,1099
workflow_004440,pipeline_001095,project_00138,org_0054,build-and-test,2026-06-28T21:07:44+00:00,success,2729
workflow_004441,pipeline_002346,project_00059,org_0059,test,2026-01-16T17:53:55+00:00,running,2436
workflow_004442,pipeline_000884,project_00082,org_0009,build-and-test,2026-06-30T12:28:09+00:00,success,792
workflow_004443,pipeline_002563,project_00150,org_0099,build-and-test,2026-06-22T03:58:56+00:00,success,1552
workflow_004444,pipeline_001785,project_00142,org_0065,build-and-test,2026-04-18T18:16:08+00:00,failed,3408
workflow_004445,pipeline_001402,project_00081,org_0100,deploy,2026-01-27T23:21:50+00:00,success,2589
workflow_004446,pipeline_000222,project_00097,org_0073,build-and-test,2026-03-21T18:38:27+00:00,failed,681
workflow_004447,pipeline_000847,project_00077,org_0016,build-and-test,2026-08-11T07:29:00+00:00,failed,2516
workflow_004448,pipeline_002450,project_00120,org_0030,integration-tests,2026-02-05T08:24:43+00:00,success,832
workflow_004449,pipeline_000897,project_00118,org_0073,build-and-test,2026-08-21T19:52:20+00:00,canceled,3399
workflow_004450,pipeline_000677,project_00017,org_0074,deploy,2026-05-22T06:01:22+00:00,success,1666
workflow_004451,pipeline_001445,project_00030,org_0063,test,2026-01-27T01:48:33+00:00,canceled,1032
workflow_004452,pipeline_000121,project_00036,org_0011,lint,2026-06-08T22:07:14+00:00,success,2459
workflow_004453,pipeline_000481,project_00116,org_0081,test,2026-07-26T07:39:47+00:00,success,3285
workflow_004454,pipeline_000247,project_00081,org_0100,deploy,2026-06-10T04:05:19+00:00,failed,883
workflow_004455,pipeline_000670,project_00127,org_0067,build-and-test,2026-05-21T07:05:53+00:00,success,3578
workflow_004456,pipeline_002573,project_00120,org_0030,integration-tests,2026-07-31T12:50:09+00:00,success,412
workflow_004457,pipeline_002288,project_00111,org_0090,test,2026-07-19T14:33:46+00:00,success,1226
workflow_004458,pipeline_000525,project_00164,org_0006,deploy,2026-02-17T07:09:58+00:00,success,2207
workflow_004459,pipeline_000574,project_00200,org_0024,build-and-test,2026-02-12T18:30:45+00:00,failed,2867
workflow_004460,pipeline_001575,project_00063,org_0064,integration-tests,2026-02-23T03:45:51+00:00,success,257
workflow_004461,pipeline_001233,project_00155,org_0066,integration-tests,2026-02-28T16:22:54+00:00,failed,3232
workflow_004462,pipeline_002840,project_00013,org_0051,build-and-test,2026-06-29T02:44:07+00:00,success,259
workflow_004463,pipeline_001420,project_00175,org_0065,test,2026-02-28T08:13:26+00:00,success,2933
workflow_004464,pipeline_001837,project_00018,org_0047,deploy,2026-05-08T04:09:29+00:00,canceled,1500
workflow_004465,pipeline_001817,project_00147,org_0018,lint,2026-03-19T16:04:55+00:00,success,867
workflow_004466,pipeline_002404,project_00053,org_0084,integration-tests,2026-06-01T03:42:35+00:00,canceled,645
workflow_004467,pipeline_001110,project_00014,org_0026,test,2026-02-15T13:45:06+00:00,success,1371
workflow_004468,pipeline_000970,project_00049,org_0073,integration-tests,2026-08-23T14:00:19+00:00,failed,1564
workflow_004469,pipeline_000347,project_00040,org_0015,integration-tests,2026-02-06T14:49:11+00:00,success,625
workflow_004470,pipeline_002780,project_00142,org_0065,deploy,2026-04-07T08:34:01+00:00,failed,3594
workflow_004471,pipeline_000566,project_00050,org_0077,lint,2026-02-15T15:15:08+00:00,canceled,3519
workflow_004472,pipeline_000539,project_00058,org_0052,integration-tests,2026-01-02T06:49:36+00:00,success,433
workflow_004473,pipeline_002067,project_00194,org_0042,test,2026-03-04T15:05:27+00:00,success,1514
workflow_004474,pipeline_001496,project_00015,org_0050,lint,2026-01-30T18:04:21+00:00,failed,3200
workflow_004475,pipeline_002163,project_00130,org_0026,integration-tests,2026-02-11T20:46:36+00:00,success,354
workflow_004476,pipeline_001379,project_00170,org_0064,test,2026-07-10T08:05:55+00:00,success,1028
workflow_004477,pipeline_000220,project_00073,org_0055,integration-tests,2026-08-21T08:29:19+00:00,success,1763
workflow_004478,pipeline_002982,project_00106,org_0082,integration-tests,2026-07-18T05:36:55+00:00,success,1272
workflow_004479,pipeline_001073,project_00001,org_0020,integration-tests,2026-06-27T10:47:46+00:00,success,453
workflow_004480,pipeline_002766,project_00038,org_0037,test,2026-02-13T11:30:43+00:00,success,2932
workflow_004481,pipeline_001205,project_00129,org_0012,integration-tests,2026-07-23T22:02:13+00:00,success,2426
workflow_004482,pipeline_000472,project_00143,org_0010,test,2026-01-28T13:03:34+00:00,failed,2120
workflow_004483,pipeline_002344,project_00058,org_0052,deploy,2026-06-24T11:30:44+00:00,success,1210
workflow_004484,pipeline_001668,project_00036,org_0011,test,2026-08-08T10:33:14+00:00,success,1391
workflow_004485,pipeline_000110,project_00062,org_0051,lint,2026-05-09T12:09:48+00:00,canceled,1721
workflow_004486,pipeline_002440,project_00159,org_0008,test,2026-02-22T05:46:15+00:00,success,1473
workflow_004487,pipeline_002464,project_00166,org_0064,deploy,2026-04-23T13:42:27+00:00,success,1392
workflow_004488,pipeline_002083,project_00037,org_0005,integration-tests,2026-04-02T07:46:45+00:00,success,283
workflow_004489,pipeline_002080,project_00072,org_0081,deploy,2026-03-30T10:41:02+00:00,success,1859
workflow_004490,pipeline_001797,project_00017,org_0074,test,2026-06-17T18:40:15+00:00,success,3174
workflow_004491,pipeline_001852,project_00036,org_0011,lint,2026-07-02T10:58:18+00:00,canceled,1142
workflow_004492,pipeline_001525,project_00176,org_0024,integration-tests,2026-07-16T18:57:54+00:00,failed,1545
workflow_004493,pipeline_001163,project_00118,org_0073,build-and-test,2026-05-08T14:19:29+00:00,success,2136
workflow_004494,pipeline_001833,project_00039,org_0096,deploy,2026-04-11T12:41:03+00:00,failed,3047
workflow_004495,pipeline_002404,project_00053,org_0084,deploy,2026-06-01T03:42:35+00:00,success,1954
workflow_004496,pipeline_002522,project_00083,org_0057,build-and-test,2026-03-24T15:56:16+00:00,success,284
workflow_004497,pipeline_002912,project_00033,org_0025,test,2026-05-23T14:15:42+00:00,failed,1521
workflow_004498,pipeline_002457,project_00057,org_0049,test,2026-02-04T17:06:38+00:00,success,1301
workflow_004499,pipeline_002332,project_00116,org_0081,lint,2026-02-21T14:44:53+00:00,success,1116
workflow_004500,pipeline_002948,project_00176,org_0024,build-and-test,2026-01-08T09:59:35+00:00,success,573
workflow_004501,pipeline_000809,project_00125,org_0035,integration-tests,2026-06-05T05:17:27+00:00,success,1757
workflow_004502,pipeline_002700,project_00030,org_0063,lint,2026-03-22T11:40:09+00:00,success,1381
workflow_004503,pipeline_001492,project_00180,org_0035,integration-tests,2026-06-15T18:22:38+00:00,success,152
workflow_004504,pipeline_000692,project_00147,org_0018,lint,2026-07-02T11:01:28+00:00,success,1109
workflow_004505,pipeline_002557,project_00154,org_0012,build-and-test,2026-06-01T17:20:09+00:00,success,537
workflow_004506,pipeline_000635,project_00048,org_0018,deploy,2026-05-29T06:20:59+00:00,success,2813
workflow_004507,pipeline_001978,project_00026,org_0048,lint,2026-06-27T13:43:38+00:00,success,3328
workflow_004508,pipeline_000258,project_00129,org_0012,test,2026-05-15T20:58:03+00:00,failed,493
workflow_004509,pipeline_002841,project_00068,org_0055,deploy,2026-07-19T15:21:00+00:00,success,2063
workflow_004510,pipeline_002610,project_00127,org_0067,build-and-test,2026-08-26T01:38:16+00:00,success,1188
workflow_004511,pipeline_001494,project_00061,org_0082,test,2026-04-01T02:42:29+00:00,success,3267
workflow_004512,pipeline_001187,project_00170,org_0064,test,2026-05-05T21:53:54+00:00,success,1407
workflow_004513,pipeline_001490,project_00137,org_0014,lint,2026-08-25T04:15:55+00:00,failed,533
workflow_004514,pipeline_001737,project_00160,org_0052,integration-tests,2026-05-17T13:23:43+00:00,canceled,2747
workflow_004515,pipeline_000880,project_00047,org_0081,deploy,2026-01-11T13:15:13+00:00,success,2725
workflow_004516,pipeline_001982,project_00100,org_0028,lint,2026-03-30T16:34:46+00:00,success,251
workflow_004517,pipeline_002296,project_00057,org_0049,integration-tests,2026-07-01T20:56:02+00:00,success,61
workflow_004518,pipeline_001236,project_00068,org_0055,integration-tests,2026-01-30T15:48:54+00:00,success,2089
workflow_004519,pipeline_001710,project_00051,org_0038,build-and-test,2026-07-19T23:10:52+00:00,success,355
workflow_004520,pipeline_001941,project_00181,org_0050,build-and-test,2026-02-27T10:20:33+00:00,success,1380
workflow_004521,pipeline_002788,project_00033,org_0025,lint,2026-01-01T03:11:59+00:00,success,3167
workflow_004522,pipeline_000650,project_00088,org_0041,build-and-test,2026-03-05T07:32:30+00:00,success,2401
workflow_004523,pipeline_001872,project_00049,org_0073,integration-tests,2026-08-13T03:54:27+00:00,success,1631
workflow_004524,pipeline_002278,project_00103,org_0011,lint,2026-07-01T02:41:17+00:00,failed,3218
workflow_004525,pipeline_002524,project_00047,org_0081,deploy,2026-06-19T10:03:20+00:00,failed,2767
workflow_004526,pipeline_002786,project_00144,org_0031,lint,2026-05-12T06:33:19+00:00,success,2388
workflow_004527,pipeline_002121,project_00150,org_0099,integration-tests,2026-07-10T20:47:10+00:00,success,2676
workflow_004528,pipeline_002783,project_00108,org_0012,build-and-test,2026-04-20T22:07:25+00:00,running,166
workflow_004529,pipeline_001510,project_00009,org_0087,test,2026-07-30T07:36:14+00:00,failed,2290
workflow_004530,pipeline_000807,project_00086,org_0013,integration-tests,2026-01-04T01:23:37+00:00,success,472
workflow_004531,pipeline_001514,project_00197,org_0023,deploy,2026-07-21T12:37:06+00:00,success,692
workflow_004532,pipeline_001663,project_00146,org_0035,test,2026-02-03T10:27:56+00:00,success,2533
workflow_004533,pipeline_002901,project_00004,org_0044,deploy,2026-04-28T13:36:27+00:00,failed,3034
workflow_004534,pipeline_000973,project_00059,org_0059,deploy,2026-03-30T03:06:23+00:00,canceled,1805
workflow_004535,pipeline_000996,project_00118,org_0073,lint,2026-05-30T09:20:15+00:00,success,787
workflow_004536,pipeline_000010,project_00044,org_0058,deploy,2026-05-26T19:31:16+00:00,success,2636
workflow_004537,pipeline_001834,project_00118,org_0073,integration-tests,2026-03-19T19:13:31+00:00,success,2712
workflow_004538,pipeline_000258,project_00129,org_0012,integration-tests,2026-05-15T20:58:03+00:00,success,895
workflow_004539,pipeline_002164,project_00062,org_0051,test,2026-06-07T17:18:41+00:00,success,1872
workflow_004540,pipeline_002129,project_00078,org_0062,build-and-test,2026-05-21T04:11:20+00:00,failed,1718
workflow_004541,pipeline_001855,project_00029,org_0089,lint,2026-03-05T01:25:57+00:00,success,3092
workflow_004542,pipeline_001119,project_00048,org_0018,deploy,2026-06-07T09:57:15+00:00,failed,2256
workflow_004543,pipeline_000953,project_00196,org_0023,test,2026-08-28T05:47:49+00:00,success,409
workflow_004544,pipeline_000761,project_00011,org_0043,test,2026-08-14T10:31:48+00:00,success,3167
workflow_004545,pipeline_001658,project_00151,org_0060,lint,2026-05-23T05:45:31+00:00,success,1169
workflow_004546,pipeline_000610,project_00152,org_0021,lint,2026-07-25T21:30:26+00:00,success,3504
workflow_004547,pipeline_000123,project_00028,org_0055,test,2026-06-10T23:08:37+00:00,success,2318
workflow_004548,pipeline_000796,project_00048,org_0018,deploy,2026-03-23T23:17:59+00:00,failed,2484
workflow_004549,pipeline_001779,project_00092,org_0078,lint,2026-07-13T17:03:43+00:00,success,2462
workflow_004550,pipeline_002668,project_00009,org_0087,test,2026-05-07T09:16:01+00:00,success,2827
workflow_004551,pipeline_002839,project_00059,org_0059,integration-tests,2026-06-17T00:40:14+00:00,success,3408
workflow_004552,pipeline_001239,project_00024,org_0011,test,2026-05-06T11:04:33+00:00,success,721
workflow_004553,pipeline_001275,project_00187,org_0078,lint,2026-08-25T09:51:28+00:00,success,2748
workflow_004554,pipeline_000362,project_00063,org_0064,test,2026-01-28T19:46:13+00:00,canceled,1083
workflow_004555,pipeline_001573,project_00010,org_0067,integration-tests,2026-06-18T07:22:20+00:00,success,3278
workflow_004556,pipeline_002331,project_00100,org_0028,integration-tests,2026-03-14T10:53:18+00:00,failed,1051
workflow_004557,pipeline_000377,project_00182,org_0031,test,2026-02-08T16:22:25+00:00,success,1820
workflow_004558,pipeline_001653,project_00162,org_0009,test,2026-06-26T12:04:02+00:00,success,832
workflow_004559,pipeline_002520,project_00053,org_0084,test,2026-05-21T07:45:57+00:00,success,655
workflow_004560,pipeline_002567,project_00153,org_0006,lint,2026-02-23T06:43:56+00:00,failed,2419
workflow_004561,pipeline_000046,project_00062,org_0051,integration-tests,2026-05-25T15:38:30+00:00,canceled,3328
workflow_004562,pipeline_001537,project_00188,org_0062,test,2026-06-12T08:47:20+00:00,failed,2443
workflow_004563,pipeline_001592,project_00053,org_0084,lint,2026-08-31T20:05:33+00:00,success,3338
workflow_004564,pipeline_002128,project_00052,org_0018,build-and-test,2026-08-10T10:42:51+00:00,canceled,528
workflow_004565,pipeline_002709,project_00161,org_0075,integration-tests,2026-07-23T19:38:35+00:00,success,599
workflow_004566,pipeline_002362,project_00042,org_0070,deploy,2026-02-26T15:04:30+00:00,success,3192
workflow_004567,pipeline_002663,project_00063,org_0064,deploy,2026-06-11T07:30:37+00:00,success,2324
workflow_004568,pipeline_002010,project_00163,org_0017,deploy,2026-06-26T16:45:39+00:00,success,244
workflow_004569,pipeline_000928,project_00133,org_0098,lint,2026-05-08T10:59:12+00:00,success,2020
workflow_004570,pipeline_002896,project_00019,org_0015,integration-tests,2026-05-22T09:30:44+00:00,failed,248
workflow_004571,pipeline_001585,project_00119,org_0033,build-and-test,2026-05-04T20:25:08+00:00,success,1724
workflow_004572,pipeline_002015,project_00107,org_0094,test,2026-06-28T20:55:51+00:00,failed,2163
workflow_004573,pipeline_001339,project_00125,org_0035,lint,2026-08-31T23:47:09+00:00,success,240
workflow_004574,pipeline_001088,project_00165,org_0074,test,2026-05-14T07:05:46+00:00,success,1607
workflow_004575,pipeline_002812,project_00090,org_0077,test,2026-02-14T00:51:27+00:00,success,1870
workflow_004576,pipeline_002714,project_00005,org_0062,lint,2026-02-07T17:40:19+00:00,success,2758
workflow_004577,pipeline_001524,project_00159,org_0008,lint,2026-01-20T06:06:57+00:00,success,2330
workflow_004578,pipeline_002773,project_00047,org_0081,build-and-test,2026-03-15T08:48:33+00:00,success,1474
workflow_004579,pipeline_001382,project_00055,org_0032,build-and-test,2026-01-06T02:21:46+00:00,failed,569
workflow_004580,pipeline_001621,project_00051,org_0038,lint,2026-06-19T22:44:21+00:00,success,1099
workflow_004581,pipeline_002618,project_00047,org_0081,test,2026-07-23T08:09:53+00:00,canceled,1111
workflow_004582,pipeline_000880,project_00047,org_0081,lint,2026-01-11T13:15:13+00:00,canceled,708
workflow_004583,pipeline_001913,project_00175,org_0065,build-and-test,2026-05-14T14:46:33+00:00,success,469
workflow_004584,pipeline_001046,project_00126,org_0016,lint,2026-06-07T02:43:41+00:00,success,1059
workflow_004585,pipeline_001038,project_00078,org_0062,deploy,2026-04-21T19:40:54+00:00,success,1225
workflow_004586,pipeline_000619,project_00082,org_0009,build-and-test,2026-03-02T14:31:18+00:00,running,2119
workflow_004587,pipeline_001767,project_00071,org_0048,lint,2026-08-19T20:28:18+00:00,success,2960
workflow_004588,pipeline_000409,project_00083,org_0057,test,2026-06-25T02:33:38+00:00,success,1052
workflow_004589,pipeline_001335,project_00161,org_0075,build-and-test,2026-01-09T23:41:17+00:00,success,409
workflow_004590,pipeline_002342,project_00073,org_0055,integration-tests,2026-05-10T04:06:25+00:00,success,2722
workflow_004591,pipeline_000089,project_00185,org_0064,test,2026-08-28T21:21:44+00:00,success,2599
workflow_004592,pipeline_000415,project_00108,org_0012,deploy,2026-04-30T15:20:52+00:00,success,3520
workflow_004593,pipeline_002242,project_00196,org_0023,test,2026-04-16T12:38:41+00:00,success,388
workflow_004594,pipeline_002564,project_00187,org_0078,test,2026-05-24T01:22:26+00:00,running,790
workflow_004595,pipeline_000762,project_00087,org_0094,integration-tests,2026-07-01T18:52:01+00:00,success,1978
workflow_004596,pipeline_001734,project_00170,org_0064,lint,2026-08-10T21:01:32+00:00,failed,868
workflow_004597,pipeline_000763,project_00037,org_0005,lint,2026-04-12T03:09:35+00:00,success,2863
workflow_004598,pipeline_002936,project_00136,org_0098,build-and-test,2026-01-24T11:40:20+00:00,failed,557
workflow_004599,pipeline_000849,project_00171,org_0008,deploy,2026-08-11T10:33:48+00:00,success,36
workflow_004600,pipeline_001648,project_00096,org_0047,build-and-test,2026-03-11T12:27:11+00:00,canceled,3077
workflow_004601,pipeline_002071,project_00068,org_0055,integration-tests,2026-05-04T21:53:30+00:00,running,3047
workflow_004602,pipeline_002012,project_00066,org_0081,build-and-test,2026-03-04T06:15:34+00:00,success,648
workflow_004603,pipeline_000520,project_00198,org_0017,integration-tests,2026-03-17T16:50:20+00:00,success,1124
workflow_004604,pipeline_001432,project_00047,org_0081,lint,2026-05-27T00:15:23+00:00,canceled,2710
workflow_004605,pipeline_001211,project_00157,org_0058,integration-tests,2026-04-25T12:37:25+00:00,failed,1694
workflow_004606,pipeline_001483,project_00108,org_0012,integration-tests,2026-04-12T07:35:17+00:00,success,1397
workflow_004607,pipeline_000544,project_00125,org_0035,lint,2026-02-02T22:58:32+00:00,success,768
workflow_004608,pipeline_001440,project_00070,org_0012,integration-tests,2026-02-11T13:46:05+00:00,success,421
workflow_004609,pipeline_000464,project_00092,org_0078,test,2026-05-02T08:09:28+00:00,success,2093
workflow_004610,pipeline_000794,project_00047,org_0081,build-and-test,2026-06-02T14:37:40+00:00,success,3582
workflow_004611,pipeline_000026,project_00147,org_0018,lint,2026-07-20T17:05:14+00:00,success,3069
workflow_004612,pipeline_002948,project_00176,org_0024,test,2026-01-08T09:59:35+00:00,success,194
workflow_004613,pipeline_001754,project_00053,org_0084,build-and-test,2026-08-13T07:38:35+00:00,success,3106
workflow_004614,pipeline_000628,project_00099,org_0003,deploy,2026-05-25T19:02:17+00:00,success,2281
workflow_004615,pipeline_002408,project_00073,org_0055,lint,2026-04-19T11:31:35+00:00,success,3321
workflow_004616,pipeline_000824,project_00155,org_0066,lint,2026-02-10T10:40:26+00:00,success,1860
workflow_004617,pipeline_000980,project_00040,org_0015,deploy,2026-05-09T06:09:28+00:00,success,1036
workflow_004618,pipeline_000339,project_00043,org_0095,integration-tests,2026-03-12T01:25:03+00:00,success,1185
workflow_004619,pipeline_001020,project_00095,org_0082,build-and-test,2026-01-18T01:32:26+00:00,success,1770
workflow_004620,pipeline_001685,project_00152,org_0021,test,2026-01-12T02:09:12+00:00,success,207
workflow_004621,pipeline_000719,project_00119,org_0033,deploy,2026-07-08T12:05:29+00:00,success,384
workflow_004622,pipeline_001696,project_00126,org_0016,test,2026-08-16T17:54:50+00:00,success,120
workflow_004623,pipeline_001715,project_00153,org_0006,deploy,2026-02-13T08:57:49+00:00,success,1364
workflow_004624,pipeline_001359,project_00120,org_0030,test,2026-08-09T09:11:48+00:00,success,1901
workflow_004625,pipeline_000569,project_00046,org_0095,build-and-test,2026-03-04T01:04:02+00:00,success,1689
workflow_004626,pipeline_002577,project_00032,org_0046,lint,2026-03-15T22:32:14+00:00,failed,619
workflow_004627,pipeline_001863,project_00158,org_0014,test,2026-02-07T10:29:49+00:00,success,61
workflow_004628,pipeline_001460,project_00196,org_0023,lint,2026-04-28T15:30:40+00:00,success,200
workflow_004629,pipeline_001746,project_00168,org_0036,integration-tests,2026-03-08T21:40:44+00:00,success,1923
workflow_004630,pipeline_000312,project_00029,org_0089,build-and-test,2026-04-02T15:21:39+00:00,running,370
workflow_004631,pipeline_002859,project_00054,org_0032,integration-tests,2026-07-27T19:18:32+00:00,success,1599
workflow_004632,pipeline_001859,project_00041,org_0047,integration-tests,2026-02-08T21:08:30+00:00,success,768
workflow_004633,pipeline_000987,project_00106,org_0082,test,2026-06-01T21:21:55+00:00,failed,798
workflow_004634,pipeline_002353,project_00006,org_0057,deploy,2026-02-08T15:02:01+00:00,failed,977
workflow_004635,pipeline_000069,project_00052,org_0018,test,2026-05-14T01:54:53+00:00,success,1184
workflow_004636,pipeline_002387,project_00152,org_0021,test,2026-08-06T22:40:27+00:00,canceled,3597
workflow_004637,pipeline_001715,project_00153,org_0006,test,2026-02-13T08:57:49+00:00,success,259
workflow_004638,pipeline_001812,project_00012,org_0052,integration-tests,2026-06-01T11:39:02+00:00,success,625
workflow_004639,pipeline_000444,project_00017,org_0074,integration-tests,2026-02-27T23:37:21+00:00,success,635
workflow_004640,pipeline_001112,project_00126,org_0016,deploy,2026-04-28T13:16:17+00:00,success,1115
workflow_004641,pipeline_001689,project_00052,org_0018,integration-tests,2026-03-08T19:47:38+00:00,failed,2602
workflow_004642,pipeline_002803,project_00103,org_0011,test,2026-06-29T07:35:22+00:00,failed,2379
workflow_004643,pipeline_000101,project_00034,org_0084,deploy,2026-01-23T18:37:26+00:00,failed,1277
workflow_004644,pipeline_000282,project_00017,org_0074,build-and-test,2026-07-03T18:24:40+00:00,success,1278
workflow_004645,pipeline_002230,project_00053,org_0084,integration-tests,2026-01-16T12:14:36+00:00,success,1324
workflow_004646,pipeline_000404,project_00100,org_0028,build-and-test,2026-07-20T10:38:57+00:00,success,809
workflow_004647,pipeline_001166,project_00032,org_0046,lint,2026-07-09T07:00:38+00:00,failed,2993
workflow_004648,pipeline_001016,project_00083,org_0057,deploy,2026-08-07T06:43:26+00:00,running,861
workflow_004649,pipeline_000976,project_00143,org_0010,build-and-test,2026-01-12T16:35:25+00:00,success,2932
workflow_004650,pipeline_001509,project_00098,org_0088,test,2026-03-13T14:58:56+00:00,success,2899
workflow_004651,pipeline_000217,project_00134,org_0053,build-and-test,2026-06-13T09:03:33+00:00,success,2242
workflow_004652,pipeline_001155,project_00180,org_0035,build-and-test,2026-07-27T12:16:05+00:00,success,1109
workflow_004653,pipeline_000956,project_00170,org_0064,lint,2026-08-27T19:09:25+00:00,canceled,165
workflow_004654,pipeline_002621,project_00050,org_0077,deploy,2026-08-01T02:47:09+00:00,success,1924
workflow_004655,pipeline_000044,project_00015,org_0050,test,2026-04-07T21:25:04+00:00,success,485
workflow_004656,pipeline_000754,project_00068,org_0055,test,2026-04-02T10:53:06+00:00,failed,2579
workflow_004657,pipeline_000695,project_00012,org_0052,integration-tests,2026-02-19T18:53:33+00:00,failed,3448
workflow_004658,pipeline_000918,project_00123,org_0071,deploy,2026-06-17T18:03:21+00:00,canceled,2600
workflow_004659,pipeline_002316,project_00080,org_0048,lint,2026-05-09T05:08:38+00:00,success,2659
workflow_004660,pipeline_002209,project_00167,org_0023,test,2026-05-13T14:50:55+00:00,success,474
workflow_004661,pipeline_001860,project_00108,org_0012,lint,2026-01-26T18:12:02+00:00,success,1565
workflow_004662,pipeline_000151,project_00107,org_0094,test,2026-07-30T21:52:26+00:00,success,2051
workflow_004663,pipeline_000970,project_00049,org_0073,integration-tests,2026-08-23T14:00:19+00:00,success,3157
workflow_004664,pipeline_002874,project_00004,org_0044,build-and-test,2026-03-13T21:23:24+00:00,running,2838
workflow_004665,pipeline_001422,project_00004,org_0044,test,2026-06-26T06:15:53+00:00,failed,2445
workflow_004666,pipeline_000344,project_00001,org_0020,lint,2026-01-14T11:04:53+00:00,success,2275
workflow_004667,pipeline_missing_999,project_00096,org_0047,deploy,2026-08-18T06:21:12+00:00,failed,331
workflow_004668,pipeline_002000,project_00161,org_0075,integration-tests,2026-03-17T11:22:17+00:00,success,1569
workflow_004669,pipeline_001178,project_00064,org_0044,lint,2026-04-20T04:24:13+00:00,success,2496
workflow_004670,pipeline_002923,project_00059,org_0059,test,2026-06-21T02:35:10+00:00,failed,206
workflow_004671,pipeline_001580,project_00098,org_0088,test,2026-08-15T18:19:57+00:00,failed,3312
workflow_004672,pipeline_002579,project_00083,org_0057,test,2026-01-19T13:23:39+00:00,canceled,3593
workflow_004673,pipeline_001454,project_00008,org_0003,deploy,2026-04-21T01:41:11+00:00,running,1398
workflow_004674,pipeline_002339,project_00071,org_0048,deploy,2026-07-26T04:03:31+00:00,canceled,1539
workflow_004675,pipeline_001914,project_00115,org_0035,build-and-test,2026-01-19T13:31:12+00:00,success,3521
workflow_004676,pipeline_001566,project_00011,org_0043,test,2026-07-29T15:34:40+00:00,success,1098
workflow_004677,pipeline_001606,project_00068,org_0055,deploy,2026-08-12T18:35:03+00:00,failed,1950
workflow_004678,pipeline_002204,project_00116,org_0081,test,2026-08-24T12:23:52+00:00,success,2702
workflow_004679,pipeline_002955,project_00168,org_0036,deploy,2026-08-17T10:25:35+00:00,success,2409
workflow_004680,pipeline_002711,project_00033,org_0025,deploy,2026-01-07T15:31:20+00:00,success,3143
workflow_004681,pipeline_000528,project_00197,org_0023,lint,2026-06-15T19:46:25+00:00,failed,3384
workflow_004682,pipeline_000266,project_00038,org_0037,build-and-test,2026-02-28T01:53:20+00:00,success,2129
workflow_004683,pipeline_000082,project_00130,org_0026,build-and-test,2026-03-07T15:03:07+00:00,success,2513
workflow_004684,pipeline_000903,project_00195,org_0082,lint,2026-04-20T04:21:47+00:00,failed,2436
workflow_004685,pipeline_002660,project_00028,org_0055,build-and-test,2026-02-21T22:24:52+00:00,success,3488
workflow_004686,pipeline_002342,project_00073,org_0055,build-and-test,2026-05-10T04:06:25+00:00,failed,305
workflow_004687,pipeline_002678,project_00082,org_0009,lint,2026-08-04T21:46:29+00:00,success,834
workflow_004688,pipeline_000557,project_00086,org_0013,lint,2026-01-25T13:16:14+00:00,failed,2761
workflow_004689,pipeline_000689,project_00046,org_0095,integration-tests,2026-08-05T04:30:29+00:00,success,3487
workflow_004690,pipeline_002738,project_00045,org_0057,integration-tests,2026-02-14T08:28:32+00:00,success,3402
workflow_004691,pipeline_002011,project_00138,org_0054,lint,2026-05-20T20:42:10+00:00,failed,376
workflow_004692,pipeline_001137,project_00029,org_0089,integration-tests,2026-08-01T23:10:03+00:00,success,2887
workflow_004693,pipeline_001580,project_00098,org_0088,integration-tests,2026-08-15T18:19:57+00:00,success,441
workflow_004694,pipeline_000431,project_00156,org_0034,integration-tests,2026-05-03T21:53:13+00:00,success,2682
workflow_004695,pipeline_002688,project_00012,org_0052,integration-tests,2026-04-14T00:52:58+00:00,canceled,1283
workflow_004696,pipeline_001778,project_00039,org_0096,build-and-test,2026-04-19T02:05:20+00:00,canceled,1871
workflow_004697,pipeline_000829,project_00032,org_0046,test,2026-03-20T09:45:15+00:00,canceled,1512
workflow_004698,pipeline_001599,project_00129,org_0012,integration-tests,2026-06-04T13:02:43+00:00,failed,2458
workflow_004699,pipeline_000686,project_00130,org_0026,deploy,2026-04-12T14:53:49+00:00,success,3574
workflow_004700,pipeline_000493,project_00179,org_0021,deploy,2026-08-23T17:41:28+00:00,success,1013
workflow_004701,pipeline_002988,project_00062,org_0051,integration-tests,2026-06-12T18:06:40+00:00,canceled,2745
workflow_004702,pipeline_001883,project_00059,org_0059,test,2026-07-26T04:04:03+00:00,failed,3234
workflow_004703,pipeline_002746,project_00085,org_0088,integration-tests,2026-08-17T20:48:23+00:00,success,213
workflow_004704,pipeline_000200,project_00125,org_0035,lint,2026-07-07T05:35:30+00:00,success,1768
workflow_004705,pipeline_001913,project_00175,org_0065,test,2026-05-14T14:46:33+00:00,failed,2989
workflow_004706,pipeline_002151,project_00045,org_0057,lint,2026-08-14T07:57:57+00:00,success,804
workflow_004707,pipeline_001488,project_00128,org_0060,integration-tests,2026-07-17T03:12:52+00:00,success,565
workflow_004708,pipeline_002994,project_00032,org_0046,build-and-test,2026-07-22T19:45:35+00:00,success,2064
workflow_004709,pipeline_001074,project_00155,org_0066,integration-tests,2026-02-17T17:27:36+00:00,success,1185
workflow_004710,pipeline_002045,project_00086,org_0013,lint,2026-08-03T02:14:49+00:00,success,1561
workflow_004711,pipeline_002516,project_00010,org_0067,integration-tests,2026-04-25T03:47:51+00:00,success,1394
workflow_004712,pipeline_002682,project_00115,org_0035,integration-tests,2026-08-23T10:01:44+00:00,success,2229
workflow_004713,pipeline_000964,project_00116,org_0081,test,2026-07-01T13:53:27+00:00,success,2400
workflow_004714,pipeline_002418,project_00039,org_0096,lint,2026-01-08T14:24:21+00:00,failed,756
workflow_004715,pipeline_001437,project_00132,org_0076,deploy,2026-05-25T21:38:52+00:00,failed,3480
workflow_004716,pipeline_000329,project_00009,org_0087,integration-tests,2026-03-20T11:30:47+00:00,success,2885
workflow_004717,pipeline_001557,project_00185,org_0064,test,2026-08-17T09:18:39+00:00,success,2397
workflow_004718,pipeline_000505,project_00014,org_0026,deploy,2026-04-24T07:20:13+00:00,success,2040
workflow_004719,pipeline_000459,project_00027,org_0054,integration-tests,2026-03-22T05:26:26+00:00,success,1751
workflow_004720,pipeline_002398,project_00183,org_0076,integration-tests,2026-01-16T14:44:56+00:00,success,1543
workflow_004721,pipeline_000979,project_00077,org_0016,build-and-test,2026-05-07T15:16:52+00:00,success,342
workflow_004722,pipeline_001005,project_00119,org_0033,integration-tests,2026-01-27T12:00:59+00:00,success,917
workflow_004723,pipeline_000163,project_00046,org_0095,test,2026-04-08T19:57:09+00:00,success,2202
workflow_004724,pipeline_000544,project_00125,org_0035,integration-tests,2026-02-02T22:58:32+00:00,failed,2994
workflow_004725,pipeline_001956,project_00002,org_0014,test,2026-05-07T22:33:10+00:00,success,1379
workflow_004726,pipeline_001358,project_00003,org_0015,deploy,2026-05-04T17:27:57+00:00,success,733
workflow_004727,pipeline_000219,project_00109,org_0079,deploy,2026-02-21T23:52:51+00:00,success,1163
workflow_004728,pipeline_002249,project_00147,org_0018,lint,2026-05-15T01:20:58+00:00,success,2095
workflow_004729,pipeline_000508,project_00190,org_0042,build-and-test,2026-02-13T07:42:56+00:00,success,675
workflow_004730,pipeline_001652,project_00161,org_0075,integration-tests,2026-01-23T05:23:39+00:00,failed,2443
workflow_004731,pipeline_000807,project_00086,org_0013,test,2026-01-04T01:23:37+00:00,failed,530
workflow_004732,pipeline_001852,project_00036,org_0011,deploy,2026-07-02T10:58:18+00:00,success,706
workflow_004733,pipeline_000523,project_00057,org_0049,deploy,2026-04-21T00:31:10+00:00,success,368
workflow_004734,pipeline_001805,project_00116,org_0081,lint,2026-04-30T14:55:31+00:00,success,1404
workflow_004735,pipeline_000034,project_00138,org_0054,deploy,2026-05-14T13:05:34+00:00,success,1164
workflow_004736,pipeline_002809,project_00088,org_0041,lint,2026-08-17T11:50:23+00:00,success,3134
workflow_004737,pipeline_002639,project_00099,org_0003,build-and-test,2026-08-28T02:54:53+00:00,success,2005
workflow_004738,pipeline_002838,project_00014,org_0026,lint,2026-03-21T04:24:04+00:00,failed,3228
workflow_004739,pipeline_002305,project_00106,org_0082,build-and-test,2026-06-05T06:52:43+00:00,success,864
workflow_004740,pipeline_000304,project_00128,org_0060,deploy,2026-05-25T05:40:18+00:00,success,897
workflow_004741,pipeline_001237,project_00082,org_0009,test,2026-02-27T09:24:40+00:00,success,1044
workflow_004742,pipeline_002060,project_00155,org_0066,build-and-test,2026-03-14T06:15:01+00:00,success,1383
workflow_004743,pipeline_002028,project_00024,org_0011,test,2026-05-02T16:06:38+00:00,success,2436
workflow_004744,pipeline_000577,project_00046,org_0095,lint,2026-05-31T10:10:48+00:00,success,2565
workflow_004745,pipeline_001113,project_00199,org_0090,integration-tests,2026-02-04T19:14:11+00:00,success,3254
workflow_004746,pipeline_000771,project_00047,org_0081,lint,2026-03-07T08:37:23+00:00,success,3530
workflow_004747,pipeline_001529,project_00020,org_0068,lint,2026-04-03T00:48:06+00:00,success,1740
workflow_004748,pipeline_000764,project_00072,org_0081,integration-tests,2026-05-21T00:57:46+00:00,success,847
workflow_004749,pipeline_002362,project_00042,org_0070,build-and-test,2026-02-26T15:04:30+00:00,success,1576
workflow_004750,pipeline_001887,project_00035,org_0054,build-and-test,2026-04-27T12:08:21+00:00,failed,2229
workflow_004751,pipeline_001292,project_00052,org_0018,test,2026-06-05T22:26:31+00:00,success,2375
workflow_004752,pipeline_001116,project_00006,org_0057,deploy,2026-08-16T21:50:34+00:00,failed,2402
workflow_004753,pipeline_002635,project_00094,org_0050,test,2026-08-29T13:02:08+00:00,success,464
workflow_004754,pipeline_000248,project_00064,org_0044,build-and-test,2026-04-22T13:43:58+00:00,success,627
workflow_004755,pipeline_001994,project_00022,org_0045,integration-tests,2026-01-27T04:13:01+00:00,success,2578
workflow_004756,pipeline_000791,project_00012,org_0052,test,2026-07-19T09:22:12+00:00,success,2424
workflow_004757,pipeline_000616,project_00144,org_0031,build-and-test,2026-01-14T11:19:32+00:00,canceled,35
workflow_004758,pipeline_000438,project_00030,org_0063,integration-tests,2026-05-10T10:25:18+00:00,failed,2098
workflow_004759,pipeline_002236,project_00190,org_0042,integration-tests,2026-08-27T12:07:39+00:00,success,2579
workflow_004760,pipeline_002628,project_00144,org_0031,build-and-test,2026-05-06T23:24:24+00:00,success,667
workflow_004761,pipeline_002571,project_00051,org_0038,integration-tests,2026-03-20T16:59:17+00:00,success,1866
workflow_004762,pipeline_001315,project_00180,org_0035,deploy,2026-08-29T22:19:40+00:00,success,3292
workflow_004763,pipeline_002060,project_00155,org_0066,build-and-test,2026-03-14T06:15:01+00:00,success,1360
workflow_004764,pipeline_002936,project_00136,org_0098,lint,2026-01-24T11:40:20+00:00,success,802
workflow_004765,pipeline_001228,project_00027,org_0054,lint,2026-07-31T12:25:56+00:00,success,247
workflow_004766,pipeline_002634,project_00028,org_0055,build-and-test,2026-05-07T21:41:48+00:00,failed,3458
workflow_004767,pipeline_001688,project_00089,org_0083,test,2026-06-28T03:31:11+00:00,failed,2844
workflow_004768,pipeline_000661,project_00032,org_0046,lint,2026-08-22T17:06:27+00:00,success,3438
workflow_004769,pipeline_001370,project_00127,org_0067,test,2026-08-26T19:14:31+00:00,success,696
workflow_004770,pipeline_000014,project_00185,org_0064,deploy,2026-07-29T18:20:02+00:00,canceled,3431
workflow_004771,pipeline_000945,project_00008,org_0003,test,2026-03-19T07:57:34+00:00,failed,3278
workflow_004772,pipeline_001595,project_00168,org_0036,integration-tests,2026-01-20T02:43:08+00:00,failed,724
workflow_004773,pipeline_000591,project_00007,org_0039,deploy,2026-06-26T15:25:24+00:00,success,46
workflow_004774,pipeline_002008,project_00166,org_0064,build-and-test,2026-05-30T22:17:27+00:00,failed,1038
workflow_004775,pipeline_002730,project_00132,org_0076,test,2026-02-17T15:03:28+00:00,success,1606
workflow_004776,pipeline_001569,project_00029,org_0089,build-and-test,2026-02-16T13:55:38+00:00,canceled,3312
workflow_004777,pipeline_002557,project_00154,org_0012,test,2026-06-01T17:20:09+00:00,failed,1091
workflow_004778,pipeline_001935,project_00149,org_0053,build-and-test,2026-02-20T00:10:25+00:00,failed,237
workflow_004779,pipeline_001709,project_00173,org_0032,build-and-test,2026-02-01T01:44:20+00:00,failed,1053
workflow_004780,pipeline_002338,project_00124,org_0032,integration-tests,2026-07-14T14:22:30+00:00,failed,345
workflow_004781,pipeline_000211,project_00169,org_0005,lint,2026-07-18T09:02:48+00:00,success,3199
workflow_004782,pipeline_001465,project_00195,org_0082,build-and-test,2026-03-31T22:03:30+00:00,success,1411
workflow_004783,pipeline_000547,project_00137,org_0014,build-and-test,2026-06-24T11:50:50+00:00,success,3153
workflow_004784,pipeline_000350,project_00186,org_0005,deploy,2026-05-07T02:20:57+00:00,success,728
workflow_004785,pipeline_000678,project_00032,org_0046,test,2026-04-01T10:30:08+00:00,success,2027
workflow_004786,pipeline_001385,project_00028,org_0055,lint,2026-02-20T12:15:06+00:00,success,2137
workflow_004787,pipeline_000171,project_00142,org_0065,integration-tests,2026-08-04T13:37:30+00:00,success,1066
workflow_004788,pipeline_002722,project_00073,org_0055,build-and-test,2026-07-26T05:43:07+00:00,success,1405
workflow_004789,pipeline_001106,project_00118,org_0073,build-and-test,2026-03-05T13:44:34+00:00,success,2791
workflow_004790,pipeline_000808,project_00127,org_0067,lint,2026-08-13T17:30:50+00:00,success,3023
workflow_004791,pipeline_000051,project_00003,org_0015,deploy,2026-03-28T21:41:16+00:00,success,2476
workflow_004792,pipeline_000276,project_00164,org_0006,test,2026-05-12T00:41:13+00:00,canceled,2883
workflow_004793,pipeline_001309,project_00097,org_0073,integration-tests,2026-03-25T22:32:43+00:00,success,2679
workflow_004794,pipeline_002510,project_00020,org_0068,build-and-test,2026-05-01T20:51:13+00:00,success,3007
workflow_004795,pipeline_001940,project_00144,org_0031,integration-tests,2026-06-24T04:01:38+00:00,success,273
workflow_004796,pipeline_002884,project_00001,org_0020,test,2026-05-24T17:11:35+00:00,success,3319
workflow_004797,pipeline_001246,project_00016,org_0027,integration-tests,2026-05-16T16:09:18+00:00,success,380
workflow_004798,pipeline_002396,project_00152,org_0021,build-and-test,2026-03-16T05:47:10+00:00,success,450
workflow_004799,pipeline_002665,project_00133,org_0098,test,2026-02-03T19:45:18+00:00,success,2417
workflow_004800,pipeline_002489,project_00076,org_0002,test,2026-03-16T10:30:46+00:00,success,1218
workflow_004801,pipeline_000452,project_00133,org_0098,test,2026-02-21T13:00:48+00:00,success,374
workflow_004802,pipeline_000887,project_00105,org_0020,integration-tests,2026-06-23T04:51:21+00:00,canceled,2870
workflow_004803,pipeline_002881,project_00071,org_0048,lint,2026-06-13T13:18:38+00:00,canceled,2410
workflow_004804,pipeline_000777,project_00169,org_0005,integration-tests,2026-01-03T06:06:35+00:00,success,3530
workflow_004805,pipeline_000690,project_00126,org_0016,lint,2026-06-17T06:14:20+00:00,success,53
workflow_004806,pipeline_000495,project_00109,org_0079,deploy,2026-08-23T19:01:52+00:00,failed,155
workflow_004807,pipeline_000443,project_00138,org_0054,lint,2026-01-08T06:28:06+00:00,success,205
workflow_004808,pipeline_000624,project_00165,org_0074,build-and-test,2026-03-17T18:55:38+00:00,success,2102
workflow_004809,pipeline_002649,project_00007,org_0039,test,2026-02-22T20:46:46+00:00,failed,1815
workflow_004810,pipeline_002533,project_00075,org_0017,integration-tests,2026-04-21T23:31:02+00:00,success,2162
workflow_004811,pipeline_001602,project_00022,org_0045,lint,2026-01-30T17:17:02+00:00,success,1247
workflow_004812,pipeline_002228,project_00032,org_0046,build-and-test,2026-05-21T07:53:08+00:00,failed,631
workflow_004813,pipeline_001898,project_00150,org_0099,deploy,2026-03-07T10:07:25+00:00,canceled,2487
workflow_004814,pipeline_000511,project_00038,org_0037,deploy,2026-08-20T06:52:23+00:00,success,1902
workflow_004815,pipeline_002737,project_00093,org_0038,test,2026-07-26T02:25:40+00:00,canceled,446
workflow_004816,pipeline_001706,project_00198,org_0017,test,2026-01-22T04:04:55+00:00,canceled,2872
workflow_004817,pipeline_missing_999,project_00036,org_0011,integration-tests,2026-05-18T02:23:03+00:00,success,1313
workflow_004818,pipeline_000784,project_00132,org_0076,deploy,2026-03-19T14:56:06+00:00,failed,2322
workflow_004819,pipeline_002682,project_00115,org_0035,build-and-test,2026-08-23T10:01:44+00:00,failed,432
workflow_004820,pipeline_000782,project_00166,org_0064,build-and-test,2026-03-01T20:38:21+00:00,success,592
workflow_004821,pipeline_000892,project_00150,org_0099,build-and-test,2026-07-18T04:36:20+00:00,success,3424
workflow_004822,pipeline_002186,project_00007,org_0039,deploy,2026-06-20T03:21:45+00:00,failed,995
workflow_004823,pipeline_001188,project_00026,org_0048,deploy,2026-06-17T08:20:57+00:00,success,2959
workflow_004824,pipeline_000051,project_00003,org_0015,deploy,2026-03-28T21:41:16+00:00,success,3005
workflow_004825,pipeline_001032,project_00063,org_0064,lint,2026-03-21T22:21:27+00:00,success,1639
workflow_004826,pipeline_001953,project_00090,org_0077,build-and-test,2026-02-01T16:16:21+00:00,success,3226
workflow_004827,pipeline_000648,project_00025,org_0031,build-and-test,2026-07-27T13:09:30+00:00,running,1312
workflow_004828,pipeline_001012,project_00198,org_0017,test,2026-05-27T13:34:52+00:00,success,2229
workflow_004829,pipeline_001737,project_00160,org_0052,lint,2026-05-17T13:23:43+00:00,failed,3362
workflow_004830,pipeline_001836,project_00137,org_0014,lint,2026-08-22T18:18:52+00:00,success,1303
workflow_004831,pipeline_000552,project_00162,org_0009,integration-tests,2026-01-20T09:38:32+00:00,canceled,840
workflow_004832,pipeline_002670,project_00141,org_0059,integration-tests,2026-03-12T13:07:26+00:00,failed,2051
workflow_004833,pipeline_002621,project_00050,org_0077,lint,2026-08-01T02:47:09+00:00,failed,1954
workflow_004834,pipeline_001239,project_00024,org_0011,build-and-test,2026-05-06T11:04:33+00:00,running,2900
workflow_004835,pipeline_002045,project_00086,org_0013,lint,2026-08-03T02:14:49+00:00,failed,337
workflow_004836,pipeline_000163,project_00046,org_0095,lint,2026-04-08T19:57:09+00:00,success,761
workflow_004837,pipeline_001197,project_00183,org_0076,build-and-test,2026-04-09T01:42:29+00:00,success,3440
workflow_004838,pipeline_000896,project_00070,org_0012,build-and-test,2026-04-06T12:13:03+00:00,failed,1547
workflow_004839,pipeline_000300,project_00180,org_0035,build-and-test,2026-08-30T20:29:09+00:00,failed,3365
workflow_004840,pipeline_002451,project_00059,org_0059,lint,2026-07-27T04:58:48+00:00,canceled,622
workflow_004841,pipeline_001162,project_00119,org_0033,lint,2026-08-28T21:50:06+00:00,failed,593
workflow_004842,pipeline_001412,project_00106,org_0082,test,2026-03-27T12:55:51+00:00,success,1448
workflow_004843,pipeline_001186,project_00064,org_0044,build-and-test,2026-05-05T05:07:59+00:00,success,3351
workflow_004844,pipeline_002730,project_00132,org_0076,integration-tests,2026-02-17T15:03:28+00:00,success,879
workflow_004845,pipeline_002432,project_00154,org_0012,deploy,2026-07-28T12:11:15+00:00,success,3487
workflow_004846,pipeline_001780,project_00059,org_0059,deploy,2026-03-20T15:42:58+00:00,success,1336
workflow_004847,pipeline_002865,project_00079,org_0012,deploy,2026-05-03T03:22:18+00:00,success,2723
workflow_004848,pipeline_000424,project_00173,org_0032,integration-tests,2026-04-21T10:37:07+00:00,success,2124
workflow_004849,pipeline_002362,project_00042,org_0070,deploy,2026-02-26T15:04:30+00:00,canceled,2684
workflow_004850,pipeline_000786,project_00158,org_0014,deploy,2026-03-14T08:57:44+00:00,failed,1911
workflow_004851,pipeline_002250,project_00186,org_0005,lint,2026-06-22T22:45:13+00:00,success,1988
workflow_004852,pipeline_000163,project_00046,org_0095,test,2026-04-08T19:57:09+00:00,success,981
workflow_004853,pipeline_001443,project_00190,org_0042,lint,2026-07-12T08:34:26+00:00,failed,976
workflow_004854,pipeline_000324,project_00188,org_0062,integration-tests,2026-03-14T01:18:17+00:00,success,1534
workflow_004855,pipeline_002371,project_00035,org_0054,deploy,2026-07-03T20:41:08+00:00,success,360
workflow_004856,pipeline_002972,project_00170,org_0064,lint,2026-03-17T06:46:12+00:00,failed,2459
workflow_004857,pipeline_000767,project_00049,org_0073,build-and-test,2026-02-27T17:14:46+00:00,success,1335
workflow_004858,pipeline_001022,project_00146,org_0035,test,2026-03-08T14:06:53+00:00,failed,2978
workflow_004859,pipeline_000234,project_00199,org_0090,test,2026-03-10T01:38:43+00:00,success,1952
workflow_004860,pipeline_002685,project_00055,org_0032,build-and-test,2026-07-10T10:11:00+00:00,success,1565
workflow_004861,pipeline_000026,project_00147,org_0018,integration-tests,2026-07-20T17:05:14+00:00,success,3201
workflow_004862,pipeline_001219,project_00042,org_0070,integration-tests,2026-03-11T00:36:12+00:00,success,2396
workflow_004863,pipeline_002497,project_00187,org_0078,integration-tests,2026-03-28T04:03:37+00:00,failed,1666
workflow_004864,pipeline_000811,project_00142,org_0065,test,2026-01-25T15:57:41+00:00,success,2096
workflow_004865,pipeline_001705,project_00176,org_0024,lint,2026-06-26T14:02:14+00:00,success,319
workflow_004866,pipeline_000974,project_00142,org_0065,integration-tests,2026-07-02T00:57:28+00:00,canceled,3355
workflow_004867,pipeline_001333,project_00062,org_0051,integration-tests,2026-03-28T02:54:30+00:00,success,2532
workflow_004868,pipeline_001054,project_00030,org_0063,integration-tests,2026-02-05T20:21:08+00:00,success,1500
workflow_004869,pipeline_001139,project_00003,org_0015,deploy,2026-02-08T00:55:51+00:00,success,1548
workflow_004870,pipeline_002387,project_00152,org_0021,test,2026-08-06T22:40:27+00:00,success,833
workflow_004871,pipeline_000774,project_00007,org_0039,build-and-test,2026-04-21T09:41:35+00:00,failed,2538
workflow_004872,pipeline_000276,project_00164,org_0006,test,2026-05-12T00:41:13+00:00,success,2413
workflow_004873,pipeline_001694,project_00033,org_0025,deploy,2026-05-04T15:17:58+00:00,success,1481
workflow_004874,pipeline_000450,project_00007,org_0039,build-and-test,2026-07-07T10:44:49+00:00,success,1712
workflow_004875,pipeline_002040,project_00183,org_0076,test,2026-02-02T06:17:37+00:00,success,2784
workflow_004876,pipeline_000944,project_00075,org_0017,lint,2026-06-21T00:54:04+00:00,success,3127
workflow_004877,pipeline_001457,project_00003,org_0015,integration-tests,2026-03-03T11:35:54+00:00,success,3525
workflow_004878,pipeline_001373,project_00058,org_0052,build-and-test,2026-03-08T02:17:57+00:00,success,2042
workflow_004879,pipeline_000973,project_00059,org_0059,lint,2026-03-30T03:06:23+00:00,failed,613
workflow_004880,pipeline_000577,project_00046,org_0095,deploy,2026-05-31T10:10:48+00:00,success,1749
workflow_004881,pipeline_002876,project_00012,org_0052,lint,2026-01-12T13:45:38+00:00,failed,3252
workflow_004882,pipeline_001910,project_00103,org_0011,build-and-test,2026-06-17T16:38:34+00:00,running,843
workflow_004883,pipeline_002779,project_00149,org_0053,deploy,2026-06-14T11:31:06+00:00,success,3411
workflow_004884,pipeline_002233,project_00091,org_0085,build-and-test,2026-04-02T19:03:23+00:00,success,358
workflow_004885,pipeline_001808,project_00170,org_0064,build-and-test,2026-04-10T09:26:03+00:00,failed,2185
workflow_004886,pipeline_002549,project_00038,org_0037,integration-tests,2026-06-07T18:20:48+00:00,failed,1477
workflow_004887,pipeline_001259,project_00024,org_0011,lint,2026-07-22T12:44:31+00:00,failed,3518
workflow_004888,pipeline_001312,project_00091,org_0085,deploy,2026-05-17T18:50:47+00:00,canceled,521
workflow_004889,pipeline_000290,project_00059,org_0059,deploy,2026-02-04T18:42:14+00:00,success,1329
workflow_004890,pipeline_002382,project_00148,org_0022,lint,2026-08-01T01:41:28+00:00,success,3538
workflow_004891,pipeline_002040,project_00183,org_0076,deploy,2026-02-02T06:17:37+00:00,success,1282
workflow_004892,pipeline_002484,project_00077,org_0016,deploy,2026-03-03T14:11:33+00:00,success,460
workflow_004893,pipeline_000067,project_00121,org_0032,integration-tests,2026-03-17T13:16:46+00:00,success,693
workflow_004894,pipeline_000987,project_00106,org_0082,build-and-test,2026-06-01T21:21:55+00:00,failed,3028
workflow_004895,pipeline_001370,project_00127,org_0067,integration-tests,2026-08-26T19:14:31+00:00,failed,2787
workflow_004896,pipeline_000108,project_00143,org_0010,build-and-test,2026-08-27T00:46:21+00:00,success,2211
workflow_004897,pipeline_000392,project_00200,org_0024,integration-tests,2026-03-14T23:40:05+00:00,failed,1027
workflow_004898,pipeline_002888,project_00181,org_0050,lint,2026-03-29T07:14:43+00:00,success,1554
workflow_004899,pipeline_002930,project_00106,org_0082,build-and-test,2026-02-04T05:03:55+00:00,success,212
workflow_004900,pipeline_000529,project_00042,org_0070,build-and-test,2026-01-29T17:42:09+00:00,success,1277
workflow_004901,pipeline_000311,project_00164,org_0006,test,2026-04-27T01:08:23+00:00,success,387
workflow_004902,pipeline_001834,project_00118,org_0073,build-and-test,2026-03-19T19:13:31+00:00,success,1102
workflow_004903,pipeline_001732,project_00089,org_0083,build-and-test,2026-06-22T13:57:01+00:00,success,2283
workflow_004904,pipeline_001928,project_00058,org_0052,integration-tests,2026-06-21T00:24:52+00:00,success,3276
workflow_004905,pipeline_002591,project_00175,org_0065,deploy,2026-02-16T05:06:48+00:00,success,293
workflow_004906,pipeline_001154,project_00104,org_0040,integration-tests,2026-01-06T09:33:35+00:00,success,1988
workflow_004907,pipeline_000045,project_00071,org_0048,deploy,2026-05-24T01:17:19+00:00,success,114
workflow_004908,pipeline_001148,project_00091,org_0085,deploy,2026-07-02T00:16:55+00:00,success,2750
workflow_004909,pipeline_002030,project_00115,org_0035,test,2026-07-04T12:08:05+00:00,success,869
workflow_004910,pipeline_001257,project_00175,org_0065,test,2026-06-26T10:21:01+00:00,success,207
workflow_004911,pipeline_001685,project_00152,org_0021,test,2026-01-12T02:09:12+00:00,success,214
workflow_004912,pipeline_000086,project_00180,org_0035,test,2026-03-01T11:14:52+00:00,failed,37
workflow_004913,pipeline_000269,project_00026,org_0048,build-and-test,2026-03-05T10:27:24+00:00,success,482
workflow_004914,pipeline_000817,project_00054,org_0032,build-and-test,2026-04-20T16:41:31+00:00,success,1530
workflow_004915,pipeline_001368,project_00166,org_0064,lint,2026-01-07T07:40:07+00:00,success,575
workflow_004916,pipeline_000194,project_00017,org_0074,lint,2026-04-13T15:59:12+00:00,failed,631
workflow_004917,pipeline_002805,project_00084,org_0081,deploy,2026-08-30T18:33:48+00:00,success,2474
workflow_004918,pipeline_001464,project_00060,org_0001,lint,2026-02-07T11:49:19+00:00,failed,2866
workflow_004919,pipeline_001902,project_00164,org_0006,deploy,2026-07-17T05:15:30+00:00,success,2033
workflow_004920,pipeline_001548,project_00183,org_0076,build-and-test,2026-07-02T11:24:54+00:00,failed,3309
workflow_004921,pipeline_002458,project_00109,org_0079,integration-tests,2026-08-01T07:51:29+00:00,canceled,2300
workflow_004922,pipeline_002035,project_00098,org_0088,integration-tests,2026-07-03T14:56:14+00:00,canceled,3401
workflow_004923,pipeline_001860,project_00108,org_0012,lint,2026-01-26T18:12:02+00:00,success,3042
workflow_004924,pipeline_001794,project_00137,org_0014,test,2026-04-07T17:03:11+00:00,failed,921
workflow_004925,pipeline_002049,project_00182,org_0031,lint,2026-05-13T20:52:13+00:00,success,343
workflow_004926,pipeline_000528,project_00197,org_0023,deploy,2026-06-15T19:46:25+00:00,success,374
workflow_004927,pipeline_002184,project_00059,org_0059,integration-tests,2026-06-22T16:35:28+00:00,success,1899
workflow_004928,pipeline_002635,project_00094,org_0050,deploy,2026-08-29T13:02:08+00:00,success,2105
workflow_004929,pipeline_001952,project_00128,org_0060,deploy,2026-02-05T05:42:24+00:00,success,1509
workflow_004930,pipeline_000479,project_00084,org_0081,integration-tests,2026-07-11T23:09:52+00:00,success,1429
workflow_004931,pipeline_002054,project_00186,org_0005,lint,2026-01-06T05:20:13+00:00,canceled,3341
workflow_004932,pipeline_000347,project_00040,org_0015,lint,2026-02-06T14:49:11+00:00,failed,944
workflow_004933,pipeline_001150,project_00105,org_0020,build-and-test,2026-05-02T10:55:09+00:00,success,2838
workflow_004934,pipeline_000126,project_00150,org_0099,lint,2026-07-07T13:15:07+00:00,canceled,2400
workflow_004935,pipeline_002693,project_00029,org_0089,lint,2026-06-28T17:30:45+00:00,failed,3011
workflow_004936,pipeline_002775,project_00128,org_0060,build-and-test,2026-08-18T07:12:21+00:00,success,2625
workflow_004937,pipeline_000439,project_00008,org_0003,test,2026-03-10T04:58:54+00:00,failed,3326
workflow_004938,pipeline_001307,project_00033,org_0025,integration-tests,2026-06-24T12:02:47+00:00,success,819
workflow_004939,pipeline_002330,project_00101,org_0065,build-and-test,2026-03-16T08:48:11+00:00,failed,2239
workflow_004940,pipeline_002612,project_00082,org_0009,test,2026-07-20T10:33:28+00:00,success,1632
workflow_004941,pipeline_002951,project_00081,org_0100,deploy,2026-04-15T02:24:00+00:00,success,1172
workflow_004942,pipeline_001253,project_00196,org_0023,integration-tests,2026-03-12T20:19:10+00:00,success,994
workflow_004943,pipeline_002391,project_00187,org_0078,deploy,2026-03-14T20:05:32+00:00,success,2791
workflow_004944,pipeline_002309,project_00061,org_0082,test,2026-07-08T22:41:40+00:00,success,1711
workflow_004945,pipeline_000934,project_00088,org_0041,integration-tests,2026-04-24T00:54:45+00:00,success,1752
workflow_004946,pipeline_001869,project_00189,org_0026,build-and-test,2026-01-14T07:00:10+00:00,success,253
workflow_004947,pipeline_001918,project_00185,org_0064,build-and-test,2026-02-05T02:53:30+00:00,failed,837
workflow_004948,pipeline_001879,project_00112,org_0045,integration-tests,2026-08-03T21:06:58+00:00,success,791
workflow_004949,pipeline_000226,project_00046,org_0095,test,2026-05-24T18:38:05+00:00,success,2687
workflow_004950,pipeline_001427,project_00057,org_0049,test,2026-01-13T11:32:08+00:00,failed,2789
workflow_004951,pipeline_001310,project_00004,org_0044,test,2026-05-24T19:02:23+00:00,success,3140
workflow_004952,pipeline_000148,project_00014,org_0026,lint,2026-08-31T20:50:23+00:00,failed,2144
workflow_004953,pipeline_002901,project_00004,org_0044,integration-tests,2026-04-28T13:36:27+00:00,success,1897
workflow_004954,pipeline_001917,project_00158,org_0014,integration-tests,2026-07-29T00:42:41+00:00,failed,2233
workflow_004955,pipeline_002408,project_00073,org_0055,deploy,2026-04-19T11:31:35+00:00,success,3019
workflow_004956,pipeline_000555,project_00087,org_0094,build-and-test,2026-06-06T02:59:30+00:00,failed,158
workflow_004957,pipeline_000159,project_00025,org_0031,lint,2026-03-07T00:13:57+00:00,failed,2811
workflow_004958,pipeline_002729,project_00112,org_0045,build-and-test,2026-01-02T01:27:51+00:00,canceled,118
workflow_004959,pipeline_002534,project_00066,org_0081,test,2026-08-15T09:00:48+00:00,success,308
workflow_004960,pipeline_000512,project_00061,org_0082,deploy,2026-06-20T22:49:17+00:00,success,462
workflow_004961,pipeline_002819,project_00190,org_0042,lint,2026-08-05T05:18:29+00:00,success,2044
workflow_004962,pipeline_002202,project_00068,org_0055,build-and-test,2026-06-07T19:50:34+00:00,failed,1174
workflow_004963,pipeline_000389,project_00018,org_0047,build-and-test,2026-08-05T10:47:17+00:00,canceled,1302
workflow_004964,pipeline_002261,project_00046,org_0095,lint,2026-07-27T08:48:20+00:00,success,365
workflow_004965,pipeline_002138,project_00198,org_0017,lint,2026-01-14T14:09:21+00:00,success,1149
workflow_004966,pipeline_000611,project_00034,org_0084,lint,2026-04-30T00:44:25+00:00,success,1227
workflow_004967,pipeline_001232,project_00020,org_0068,lint,2026-08-28T02:42:35+00:00,success,1089
workflow_004968,pipeline_002306,project_00063,org_0064,integration-tests,2026-03-05T02:06:05+00:00,success,366
workflow_004969,pipeline_000471,project_00148,org_0022,build-and-test,2026-02-19T11:23:53+00:00,running,2086
workflow_004970,pipeline_001898,project_00150,org_0099,lint,2026-03-07T10:07:25+00:00,failed,975
workflow_004971,pipeline_000993,project_00118,org_0073,deploy,2026-06-29T16:38:03+00:00,success,3210
workflow_004972,pipeline_000193,project_00189,org_0026,test,2026-07-07T18:34:42+00:00,success,948
workflow_004973,pipeline_000120,project_00134,org_0053,lint,2026-05-26T04:54:38+00:00,success,1291
workflow_004974,pipeline_001541,project_00114,org_0099,lint,2026-06-09T04:47:07+00:00,failed,2349
workflow_004975,pipeline_002514,project_00156,org_0034,lint,2026-08-22T18:42:59+00:00,success,1080
workflow_004976,pipeline_002461,project_00021,org_0079,build-and-test,2026-02-02T02:11:30+00:00,failed,2647
workflow_004977,pipeline_000234,project_00199,org_0090,test,2026-03-10T01:38:43+00:00,failed,962
workflow_004978,pipeline_002103,project_00041,org_0047,build-and-test,2026-08-19T15:02:13+00:00,failed,1841
workflow_004979,pipeline_002558,project_00196,org_0023,integration-tests,2026-05-31T08:50:54+00:00,failed,2078
workflow_004980,pipeline_002417,project_00148,org_0022,integration-tests,2026-07-25T19:12:21+00:00,success,1684
workflow_004981,pipeline_002350,project_00170,org_0064,deploy,2026-08-03T12:21:41+00:00,success,121
workflow_004982,pipeline_001158,project_00014,org_0026,integration-tests,2026-06-14T04:03:25+00:00,success,2815
workflow_004983,pipeline_000785,project_00069,org_0084,build-and-test,2026-08-07T16:04:20+00:00,success,1774
workflow_004984,pipeline_001182,project_00110,org_0016,deploy,2026-01-07T20:36:56+00:00,success,372
workflow_004985,pipeline_001083,project_00124,org_0032,test,2026-07-29T23:23:24+00:00,failed,3370
workflow_004986,pipeline_001523,project_00067,org_0021,build-and-test,2026-07-12T05:04:19+00:00,success,540
workflow_004987,pipeline_000681,project_00038,org_0037,lint,2026-06-26T13:30:10+00:00,success,360
workflow_004988,pipeline_001945,project_00037,org_0005,build-and-test,2026-07-29T13:33:14+00:00,success,1140
workflow_004989,pipeline_000992,project_00103,org_0011,lint,2026-08-23T21:35:51+00:00,success,3015
workflow_004990,pipeline_000634,project_00045,org_0057,test,2026-08-04T20:33:37+00:00,failed,3331
workflow_004991,pipeline_002797,project_00043,org_0095,lint,2026-05-20T22:23:24+00:00,success,3358
workflow_004992,pipeline_002822,project_00138,org_0054,test,2026-01-12T08:00:59+00:00,success,595
workflow_004993,pipeline_001292,project_00052,org_0018,build-and-test,2026-06-05T22:26:31+00:00,failed,2781
workflow_004994,pipeline_000635,project_00048,org_0018,deploy,2026-05-29T06:20:59+00:00,success,3395
workflow_004995,pipeline_001379,project_00170,org_0064,test,2026-07-10T08:05:55+00:00,success,302
workflow_004996,pipeline_000466,project_00117,org_0066,integration-tests,2026-05-01T13:03:36+00:00,failed,140
workflow_004997,pipeline_002622,project_00043,org_0095,deploy,2026-04-12T06:09:53+00:00,success,77
workflow_004998,pipeline_002003,project_00176,org_0024,build-and-test,2026-01-26T07:04:05+00:00,success,1676
workflow_004999,pipeline_002661,project_00156,org_0034,integration-tests,2026-02-25T14:50:17+00:00,success,3241
workflow_005000,pipeline_000136,project_00134,org_0053,test,2026-02-11T08:22:36+00:00,failed,753
workflow_005001,pipeline_000309,project_00171,org_0008,test,2026-03-22T22:52:05+00:00,success,2679
workflow_005002,pipeline_001737,project_00160,org_0052,lint,2026-05-17T13:23:43+00:00,success,1030
workflow_005003,pipeline_001498,project_00034,org_0084,deploy,2026-08-24T09:29:01+00:00,success,2773
workflow_005004,pipeline_000558,project_00179,org_0021,test,2026-05-24T15:58:21+00:00,failed,521
workflow_005005,pipeline_000507,project_00034,org_0084,lint,2026-08-28T03:39:04+00:00,success,2837
workflow_005006,pipeline_001281,project_00018,org_0047,integration-tests,2026-04-19T18:52:57+00:00,success,2533
workflow_005007,pipeline_001275,project_00187,org_0078,test,2026-08-25T09:51:28+00:00,failed,1722
workflow_005008,pipeline_002875,project_00017,org_0074,build-and-test,2026-07-22T17:35:36+00:00,success,3515
workflow_005009,pipeline_001350,project_00101,org_0065,test,2026-02-09T23:02:49+00:00,success,3156
workflow_005010,pipeline_001298,project_00022,org_0045,integration-tests,2026-02-25T01:05:34+00:00,running,1674
workflow_005011,pipeline_002171,project_00193,org_0076,deploy,2026-07-29T08:00:19+00:00,failed,2589
workflow_005012,pipeline_001511,project_00068,org_0055,build-and-test,2026-08-18T12:08:01+00:00,success,1134
workflow_005013,pipeline_002507,project_00086,org_0013,integration-tests,2026-07-03T09:54:12+00:00,failed,2720
workflow_005014,pipeline_001274,project_00056,org_0074,build-and-test,2026-02-24T16:56:05+00:00,success,814
workflow_005015,pipeline_000548,project_00185,org_0064,deploy,2026-01-17T15:03:37+00:00,success,1547
workflow_005016,pipeline_002430,project_00031,org_0041,deploy,2026-04-19T21:37:08+00:00,failed,2123
workflow_005017,pipeline_000230,project_00100,org_0028,deploy,2026-01-03T01:18:44+00:00,canceled,3047
workflow_005018,pipeline_002575,project_00029,org_0089,test,2026-03-27T00:01:34+00:00,failed,732
workflow_005019,pipeline_002081,project_00112,org_0045,integration-tests,2026-03-04T01:38:11+00:00,success,144
workflow_005020,pipeline_002031,project_00026,org_0048,test,2026-08-07T05:10:17+00:00,success,2066
workflow_005021,pipeline_002934,project_00018,org_0047,integration-tests,2026-07-01T20:36:43+00:00,success,2840
workflow_005022,pipeline_002583,project_00171,org_0008,lint,2026-07-19T09:08:56+00:00,failed,1507
workflow_005023,pipeline_001062,project_00181,org_0050,test,2026-02-22T04:03:56+00:00,canceled,1496
workflow_005024,pipeline_missing_999,project_00001,org_0020,test,2026-06-05T14:26:20+00:00,failed,1968
workflow_005025,pipeline_002017,project_00053,org_0084,lint,2026-04-06T12:57:09+00:00,success,1198
workflow_005026,pipeline_001121,project_00183,org_0076,integration-tests,2026-02-18T04:35:46+00:00,success,3283
workflow_005027,pipeline_002406,project_00119,org_0033,deploy,2026-03-03T14:18:24+00:00,success,1779
workflow_005028,pipeline_001157,project_00045,org_0057,build-and-test,2026-01-30T04:11:28+00:00,success,65
workflow_005029,pipeline_001584,project_00115,org_0035,integration-tests,2026-05-07T08:55:13+00:00,success,2123
workflow_005030,pipeline_000556,project_00036,org_0011,lint,2026-05-05T21:26:05+00:00,success,1809
workflow_005031,pipeline_000516,project_00004,org_0044,lint,2026-04-23T03:44:18+00:00,success,1525
workflow_005032,pipeline_000852,project_00021,org_0079,lint,2026-02-05T19:49:09+00:00,success,963
workflow_005033,pipeline_002304,project_00119,org_0033,test,2026-03-01T12:28:13+00:00,canceled,3574
workflow_005034,pipeline_001189,project_00086,org_0013,lint,2026-04-29T04:48:36+00:00,success,442
workflow_005035,pipeline_000573,project_00152,org_0021,build-and-test,2026-08-14T03:46:17+00:00,success,3497
workflow_005036,pipeline_001042,project_00153,org_0006,build-and-test,2026-07-28T15:02:43+00:00,success,3551
workflow_005037,pipeline_001477,project_00033,org_0025,test,2026-07-20T21:05:24+00:00,failed,1480
workflow_005038,pipeline_002995,project_00145,org_0051,deploy,2026-02-06T16:27:43+00:00,success,208
workflow_005039,pipeline_000380,project_00086,org_0013,lint,2026-07-10T06:30:18+00:00,success,3445
workflow_005040,pipeline_002517,project_00094,org_0050,deploy,2026-01-09T06:06:12+00:00,success,2619
workflow_005041,pipeline_001036,project_00061,org_0082,lint,2026-07-17T01:32:22+00:00,success,2338
workflow_005042,pipeline_000588,project_00193,org_0076,lint,2026-01-05T19:47:26+00:00,canceled,1506
workflow_005043,pipeline_002738,project_00045,org_0057,build-and-test,2026-02-14T08:28:32+00:00,failed,1245
workflow_005044,pipeline_000825,project_00194,org_0042,build-and-test,2026-02-13T01:57:01+00:00,failed,3199
workflow_005045,pipeline_000233,project_00168,org_0036,deploy,2026-07-22T08:07:25+00:00,success,270
workflow_005046,pipeline_002659,project_00074,org_0001,deploy,2026-03-23T05:25:36+00:00,failed,2866
workflow_005047,pipeline_002395,project_00066,org_0081,test,2026-08-24T01:23:38+00:00,success,2629
workflow_005048,pipeline_002448,project_00157,org_0058,integration-tests,2026-06-22T20:24:25+00:00,canceled,1089
workflow_005049,pipeline_001096,project_00128,org_0060,deploy,2026-06-27T00:13:11+00:00,success,2377
workflow_005050,pipeline_001465,project_00195,org_0082,deploy,2026-03-31T22:03:30+00:00,failed,1024
workflow_005051,pipeline_001751,project_00191,org_0076,build-and-test,2026-08-22T12:55:08+00:00,failed,2075
workflow_005052,pipeline_002423,project_00063,org_0064,test,2026-05-07T02:33:49+00:00,success,3003
workflow_005053,pipeline_001076,project_00106,org_0082,test,2026-03-14T23:40:50+00:00,canceled,1284
workflow_005054,pipeline_002477,project_00033,org_0025,test,2026-01-26T01:19:08+00:00,failed,1480
workflow_005055,pipeline_001870,project_00004,org_0044,integration-tests,2026-02-25T12:25:55+00:00,failed,739
workflow_005056,pipeline_001838,project_00078,org_0062,deploy,2026-03-05T09:57:46+00:00,failed,2049
workflow_005057,pipeline_002907,project_00104,org_0040,test,2026-02-23T12:07:00+00:00,failed,3565
workflow_005058,pipeline_002699,project_00156,org_0034,deploy,2026-02-14T17:27:48+00:00,success,466
workflow_005059,pipeline_002168,project_00100,org_0028,deploy,2026-05-26T14:28:11+00:00,success,624
workflow_005060,pipeline_002797,project_00043,org_0095,test,2026-05-20T22:23:24+00:00,canceled,691
workflow_005061,pipeline_000874,project_00063,org_0064,integration-tests,2026-08-14T01:49:23+00:00,canceled,1644
workflow_005062,pipeline_002727,project_00152,org_0021,deploy,2026-05-16T03:53:40+00:00,success,449
workflow_005063,pipeline_001891,project_00019,org_0015,lint,2026-03-29T21:18:57+00:00,canceled,1138
workflow_005064,pipeline_002911,project_00082,org_0009,build-and-test,2026-06-18T23:35:25+00:00,failed,1163
workflow_005065,pipeline_000166,project_00017,org_0074,test,2026-08-16T10:15:44+00:00,failed,1625
workflow_005066,pipeline_001378,project_00172,org_0018,test,2026-02-17T12:36:06+00:00,success,699
workflow_005067,pipeline_002263,project_00003,org_0015,lint,2026-05-07T09:40:24+00:00,success,355
workflow_005068,pipeline_000503,project_00043,org_0095,build-and-test,2026-01-14T17:15:51+00:00,success,586
workflow_005069,pipeline_002898,project_00097,org_0073,deploy,2026-01-10T01:51:28+00:00,success,2500
workflow_005070,pipeline_000664,project_00130,org_0026,build-and-test,2026-08-10T10:58:43+00:00,success,2691
workflow_005071,pipeline_001196,project_00185,org_0064,test,2026-03-01T16:19:48+00:00,success,725
workflow_005072,pipeline_002155,project_00088,org_0041,deploy,2026-07-16T15:33:03+00:00,success,1750
workflow_005073,pipeline_002009,project_00192,org_0047,lint,2026-04-03T07:14:09+00:00,failed,777
workflow_005074,pipeline_000845,project_00186,org_0005,integration-tests,2026-06-14T04:16:37+00:00,success,2893
workflow_005075,pipeline_001086,project_00171,org_0008,deploy,2026-02-22T17:20:29+00:00,canceled,968
workflow_005076,pipeline_002617,project_00139,org_0092,lint,2026-03-10T07:34:26+00:00,success,3255
workflow_005077,pipeline_000546,project_00126,org_0016,lint,2026-05-31T23:34:33+00:00,success,914
workflow_005078,pipeline_002491,project_00136,org_0098,lint,2026-07-16T04:57:27+00:00,failed,2399
workflow_005079,pipeline_000767,project_00049,org_0073,build-and-test,2026-02-27T17:14:46+00:00,failed,1441
workflow_005080,pipeline_000491,project_00166,org_0064,build-and-test,2026-01-07T02:24:26+00:00,success,1583
workflow_005081,pipeline_000006,project_00043,org_0095,lint,2026-06-10T18:56:17+00:00,success,706
workflow_005082,pipeline_000278,project_00168,org_0036,test,2026-04-24T03:38:16+00:00,success,2602
workflow_005083,pipeline_002567,project_00153,org_0006,test,2026-02-23T06:43:56+00:00,canceled,2884
workflow_005084,pipeline_002138,project_00198,org_0017,lint,2026-01-14T14:09:21+00:00,canceled,2361
workflow_005085,pipeline_002730,project_00132,org_0076,lint,2026-02-17T15:03:28+00:00,running,3435
workflow_005086,pipeline_001407,project_00135,org_0045,deploy,2026-07-15T09:39:54+00:00,failed,309
workflow_005087,pipeline_001480,project_00020,org_0068,test,2026-07-27T13:11:27+00:00,success,486
workflow_005088,pipeline_000108,project_00143,org_0010,test,2026-08-27T00:46:21+00:00,success,2325
workflow_005089,pipeline_002326,project_00038,org_0037,integration-tests,2026-02-11T19:35:56+00:00,success,2307
workflow_005090,pipeline_001857,project_00085,org_0088,deploy,2026-01-12T01:36:36+00:00,success,3347
workflow_005091,pipeline_002328,project_00112,org_0045,test,2026-06-09T04:21:49+00:00,success,2580
workflow_005092,pipeline_000859,project_00155,org_0066,deploy,2026-06-08T16:36:47+00:00,success,3511
workflow_005093,pipeline_000933,project_00150,org_0099,build-and-test,2026-07-30T03:49:29+00:00,running,2537
workflow_005094,pipeline_001952,project_00128,org_0060,deploy,2026-02-05T05:42:24+00:00,failed,1157
workflow_005095,pipeline_000351,project_00153,org_0006,test,2026-04-27T15:52:05+00:00,success,241
workflow_005096,pipeline_000655,project_00134,org_0053,lint,2026-05-13T20:05:30+00:00,success,1558
workflow_005097,pipeline_002485,project_00095,org_0082,build-and-test,2026-07-25T04:18:32+00:00,success,1717
workflow_005098,pipeline_002229,project_00028,org_0055,build-and-test,2026-08-02T00:18:13+00:00,success,270
workflow_005099,pipeline_001934,project_00178,org_0061,deploy,2026-02-22T05:33:49+00:00,success,2326
workflow_005100,pipeline_002684,project_00171,org_0008,lint,2026-08-20T10:09:04+00:00,success,671
workflow_005101,pipeline_000497,project_00146,org_0035,integration-tests,2026-07-07T16:23:07+00:00,success,3112
workflow_005102,pipeline_001144,project_00153,org_0006,test,2026-06-06T08:58:54+00:00,success,2472
workflow_005103,pipeline_002635,project_00094,org_0050,test,2026-08-29T13:02:08+00:00,success,3193
workflow_005104,pipeline_000155,project_00063,org_0064,deploy,2026-01-16T11:40:58+00:00,success,338
workflow_005105,pipeline_001343,project_00002,org_0014,integration-tests,2026-03-03T12:17:08+00:00,canceled,2585
workflow_005106,pipeline_002114,project_00107,org_0094,lint,2026-06-03T18:53:45+00:00,canceled,500
workflow_005107,pipeline_001886,project_00100,org_0028,test,2026-07-22T15:02:56+00:00,success,2573
workflow_005108,pipeline_000122,project_00031,org_0041,deploy,2026-06-02T14:03:38+00:00,success,86
workflow_005109,pipeline_002257,project_00048,org_0018,integration-tests,2026-03-30T23:15:40+00:00,success,3283
workflow_005110,pipeline_001778,project_00039,org_0096,build-and-test,2026-04-19T02:05:20+00:00,failed,1189
workflow_005111,pipeline_000275,project_00098,org_0088,lint,2026-08-27T07:45:39+00:00,success,723
workflow_005112,pipeline_001146,project_00146,org_0035,build-and-test,2026-04-14T20:04:05+00:00,canceled,128
workflow_005113,pipeline_000193,project_00189,org_0026,lint,2026-07-07T18:34:42+00:00,success,2267
workflow_005114,pipeline_001734,project_00170,org_0064,lint,2026-08-10T21:01:32+00:00,success,2142
workflow_005115,pipeline_002870,project_00061,org_0082,lint,2026-08-09T14:15:59+00:00,success,2826
workflow_005116,pipeline_002217,project_00197,org_0023,test,2026-08-27T02:04:29+00:00,canceled,50
workflow_005117,pipeline_002408,project_00073,org_0055,test,2026-04-19T11:31:35+00:00,success,427
workflow_005118,pipeline_001244,project_00148,org_0022,test,2026-03-27T04:20:27+00:00,success,2563
workflow_005119,pipeline_001793,project_00085,org_0088,deploy,2026-07-17T00:18:47+00:00,canceled,1630
workflow_005120,pipeline_001689,project_00052,org_0018,integration-tests,2026-03-08T19:47:38+00:00,success,1641
workflow_005121,pipeline_000525,project_00164,org_0006,lint,2026-02-17T07:09:58+00:00,success,1788
workflow_005122,pipeline_001390,project_00091,org_0085,build-and-test,2026-04-14T03:22:23+00:00,success,541
workflow_005123,pipeline_001180,project_00047,org_0081,deploy,2026-03-15T06:31:20+00:00,success,3279
workflow_005124,pipeline_000926,project_00003,org_0015,integration-tests,2026-06-26T02:05:56+00:00,success,2742
workflow_005125,pipeline_001327,project_00104,org_0040,build-and-test,2026-05-04T13:08:21+00:00,failed,2851
workflow_005126,pipeline_001062,project_00181,org_0050,lint,2026-02-22T04:03:56+00:00,success,2024
workflow_005127,pipeline_001582,project_00126,org_0016,test,2026-06-02T07:39:45+00:00,success,1241
workflow_005128,pipeline_002478,project_00101,org_0065,deploy,2026-04-09T04:24:27+00:00,failed,1203
workflow_005129,pipeline_000437,project_00018,org_0047,lint,2026-04-30T12:38:53+00:00,failed,2958
workflow_005130,pipeline_001547,project_00117,org_0066,lint,2026-01-07T00:35:04+00:00,success,167
workflow_005131,pipeline_001809,project_00110,org_0016,integration-tests,2026-05-29T12:17:07+00:00,failed,2322
workflow_005132,pipeline_002753,project_00156,org_0034,lint,2026-07-25T12:23:19+00:00,success,3043
workflow_005133,pipeline_002853,project_00099,org_0003,test,2026-08-25T11:10:48+00:00,success,1858
workflow_005134,pipeline_001109,project_00110,org_0016,integration-tests,2026-03-07T07:57:04+00:00,success,3107
workflow_005135,pipeline_000353,project_00031,org_0041,build-and-test,2026-03-30T01:09:42+00:00,success,3352
workflow_005136,pipeline_001789,project_00122,org_0050,lint,2026-03-18T15:51:58+00:00,success,1786
workflow_005137,pipeline_001187,project_00170,org_0064,build-and-test,2026-05-05T21:53:54+00:00,success,2589
workflow_005138,pipeline_000968,project_00026,org_0048,integration-tests,2026-02-16T01:19:09+00:00,success,2533
workflow_005139,pipeline_001299,project_00183,org_0076,deploy,2026-06-25T07:32:52+00:00,success,244
workflow_005140,pipeline_000297,project_00196,org_0023,deploy,2026-08-27T03:35:21+00:00,success,901
workflow_005141,pipeline_000449,project_00096,org_0047,lint,2026-01-15T12:32:49+00:00,failed,1489
workflow_005142,pipeline_002769,project_00036,org_0011,integration-tests,2026-03-04T09:59:04+00:00,success,633
workflow_005143,pipeline_001060,project_00001,org_0020,deploy,2026-02-07T14:54:00+00:00,running,1826
workflow_005144,pipeline_002239,project_00112,org_0045,build-and-test,2026-08-14T02:36:49+00:00,success,41
workflow_005145,pipeline_001200,project_00012,org_0052,build-and-test,2026-08-08T21:07:52+00:00,success,2443
workflow_005146,pipeline_000823,project_00197,org_0023,lint,2026-01-19T03:03:18+00:00,success,3314
workflow_005147,pipeline_002085,project_00176,org_0024,lint,2026-08-29T04:39:11+00:00,success,3250
workflow_005148,pipeline_002376,project_00020,org_0068,deploy,2026-07-13T12:22:18+00:00,running,2885
workflow_005149,pipeline_002415,project_00192,org_0047,deploy,2026-06-06T18:53:38+00:00,failed,3444
workflow_005150,pipeline_000904,project_00024,org_0011,deploy,2026-08-27T05:42:01+00:00,success,883
workflow_005151,pipeline_001403,project_00004,org_0044,lint,2026-07-04T07:35:56+00:00,success,1521
workflow_005152,pipeline_001595,project_00168,org_0036,lint,2026-01-20T02:43:08+00:00,running,326
workflow_005153,pipeline_000633,project_00023,org_0023,deploy,2026-01-03T13:41:32+00:00,success,2293
workflow_005154,pipeline_001399,project_00127,org_0067,lint,2026-03-21T21:18:47+00:00,success,3562
workflow_005155,pipeline_002360,project_00092,org_0078,test,2026-02-05T17:46:57+00:00,failed,501
workflow_005156,pipeline_001505,project_00061,org_0082,deploy,2026-06-20T23:40:58+00:00,success,1279
workflow_005157,pipeline_000744,project_00045,org_0057,test,2026-08-19T07:21:03+00:00,failed,1589
workflow_005158,pipeline_000081,project_00059,org_0059,build-and-test,2026-03-29T02:49:35+00:00,success,3243
workflow_005159,pipeline_002966,project_00092,org_0078,build-and-test,2026-05-15T09:57:43+00:00,failed,1396
workflow_005160,pipeline_002012,project_00066,org_0081,integration-tests,2026-03-04T06:15:34+00:00,success,2706
workflow_005161,pipeline_002482,project_00069,org_0084,build-and-test,2026-04-05T01:43:15+00:00,failed,871
workflow_005162,pipeline_000127,project_00045,org_0057,deploy,2026-02-19T20:36:17+00:00,canceled,1130
workflow_005163,pipeline_000300,project_00180,org_0035,deploy,2026-08-30T20:29:09+00:00,failed,1691
workflow_005164,pipeline_001386,project_00159,org_0008,deploy,2026-07-19T09:49:54+00:00,success,2141
workflow_005165,pipeline_001324,project_00082,org_0009,lint,2026-05-11T03:15:52+00:00,failed,2225
workflow_005166,pipeline_001094,project_00170,org_0064,integration-tests,2026-08-22T15:28:58+00:00,failed,2496
workflow_005167,pipeline_001818,project_00147,org_0018,lint,2026-08-01T06:32:34+00:00,failed,143
workflow_005168,pipeline_002042,project_00050,org_0077,build-and-test,2026-07-19T09:26:50+00:00,success,131
workflow_005169,pipeline_002043,project_00082,org_0009,test,2026-03-06T19:27:08+00:00,canceled,436
workflow_005170,pipeline_001139,project_00003,org_0015,deploy,2026-02-08T00:55:51+00:00,success,1853
workflow_005171,pipeline_000129,project_00071,org_0048,build-and-test,2026-06-04T12:25:01+00:00,failed,3033
workflow_005172,pipeline_002422,project_00145,org_0051,build-and-test,2026-05-19T14:25:57+00:00,failed,2735
workflow_005173,pipeline_002000,project_00161,org_0075,test,2026-03-17T11:22:17+00:00,failed,1192
workflow_005174,pipeline_000807,project_00086,org_0013,lint,2026-01-04T01:23:37+00:00,success,367
workflow_005175,pipeline_002705,project_00010,org_0067,lint,2026-04-25T00:39:51+00:00,success,2907
workflow_005176,pipeline_001878,project_00183,org_0076,lint,2026-04-25T20:14:56+00:00,success,354
workflow_005177,pipeline_001466,project_00194,org_0042,lint,2026-06-13T03:12:25+00:00,failed,3306
workflow_005178,pipeline_001234,project_00047,org_0081,build-and-test,2026-06-15T03:33:59+00:00,failed,1074
workflow_005179,pipeline_001535,project_00150,org_0099,integration-tests,2026-01-13T15:50:58+00:00,success,529
workflow_005180,pipeline_002145,project_00185,org_0064,deploy,2026-07-06T02:11:56+00:00,success,2238
workflow_005181,pipeline_002968,project_00105,org_0020,lint,2026-07-09T02:10:10+00:00,success,1152
workflow_005182,pipeline_000698,project_00061,org_0082,lint,2026-05-02T04:58:42+00:00,success,987
workflow_005183,pipeline_002572,project_00092,org_0078,build-and-test,2026-03-08T12:09:05+00:00,success,3002
workflow_005184,pipeline_002476,project_00198,org_0017,integration-tests,2026-08-31T11:48:44+00:00,success,739
workflow_005185,pipeline_001714,project_00092,org_0078,deploy,2026-06-11T23:16:59+00:00,failed,2840
workflow_005186,pipeline_002343,project_00107,org_0094,deploy,2026-06-30T00:32:04+00:00,success,689
workflow_005187,pipeline_000559,project_00011,org_0043,deploy,2026-02-21T19:06:24+00:00,failed,2390
workflow_005188,pipeline_002398,project_00183,org_0076,integration-tests,2026-01-16T14:44:56+00:00,failed,3377
workflow_005189,pipeline_000653,project_00118,org_0073,build-and-test,2026-01-30T16:06:09+00:00,success,3247
workflow_005190,pipeline_000098,project_00092,org_0078,build-and-test,2026-06-19T23:47:41+00:00,success,3397
workflow_005191,pipeline_000504,project_00067,org_0021,deploy,2026-01-24T20:27:18+00:00,failed,597
workflow_005192,pipeline_002711,project_00033,org_0025,build-and-test,2026-01-07T15:31:20+00:00,success,1148
workflow_005193,pipeline_002095,project_00094,org_0050,test,2026-01-23T22:07:04+00:00,canceled,1468
workflow_005194,pipeline_001720,project_00156,org_0034,lint,2026-02-09T06:31:55+00:00,canceled,2008
workflow_005195,pipeline_000292,project_00074,org_0001,test,2026-07-02T05:14:30+00:00,failed,2761
workflow_005196,pipeline_001090,project_00029,org_0089,build-and-test,2026-02-04T14:50:22+00:00,failed,1933
workflow_005197,pipeline_002663,project_00063,org_0064,lint,2026-06-11T07:30:37+00:00,success,1245
workflow_005198,pipeline_001293,project_00125,org_0035,lint,2026-03-24T13:54:12+00:00,success,3461
workflow_005199,pipeline_000945,project_00008,org_0003,integration-tests,2026-03-19T07:57:34+00:00,success,434
workflow_005200,pipeline_001647,project_00055,org_0032,test,2026-08-28T14:36:58+00:00,success,2704
workflow_005201,pipeline_001642,project_00144,org_0031,lint,2026-06-02T17:19:28+00:00,canceled,3385
workflow_005202,pipeline_002734,project_00185,org_0064,lint,2026-02-12T00:19:32+00:00,failed,1666
workflow_005203,pipeline_001526,project_00184,org_0073,lint,2026-03-30T12:40:14+00:00,failed,1606
workflow_005204,pipeline_001642,project_00144,org_0031,test,2026-06-02T17:19:28+00:00,success,1644
workflow_005205,pipeline_000192,project_00115,org_0035,integration-tests,2026-03-03T20:03:37+00:00,success,64
workflow_005206,pipeline_002049,project_00182,org_0031,test,2026-05-13T20:52:13+00:00,failed,602
workflow_005207,pipeline_002401,project_00106,org_0082,lint,2026-02-11T12:52:49+00:00,success,1343
workflow_005208,pipeline_000758,project_00014,org_0026,build-and-test,2026-05-10T06:30:13+00:00,success,284
workflow_005209,pipeline_001178,project_00064,org_0044,integration-tests,2026-04-20T04:24:13+00:00,success,2157
workflow_005210,pipeline_002028,project_00024,org_0011,integration-tests,2026-05-02T16:06:38+00:00,success,2316
workflow_005211,pipeline_002054,project_00186,org_0005,lint,2026-01-06T05:20:13+00:00,running,1947
workflow_005212,pipeline_001477,project_00033,org_0025,test,2026-07-20T21:05:24+00:00,failed,610
workflow_005213,pipeline_000683,project_00128,org_0060,build-and-test,2026-01-11T09:19:03+00:00,success,2843
workflow_005214,pipeline_002867,project_00060,org_0001,integration-tests,2026-01-15T03:32:40+00:00,success,196
workflow_005215,pipeline_001697,project_00197,org_0023,integration-tests,2026-04-02T07:49:39+00:00,success,3416
workflow_005216,pipeline_002197,project_00082,org_0009,lint,2026-04-05T15:13:34+00:00,failed,980
workflow_005217,pipeline_002644,project_00130,org_0026,integration-tests,2026-06-11T08:51:31+00:00,success,2838
workflow_005218,pipeline_001129,project_00061,org_0082,build-and-test,2026-01-15T06:23:06+00:00,success,3308
workflow_005219,pipeline_001962,project_00133,org_0098,deploy,2026-03-07T00:08:38+00:00,success,3556
workflow_005220,pipeline_001769,project_00183,org_0076,deploy,2026-04-24T02:21:04+00:00,success,1036
workflow_005221,pipeline_000665,project_00136,org_0098,build-and-test,2026-03-26T06:34:07+00:00,success,257
workflow_005222,pipeline_000795,project_00151,org_0060,build-and-test,2026-06-26T16:53:24+00:00,success,807
workflow_005223,pipeline_002322,project_00087,org_0094,deploy,2026-03-05T05:28:00+00:00,success,111
workflow_005224,pipeline_000324,project_00188,org_0062,build-and-test,2026-03-14T01:18:17+00:00,canceled,3310
workflow_005225,pipeline_002083,project_00037,org_0005,test,2026-04-02T07:46:45+00:00,success,1670
workflow_005226,pipeline_001449,project_00157,org_0058,test,2026-06-20T12:59:12+00:00,success,1354
workflow_005227,pipeline_001406,project_00029,org_0089,integration-tests,2026-01-18T13:04:32+00:00,success,1551
workflow_005228,pipeline_000547,project_00137,org_0014,test,2026-06-24T11:50:50+00:00,success,2362
workflow_005229,pipeline_001609,project_00096,org_0047,build-and-test,2026-08-01T06:30:28+00:00,success,1162
workflow_005230,pipeline_000790,project_00134,org_0053,lint,2026-06-16T02:44:57+00:00,success,1066
workflow_005231,pipeline_001420,project_00175,org_0065,lint,2026-02-28T08:13:26+00:00,failed,2173
workflow_005232,pipeline_000865,project_00116,org_0081,test,2026-05-12T04:44:27+00:00,success,1885
workflow_005233,pipeline_002343,project_00107,org_0094,integration-tests,2026-06-30T00:32:04+00:00,success,2084
workflow_005234,pipeline_001869,project_00189,org_0026,build-and-test,2026-01-14T07:00:10+00:00,success,1374
workflow_005235,pipeline_001430,project_00036,org_0011,lint,2026-03-19T11:32:12+00:00,canceled,2559
workflow_005236,pipeline_001770,project_00163,org_0017,deploy,2026-04-29T08:23:43+00:00,success,862
workflow_005237,pipeline_002223,project_00065,org_0044,integration-tests,2026-02-18T07:45:53+00:00,success,3079
workflow_005238,pipeline_002201,project_00043,org_0095,lint,2026-04-06T22:50:20+00:00,success,309
workflow_005239,pipeline_001901,project_00015,org_0050,integration-tests,2026-02-10T20:26:33+00:00,canceled,1369
workflow_005240,pipeline_002796,project_00083,org_0057,lint,2026-08-05T01:02:01+00:00,canceled,2866
workflow_005241,pipeline_000503,project_00043,org_0095,integration-tests,2026-01-14T17:15:51+00:00,success,2418
workflow_005242,pipeline_000455,project_00197,org_0023,lint,2026-05-02T08:31:55+00:00,success,3555
workflow_005243,pipeline_001740,project_00029,org_0089,integration-tests,2026-08-10T15:43:44+00:00,success,1957
workflow_005244,pipeline_001725,project_00192,org_0047,deploy,2026-03-14T02:58:30+00:00,success,1641
workflow_005245,pipeline_002802,project_00147,org_0018,integration-tests,2026-08-01T06:52:42+00:00,success,1797
workflow_005246,pipeline_002152,project_00038,org_0037,test,2026-07-12T01:10:24+00:00,failed,2017
workflow_005247,pipeline_002417,project_00148,org_0022,lint,2026-07-25T19:12:21+00:00,success,2001
workflow_005248,pipeline_002313,project_00139,org_0092,integration-tests,2026-06-16T10:18:24+00:00,failed,229
workflow_005249,pipeline_000371,project_00053,org_0084,build-and-test,2026-08-01T05:02:34+00:00,success,3375
workflow_005250,pipeline_002026,project_00081,org_0100,build-and-test,2026-08-26T00:56:57+00:00,success,268
workflow_005251,pipeline_002784,project_00185,org_0064,integration-tests,2026-04-13T20:24:26+00:00,success,2980
workflow_005252,pipeline_002770,project_00132,org_0076,deploy,2026-04-01T13:00:07+00:00,failed,799
workflow_005253,pipeline_002212,project_00121,org_0032,lint,2026-05-11T21:46:08+00:00,success,556
workflow_005254,pipeline_000509,project_00169,org_0005,test,2026-06-23T11:06:33+00:00,success,2373
workflow_005255,pipeline_000170,project_00076,org_0002,test,2026-02-25T22:52:52+00:00,failed,3024
workflow_005256,pipeline_001568,project_00188,org_0062,deploy,2026-06-22T18:03:59+00:00,failed,3370
workflow_005257,pipeline_002962,project_00001,org_0020,test,2026-04-18T17:52:25+00:00,success,779
workflow_005258,pipeline_000617,project_00096,org_0047,build-and-test,2026-06-24T03:39:43+00:00,success,1408
workflow_005259,pipeline_001741,project_00141,org_0059,lint,2026-06-08T15:38:48+00:00,success,3273
workflow_005260,pipeline_000966,project_00166,org_0064,integration-tests,2026-01-30T11:19:53+00:00,success,2807
workflow_005261,pipeline_001446,project_00025,org_0031,build-and-test,2026-04-07T00:07:39+00:00,success,1209
workflow_005262,pipeline_000773,project_00107,org_0094,deploy,2026-01-30T20:09:30+00:00,success,1353
workflow_005263,pipeline_000986,project_00117,org_0066,integration-tests,2026-01-23T07:30:08+00:00,success,1162
workflow_005264,pipeline_000060,project_00182,org_0031,deploy,2026-08-11T03:49:18+00:00,success,2055
workflow_005265,pipeline_001286,project_00022,org_0045,test,2026-06-10T11:14:57+00:00,canceled,2468
workflow_005266,pipeline_002159,project_00190,org_0042,test,2026-03-30T01:45:52+00:00,success,1150
workflow_005267,pipeline_000654,project_00090,org_0077,build-and-test,2026-05-02T00:04:30+00:00,success,1189
workflow_005268,pipeline_002168,project_00100,org_0028,test,2026-05-26T14:28:11+00:00,success,1449
workflow_005269,pipeline_000202,project_00039,org_0096,lint,2026-03-14T14:05:13+00:00,success,89
workflow_005270,pipeline_002459,project_00043,org_0095,deploy,2026-04-18T07:24:27+00:00,failed,1040
workflow_005271,pipeline_000755,project_00150,org_0099,integration-tests,2026-06-27T22:23:56+00:00,success,2423
workflow_005272,pipeline_002621,project_00050,org_0077,integration-tests,2026-08-01T02:47:09+00:00,success,1937
workflow_005273,pipeline_000101,project_00034,org_0084,deploy,2026-01-23T18:37:26+00:00,success,46
workflow_005274,pipeline_001239,project_00024,org_0011,deploy,2026-05-06T11:04:33+00:00,success,2568
workflow_005275,pipeline_000050,project_00006,org_0057,lint,2026-01-04T10:56:06+00:00,success,2771
workflow_005276,pipeline_002283,project_00080,org_0048,deploy,2026-07-16T18:56:59+00:00,success,1375
workflow_005277,pipeline_002878,project_00076,org_0002,deploy,2026-03-15T12:52:39+00:00,canceled,559
workflow_005278,pipeline_002003,project_00176,org_0024,lint,2026-01-26T07:04:05+00:00,success,933
workflow_005279,pipeline_002006,project_00100,org_0028,lint,2026-08-09T04:24:05+00:00,success,1083
workflow_005280,pipeline_001806,project_00196,org_0023,lint,2026-06-06T22:18:32+00:00,success,551
workflow_005281,pipeline_001818,project_00147,org_0018,test,2026-08-01T06:32:34+00:00,success,952
workflow_005282,pipeline_001383,project_00125,org_0035,test,2026-02-10T14:20:03+00:00,success,467
workflow_005283,pipeline_001181,project_00031,org_0041,lint,2026-02-21T09:05:10+00:00,canceled,766
workflow_005284,pipeline_001596,project_00041,org_0047,lint,2026-07-28T01:04:29+00:00,success,1420
workflow_005285,pipeline_002799,project_00050,org_0077,deploy,2026-04-23T07:05:36+00:00,success,3301
workflow_005286,pipeline_002364,project_00027,org_0054,deploy,2026-07-19T00:05:53+00:00,success,764
workflow_005287,pipeline_001896,project_00117,org_0066,build-and-test,2026-03-01T16:22:11+00:00,failed,312
workflow_005288,pipeline_001417,project_00080,org_0048,build-and-test,2026-03-16T00:15:57+00:00,canceled,432
workflow_005289,pipeline_000851,project_00200,org_0024,test,2026-05-21T07:15:26+00:00,failed,941
workflow_005290,pipeline_002608,project_00051,org_0038,deploy,2026-07-29T10:21:41+00:00,success,1818
workflow_005291,pipeline_000646,project_00050,org_0077,lint,2026-03-13T03:59:25+00:00,success,3064
workflow_005292,pipeline_002211,project_00175,org_0065,integration-tests,2026-08-24T00:55:03+00:00,success,1383
workflow_005293,pipeline_002066,project_00089,org_0083,deploy,2026-04-04T12:08:43+00:00,failed,3357
workflow_005294,pipeline_001829,project_00071,org_0048,lint,2026-06-30T20:46:47+00:00,success,2917
workflow_005295,pipeline_002315,project_00174,org_0062,build-and-test,2026-05-19T17:48:57+00:00,failed,2499
workflow_005296,pipeline_002473,project_00044,org_0058,build-and-test,2026-08-13T00:24:01+00:00,success,488
workflow_005297,pipeline_002821,project_00081,org_0100,integration-tests,2026-06-14T12:09:04+00:00,success,1838
workflow_005298,pipeline_001420,project_00175,org_0065,integration-tests,2026-02-28T08:13:26+00:00,success,2884
workflow_005299,pipeline_001486,project_00019,org_0015,test,2026-06-11T15:38:22+00:00,success,388
workflow_005300,pipeline_001179,project_00051,org_0038,deploy,2026-07-04T01:00:04+00:00,success,3058
workflow_005301,pipeline_000367,project_00176,org_0024,lint,2026-05-26T04:15:44+00:00,canceled,795
workflow_005302,pipeline_000727,project_00192,org_0047,build-and-test,2026-04-02T15:06:08+00:00,failed,2922
workflow_005303,pipeline_001604,project_00101,org_0065,test,2026-03-17T10:51:31+00:00,success,217
workflow_005304,pipeline_000016,project_00014,org_0026,test,2026-05-21T03:10:09+00:00,failed,806
workflow_005305,pipeline_001614,project_00186,org_0005,test,2026-08-09T01:27:36+00:00,failed,1636
workflow_005306,pipeline_001094,project_00170,org_0064,test,2026-08-22T15:28:58+00:00,success,3403
workflow_005307,pipeline_000657,project_00033,org_0025,integration-tests,2026-03-23T11:51:35+00:00,failed,1743
workflow_005308,pipeline_002410,project_00165,org_0074,build-and-test,2026-03-29T02:46:27+00:00,success,670
workflow_005309,pipeline_002827,project_00059,org_0059,build-and-test,2026-01-21T20:30:41+00:00,success,1928
workflow_005310,pipeline_002578,project_00079,org_0012,deploy,2026-04-13T18:14:18+00:00,success,1838
workflow_005311,pipeline_001631,project_00018,org_0047,integration-tests,2026-05-17T02:27:24+00:00,success,673
workflow_005312,pipeline_001892,project_00186,org_0005,integration-tests,2026-08-16T13:15:39+00:00,success,2599
workflow_005313,pipeline_002078,project_00025,org_0031,lint,2026-01-07T08:45:35+00:00,canceled,1339
workflow_005314,pipeline_002739,project_00047,org_0081,lint,2026-05-16T12:17:47+00:00,success,2494
workflow_005315,pipeline_000895,project_00130,org_0026,deploy,2026-05-04T14:48:27+00:00,success,1554
workflow_005316,pipeline_000894,project_00186,org_0005,build-and-test,2026-08-05T02:45:39+00:00,success,2438
workflow_005317,pipeline_000178,project_00033,org_0025,build-and-test,2026-04-02T02:00:16+00:00,success,897
workflow_005318,pipeline_002598,project_00146,org_0035,deploy,2026-06-04T12:58:49+00:00,success,3023
workflow_005319,pipeline_001738,project_00143,org_0010,lint,2026-07-10T14:11:08+00:00,canceled,1384
workflow_005320,pipeline_001162,project_00119,org_0033,lint,2026-08-28T21:50:06+00:00,success,1722
workflow_005321,pipeline_000494,project_00109,org_0079,lint,2026-08-03T09:28:45+00:00,success,2725
workflow_005322,pipeline_001266,project_00142,org_0065,lint,2026-03-20T08:13:18+00:00,success,1018
workflow_005323,pipeline_001185,project_00078,org_0062,test,2026-02-12T17:47:11+00:00,failed,2642
workflow_005324,pipeline_000888,project_00037,org_0005,deploy,2026-05-25T23:27:24+00:00,success,1205
workflow_005325,pipeline_001551,project_00183,org_0076,test,2026-04-24T22:36:38+00:00,success,3145
workflow_005326,pipeline_002745,project_00015,org_0050,lint,2026-04-14T07:20:25+00:00,failed,2194
workflow_005327,pipeline_001168,project_00138,org_0054,build-and-test,2026-04-15T15:45:04+00:00,success,3096
workflow_005328,pipeline_001683,project_00124,org_0032,deploy,2026-06-05T19:01:04+00:00,success,1936
workflow_005329,pipeline_001281,project_00018,org_0047,lint,2026-04-19T18:52:57+00:00,success,3127
workflow_005330,pipeline_000279,project_00114,org_0099,integration-tests,2026-05-22T00:56:29+00:00,success,3256
workflow_005331,pipeline_002987,project_00198,org_0017,lint,2026-06-14T11:17:05+00:00,success,2793
workflow_005332,pipeline_001584,project_00115,org_0035,test,2026-05-07T08:55:13+00:00,failed,2349
workflow_005333,pipeline_001479,project_00065,org_0044,integration-tests,2026-06-01T15:02:16+00:00,success,3262
workflow_005334,pipeline_001687,project_00034,org_0084,build-and-test,2026-05-10T09:09:22+00:00,success,2653
workflow_005335,pipeline_000937,project_00088,org_0041,deploy,2026-03-15T12:55:18+00:00,success,1319
workflow_005336,pipeline_000629,project_00115,org_0035,deploy,2026-08-06T21:12:24+00:00,success,1648
workflow_005337,pipeline_001115,project_00032,org_0046,integration-tests,2026-07-09T23:50:46+00:00,success,602
workflow_005338,pipeline_000362,project_00063,org_0064,build-and-test,2026-01-28T19:46:13+00:00,success,783
workflow_005339,pipeline_000524,project_00024,org_0011,test,2026-01-23T02:10:40+00:00,success,1117
workflow_005340,pipeline_001387,project_00072,org_0081,test,2026-06-14T07:31:18+00:00,success,2437
workflow_005341,pipeline_002597,project_00167,org_0023,test,2026-03-09T15:47:56+00:00,failed,840
workflow_005342,pipeline_001857,project_00085,org_0088,deploy,2026-01-12T01:36:36+00:00,success,1654
workflow_005343,pipeline_001693,project_00172,org_0018,build-and-test,2026-05-27T03:17:30+00:00,success,1196
workflow_005344,pipeline_000590,project_00123,org_0071,lint,2026-04-29T09:16:59+00:00,success,265
workflow_005345,pipeline_000758,project_00014,org_0026,integration-tests,2026-05-10T06:30:13+00:00,failed,219
workflow_005346,pipeline_002233,project_00091,org_0085,build-and-test,2026-04-02T19:03:23+00:00,success,2023
workflow_005347,pipeline_000636,project_00150,org_0099,deploy,2026-04-29T00:41:14+00:00,success,614
workflow_005348,pipeline_000500,project_00149,org_0053,build-and-test,2026-05-02T08:42:30+00:00,success,850
workflow_005349,pipeline_001482,project_00150,org_0099,deploy,2026-07-02T21:50:22+00:00,success,2779
workflow_005350,pipeline_000780,project_00024,org_0011,integration-tests,2026-06-04T21:37:50+00:00,success,2517
workflow_005351,pipeline_002614,project_00095,org_0082,test,2026-01-21T03:28:56+00:00,success,2963
workflow_005352,pipeline_002760,project_00115,org_0035,test,2026-01-06T16:38:44+00:00,success,575
workflow_005353,pipeline_002282,project_00123,org_0071,test,2026-01-16T17:42:53+00:00,success,3328
workflow_005354,pipeline_001772,project_00164,org_0006,integration-tests,2026-03-30T12:21:00+00:00,failed,841
workflow_005355,pipeline_002472,project_00059,org_0059,build-and-test,2026-05-05T21:54:21+00:00,canceled,1946
workflow_005356,pipeline_002206,project_00154,org_0012,deploy,2026-07-22T10:28:52+00:00,success,2718
workflow_005357,pipeline_001205,project_00129,org_0012,lint,2026-07-23T22:02:13+00:00,success,2844
workflow_005358,pipeline_002555,project_00198,org_0017,build-and-test,2026-05-01T16:19:54+00:00,success,1825
workflow_005359,pipeline_002072,project_00128,org_0060,deploy,2026-04-27T14:30:23+00:00,success,1665
workflow_005360,pipeline_001766,project_00177,org_0029,lint,2026-06-22T16:38:38+00:00,success,1294
workflow_005361,pipeline_002818,project_00046,org_0095,integration-tests,2026-01-19T05:40:59+00:00,success,2832
workflow_005362,pipeline_000020,project_00095,org_0082,integration-tests,2026-05-29T03:19:36+00:00,success,891
workflow_005363,pipeline_002122,project_00095,org_0082,lint,2026-07-17T17:36:33+00:00,success,2824
workflow_005364,pipeline_001459,project_00091,org_0085,build-and-test,2026-08-07T16:55:03+00:00,success,1403
workflow_005365,pipeline_002373,project_00080,org_0048,deploy,2026-07-28T13:57:45+00:00,success,2623
workflow_005366,pipeline_001750,project_00146,org_0035,deploy,2026-08-31T22:02:13+00:00,success,3277
workflow_005367,pipeline_000756,project_00178,org_0061,lint,2026-06-04T09:28:42+00:00,success,3105
workflow_005368,pipeline_000600,project_00083,org_0057,deploy,2026-05-17T23:30:39+00:00,failed,3216
workflow_005369,pipeline_000585,project_00147,org_0018,test,2026-01-02T23:19:35+00:00,success,3366
workflow_005370,pipeline_000651,project_00049,org_0073,lint,2026-08-05T23:02:38+00:00,success,1275
workflow_005371,pipeline_002941,project_00085,org_0088,lint,2026-05-10T17:02:08+00:00,canceled,3388
workflow_005372,pipeline_002940,project_00162,org_0009,integration-tests,2026-04-26T16:46:18+00:00,failed,1969
workflow_005373,pipeline_000225,project_00194,org_0042,test,2026-03-21T02:33:45+00:00,success,818
workflow_005374,pipeline_002753,project_00156,org_0034,deploy,2026-07-25T12:23:19+00:00,success,1059
workflow_005375,pipeline_001764,project_00063,org_0064,lint,2026-07-07T10:04:27+00:00,success,218
workflow_005376,pipeline_001448,project_00124,org_0032,build-and-test,2026-03-13T11:24:49+00:00,canceled,1251
workflow_005377,pipeline_002456,project_00046,org_0095,lint,2026-01-18T02:16:57+00:00,success,227
workflow_005378,pipeline_001551,project_00183,org_0076,integration-tests,2026-04-24T22:36:38+00:00,success,2086
workflow_005379,pipeline_002249,project_00147,org_0018,lint,2026-05-15T01:20:58+00:00,failed,3086
workflow_005380,pipeline_002130,project_00065,org_0044,integration-tests,2026-03-26T04:46:44+00:00,canceled,2553
workflow_005381,pipeline_000694,project_00174,org_0062,test,2026-05-17T23:59:47+00:00,running,2504
workflow_005382,pipeline_001044,project_00156,org_0034,build-and-test,2026-07-06T17:47:38+00:00,failed,2816
workflow_005383,pipeline_002663,project_00063,org_0064,integration-tests,2026-06-11T07:30:37+00:00,success,2160
workflow_005384,pipeline_001750,project_00146,org_0035,integration-tests,2026-08-31T22:02:13+00:00,failed,1738
workflow_005385,pipeline_000356,project_00173,org_0032,deploy,2026-06-02T13:55:55+00:00,success,1148
workflow_005386,pipeline_000193,project_00189,org_0026,integration-tests,2026-07-07T18:34:42+00:00,running,963
workflow_005387,pipeline_002849,project_00044,org_0058,deploy,2026-01-12T22:11:32+00:00,failed,2260
workflow_005388,pipeline_001015,project_00186,org_0005,integration-tests,2026-03-06T20:59:35+00:00,success,1648
workflow_005389,pipeline_002373,project_00080,org_0048,deploy,2026-07-28T13:57:45+00:00,success,1753
workflow_005390,pipeline_002399,project_00176,org_0024,build-and-test,2026-06-03T07:02:44+00:00,failed,2673
workflow_005391,pipeline_000834,project_00008,org_0003,lint,2026-06-21T21:07:56+00:00,canceled,2497
workflow_005392,pipeline_001015,project_00186,org_0005,integration-tests,2026-03-06T20:59:35+00:00,success,39
workflow_005393,pipeline_000373,project_00150,org_0099,deploy,2026-07-24T14:07:24+00:00,success,3305
workflow_005394,pipeline_000114,project_00104,org_0040,build-and-test,2026-06-10T03:16:25+00:00,success,422
workflow_005395,pipeline_002053,project_00040,org_0015,test,2026-08-11T02:34:35+00:00,success,54
workflow_005396,pipeline_002569,project_00145,org_0051,deploy,2026-08-22T17:09:56+00:00,success,437
workflow_005397,pipeline_001491,project_00124,org_0032,deploy,2026-01-21T05:59:02+00:00,success,828
workflow_005398,pipeline_000993,project_00118,org_0073,lint,2026-06-29T16:38:03+00:00,success,2838
workflow_005399,pipeline_000889,project_00109,org_0079,build-and-test,2026-08-04T14:23:38+00:00,success,49
workflow_005400,pipeline_002432,project_00154,org_0012,integration-tests,2026-07-28T12:11:15+00:00,success,717
workflow_005401,pipeline_001987,project_00179,org_0021,build-and-test,2026-06-24T10:10:41+00:00,success,530
workflow_005402,pipeline_002250,project_00186,org_0005,integration-tests,2026-06-22T22:45:13+00:00,canceled,2012
workflow_005403,pipeline_000768,project_00067,org_0021,build-and-test,2026-03-05T12:26:33+00:00,failed,779
workflow_005404,pipeline_002550,project_00112,org_0045,test,2026-04-14T07:39:32+00:00,success,3504
workflow_005405,pipeline_001004,project_00030,org_0063,build-and-test,2026-02-23T00:05:28+00:00,success,1899
workflow_005406,pipeline_001991,project_00028,org_0055,test,2026-02-16T08:53:42+00:00,success,2386
workflow_005407,pipeline_002857,project_00018,org_0047,build-and-test,2026-06-15T01:08:38+00:00,success,53
workflow_005408,pipeline_002828,project_00048,org_0018,build-and-test,2026-02-15T23:42:04+00:00,success,2646
workflow_005409,pipeline_000325,project_00062,org_0051,lint,2026-05-05T13:05:08+00:00,success,1433
workflow_005410,pipeline_000871,project_00050,org_0077,deploy,2026-08-29T06:44:23+00:00,canceled,3511
workflow_005411,pipeline_001266,project_00142,org_0065,integration-tests,2026-03-20T08:13:18+00:00,success,925
workflow_005412,pipeline_002091,project_00157,org_0058,lint,2026-04-03T01:10:00+00:00,success,327
workflow_005413,pipeline_001281,project_00018,org_0047,test,2026-04-19T18:52:57+00:00,failed,1277
workflow_005414,pipeline_001784,project_00177,org_0029,integration-tests,2026-06-27T02:50:37+00:00,success,1935
workflow_005415,pipeline_002566,project_00015,org_0050,build-and-test,2026-06-24T09:13:01+00:00,failed,2856
workflow_005416,pipeline_002263,project_00003,org_0015,lint,2026-05-07T09:40:24+00:00,success,2006
workflow_005417,pipeline_000577,project_00046,org_0095,integration-tests,2026-05-31T10:10:48+00:00,canceled,165
workflow_005418,pipeline_001043,project_00098,org_0088,build-and-test,2026-06-30T01:32:33+00:00,success,1002
workflow_005419,pipeline_002691,project_00016,org_0027,integration-tests,2026-01-16T16:54:27+00:00,success,3591
workflow_005420,pipeline_002234,project_00196,org_0023,deploy,2026-03-27T09:21:30+00:00,success,2952
workflow_005421,pipeline_002327,project_00198,org_0017,build-and-test,2026-05-10T05:15:06+00:00,success,869
workflow_005422,pipeline_000688,project_00116,org_0081,build-and-test,2026-05-03T03:54:15+00:00,success,2820
workflow_005423,pipeline_000052,project_00109,org_0079,build-and-test,2026-05-27T05:00:19+00:00,success,2488
workflow_005424,pipeline_002909,project_00014,org_0026,deploy,2026-04-13T15:46:10+00:00,success,2888
workflow_005425,pipeline_000312,project_00029,org_0089,integration-tests,2026-04-02T15:21:39+00:00,success,2828
workflow_005426,pipeline_001435,project_00008,org_0003,deploy,2026-08-06T01:24:37+00:00,failed,1604
workflow_005427,pipeline_000657,project_00033,org_0025,test,2026-03-23T11:51:35+00:00,success,3589
workflow_005428,pipeline_000176,project_00119,org_0033,deploy,2026-08-02T11:14:43+00:00,success,487
workflow_005429,pipeline_000405,project_00113,org_0017,lint,2026-06-04T14:00:02+00:00,success,1448
workflow_005430,pipeline_002972,project_00170,org_0064,test,2026-03-17T06:46:12+00:00,success,3081
workflow_005431,pipeline_000882,project_00052,org_0018,deploy,2026-04-04T01:26:52+00:00,failed,2053
workflow_005432,pipeline_002784,project_00185,org_0064,build-and-test,2026-04-13T20:24:26+00:00,success,3132
workflow_005433,pipeline_000342,project_00156,org_0034,lint,2026-04-04T11:41:48+00:00,success,483
workflow_005434,pipeline_000463,project_00101,org_0065,lint,2026-03-11T12:14:32+00:00,running,1948
workflow_005435,pipeline_002200,project_00038,org_0037,lint,2026-01-27T09:45:00+00:00,failed,2478
workflow_005436,pipeline_000029,project_00161,org_0075,deploy,2026-02-27T10:19:30+00:00,success,1394
workflow_005437,pipeline_000774,project_00007,org_0039,integration-tests,2026-04-21T09:41:35+00:00,success,1080
workflow_005438,pipeline_000694,project_00174,org_0062,lint,2026-05-17T23:59:47+00:00,success,3223
workflow_005439,pipeline_000065,project_00085,org_0088,deploy,2026-05-25T08:19:52+00:00,success,2548
workflow_005440,pipeline_002349,project_00170,org_0064,test,2026-01-20T21:10:42+00:00,success,2838
workflow_005441,pipeline_001385,project_00028,org_0055,deploy,2026-02-20T12:15:06+00:00,success,124
workflow_005442,pipeline_001159,project_00087,org_0094,build-and-test,2026-04-07T23:58:50+00:00,success,838
workflow_005443,pipeline_000318,project_00113,org_0017,integration-tests,2026-03-16T22:34:01+00:00,success,3222
workflow_005444,pipeline_000305,project_00021,org_0079,build-and-test,2026-02-26T17:38:14+00:00,success,142
workflow_005445,pipeline_001833,project_00039,org_0096,test,2026-04-11T12:41:03+00:00,failed,40
workflow_005446,pipeline_002162,project_00058,org_0052,test,2026-06-26T04:21:45+00:00,success,700
workflow_005447,pipeline_002244,project_00100,org_0028,test,2026-06-21T17:30:16+00:00,success,2034
workflow_005448,pipeline_001830,project_00019,org_0015,build-and-test,2026-03-12T13:19:21+00:00,success,2063
workflow_005449,pipeline_002066,project_00089,org_0083,test,2026-04-04T12:08:43+00:00,success,2528
workflow_005450,pipeline_002016,project_00094,org_0050,build-and-test,2026-05-12T04:32:11+00:00,failed,2320
workflow_005451,pipeline_002684,project_00171,org_0008,deploy,2026-08-20T10:09:04+00:00,running,2694
workflow_005452,pipeline_001842,project_00152,org_0021,lint,2026-02-18T09:48:57+00:00,success,1234
workflow_005453,pipeline_000166,project_00017,org_0074,test,2026-08-16T10:15:44+00:00,canceled,981
workflow_005454,pipeline_001319,project_00058,org_0052,test,2026-06-26T13:27:27+00:00,failed,61
workflow_005455,pipeline_000345,project_00078,org_0062,lint,2026-01-03T13:13:33+00:00,canceled,1839
workflow_005456,pipeline_000685,project_00197,org_0023,lint,2026-07-11T03:31:12+00:00,success,1843
workflow_005457,pipeline_000993,project_00118,org_0073,deploy,2026-06-29T16:38:03+00:00,success,2343
workflow_005458,pipeline_000106,project_00133,org_0098,build-and-test,2026-07-23T03:40:29+00:00,failed,2271
workflow_005459,pipeline_000968,project_00026,org_0048,deploy,2026-02-16T01:19:09+00:00,success,472
workflow_005460,pipeline_000369,project_00004,org_0044,deploy,2026-05-14T07:31:15+00:00,success,821
workflow_005461,pipeline_001048,project_00010,org_0067,build-and-test,2026-02-18T08:12:52+00:00,success,830
workflow_005462,pipeline_001571,project_00021,org_0079,integration-tests,2026-03-28T09:18:27+00:00,success,2561
workflow_005463,pipeline_002444,project_00019,org_0015,build-and-test,2026-03-01T16:57:28+00:00,success,762
workflow_005464,pipeline_001241,project_00163,org_0017,build-and-test,2026-05-10T12:07:13+00:00,success,293
workflow_005465,pipeline_000271,project_00093,org_0038,lint,2026-08-06T14:50:27+00:00,success,3437
workflow_005466,pipeline_001119,project_00048,org_0018,lint,2026-06-07T09:57:15+00:00,failed,2975
workflow_005467,pipeline_000364,project_00049,org_0073,lint,2026-05-05T13:29:53+00:00,success,1639
workflow_005468,pipeline_001113,project_00199,org_0090,integration-tests,2026-02-04T19:14:11+00:00,success,3355
workflow_005469,pipeline_001802,project_00170,org_0064,integration-tests,2026-03-03T00:34:57+00:00,success,2119
workflow_005470,pipeline_002278,project_00103,org_0011,lint,2026-07-01T02:41:17+00:00,canceled,2613
workflow_005471,pipeline_002693,project_00029,org_0089,build-and-test,2026-06-28T17:30:45+00:00,success,3247
workflow_005472,pipeline_001043,project_00098,org_0088,build-and-test,2026-06-30T01:32:33+00:00,success,2734
workflow_005473,pipeline_002475,project_00155,org_0066,build-and-test,2026-08-27T12:50:27+00:00,success,1249
workflow_005474,pipeline_002225,project_00150,org_0099,build-and-test,2026-04-18T14:40:53+00:00,canceled,2251
workflow_005475,pipeline_002694,project_00187,org_0078,integration-tests,2026-08-10T13:35:44+00:00,success,285
workflow_005476,pipeline_000510,project_00125,org_0035,build-and-test,2026-03-12T05:15:49+00:00,running,3489
workflow_005477,pipeline_001124,project_00144,org_0031,test,2026-04-10T17:10:52+00:00,failed,2077
workflow_005478,pipeline_002848,project_00063,org_0064,lint,2026-04-24T23:20:13+00:00,success,1734
workflow_005479,pipeline_000292,project_00074,org_0001,integration-tests,2026-07-02T05:14:30+00:00,failed,559
workflow_005480,pipeline_001098,project_00181,org_0050,integration-tests,2026-08-11T21:48:22+00:00,success,148
workflow_005481,pipeline_000395,project_00035,org_0054,lint,2026-07-15T02:00:16+00:00,success,657
workflow_005482,pipeline_000388,project_00111,org_0090,lint,2026-02-26T08:55:06+00:00,success,1386
workflow_005483,pipeline_000308,project_00189,org_0026,lint,2026-01-14T00:20:18+00:00,failed,1941
workflow_005484,pipeline_000165,project_00005,org_0062,deploy,2026-06-01T06:25:13+00:00,failed,2755
workflow_005485,pipeline_000843,project_00024,org_0011,integration-tests,2026-07-18T17:07:30+00:00,success,2913
workflow_005486,pipeline_001434,project_00091,org_0085,deploy,2026-06-16T02:09:56+00:00,success,2097
workflow_005487,pipeline_000665,project_00136,org_0098,lint,2026-03-26T06:34:07+00:00,success,586
workflow_005488,pipeline_001322,project_00107,org_0094,deploy,2026-04-04T19:27:02+00:00,failed,272
workflow_005489,pipeline_002529,project_00189,org_0026,test,2026-07-25T06:58:59+00:00,success,2669
workflow_005490,pipeline_002826,project_00028,org_0055,deploy,2026-06-03T23:33:29+00:00,success,2176
workflow_005491,pipeline_002311,project_00157,org_0058,integration-tests,2026-03-06T00:55:38+00:00,success,995
workflow_005492,pipeline_001478,project_00014,org_0026,integration-tests,2026-08-22T14:17:21+00:00,success,1908
workflow_005493,pipeline_000703,project_00177,org_0029,integration-tests,2026-03-21T23:12:16+00:00,success,808
workflow_005494,pipeline_000881,project_00037,org_0005,test,2026-06-10T07:47:14+00:00,failed,2833
workflow_005495,pipeline_002569,project_00145,org_0051,build-and-test,2026-08-22T17:09:56+00:00,success,1074
workflow_005496,pipeline_000123,project_00028,org_0055,integration-tests,2026-06-10T23:08:37+00:00,success,2090
workflow_005497,pipeline_001643,project_00080,org_0048,lint,2026-07-22T17:15:33+00:00,success,2513
workflow_005498,pipeline_002165,project_00049,org_0073,test,2026-01-10T03:05:17+00:00,failed,1202
workflow_005499,pipeline_002187,project_00182,org_0031,test,2026-07-23T22:59:16+00:00,success,2804
workflow_005500,pipeline_001864,project_00033,org_0025,deploy,2026-03-27T04:07:40+00:00,success,982
workflow_005501,pipeline_001308,project_00056,org_0074,lint,2026-03-14T21:05:22+00:00,failed,1450
workflow_005502,pipeline_000537,project_00180,org_0035,deploy,2026-05-09T02:14:47+00:00,success,2295
workflow_005503,pipeline_002265,project_00121,org_0032,lint,2026-03-02T13:10:51+00:00,success,1689
workflow_005504,pipeline_000681,project_00038,org_0037,deploy,2026-06-26T13:30:10+00:00,success,1395
workflow_005505,pipeline_000925,project_00025,org_0031,deploy,2026-08-28T17:40:17+00:00,failed,42
workflow_005506,pipeline_001600,project_00007,org_0039,deploy,2026-03-31T07:48:15+00:00,success,457
workflow_005507,pipeline_001684,project_00028,org_0055,lint,2026-06-13T11:52:25+00:00,success,1136
workflow_005508,pipeline_000243,project_00132,org_0076,build-and-test,2026-04-11T01:52:35+00:00,success,575
workflow_005509,pipeline_000377,project_00182,org_0031,test,2026-02-08T16:22:25+00:00,success,833
workflow_005510,pipeline_001047,project_00126,org_0016,test,2026-04-30T13:00:17+00:00,success,1732
workflow_005511,pipeline_000868,project_00100,org_0028,lint,2026-04-01T10:03:39+00:00,success,3588
workflow_005512,pipeline_002164,project_00062,org_0051,integration-tests,2026-06-07T17:18:41+00:00,success,919
workflow_005513,pipeline_000799,project_00169,org_0005,test,2026-08-22T17:59:51+00:00,success,1190
workflow_005514,pipeline_001131,project_00187,org_0078,test,2026-08-30T16:22:30+00:00,success,3303
workflow_005515,pipeline_002936,project_00136,org_0098,build-and-test,2026-01-24T11:40:20+00:00,failed,2702
workflow_005516,pipeline_001256,project_00193,org_0076,deploy,2026-03-09T09:53:05+00:00,success,1219
workflow_005517,pipeline_000604,project_00118,org_0073,build-and-test,2026-02-03T21:46:35+00:00,success,1943
workflow_005518,pipeline_001391,project_00111,org_0090,test,2026-03-24T08:35:55+00:00,failed,1115
workflow_005519,pipeline_001201,project_00127,org_0067,integration-tests,2026-07-26T18:58:43+00:00,success,2657
workflow_005520,pipeline_001184,project_00087,org_0094,deploy,2026-06-15T11:18:53+00:00,failed,361
workflow_005521,pipeline_002588,project_00063,org_0064,integration-tests,2026-02-14T15:44:31+00:00,success,1255
workflow_005522,pipeline_000736,project_00162,org_0009,test,2026-05-04T04:22:20+00:00,success,2101
workflow_005523,pipeline_000450,project_00007,org_0039,test,2026-07-07T10:44:49+00:00,success,2586
workflow_005524,pipeline_000456,project_00083,org_0057,build-and-test,2026-03-19T21:18:46+00:00,running,1700
workflow_005525,pipeline_001119,project_00048,org_0018,lint,2026-06-07T09:57:15+00:00,success,741
workflow_005526,pipeline_001031,project_00107,org_0094,lint,2026-04-23T00:35:47+00:00,success,2432
workflow_005527,pipeline_002443,project_00045,org_0057,integration-tests,2026-06-13T06:00:28+00:00,running,740
workflow_005528,pipeline_001038,project_00078,org_0062,lint,2026-04-21T19:40:54+00:00,failed,1353
workflow_005529,pipeline_000879,project_00079,org_0012,integration-tests,2026-06-08T04:05:29+00:00,success,2060
workflow_005530,pipeline_missing_999,project_00150,org_0099,integration-tests,2026-01-13T15:50:58+00:00,failed,1505
workflow_005531,pipeline_000983,project_00116,org_0081,build-and-test,2026-04-29T07:30:05+00:00,success,1324
workflow_005532,pipeline_000489,project_00036,org_0011,test,2026-03-15T02:24:04+00:00,success,2696
workflow_005533,pipeline_000309,project_00171,org_0008,integration-tests,2026-03-22T22:52:05+00:00,success,1168
workflow_005534,pipeline_001967,project_00026,org_0048,integration-tests,2026-07-21T21:17:43+00:00,success,2845
workflow_005535,pipeline_000961,project_00147,org_0018,build-and-test,2026-03-03T01:17:49+00:00,success,1936
workflow_005536,pipeline_002285,project_00162,org_0009,deploy,2026-07-22T08:55:13+00:00,success,3061
workflow_005537,pipeline_000806,project_00052,org_0018,build-and-test,2026-04-25T12:01:40+00:00,success,2090
workflow_005538,pipeline_000376,project_00005,org_0062,deploy,2026-04-24T14:15:22+00:00,success,1258
workflow_005539,pipeline_000978,project_00058,org_0052,lint,2026-06-12T18:44:10+00:00,success,2817
workflow_005540,pipeline_001573,project_00010,org_0067,deploy,2026-06-18T07:22:20+00:00,success,3080
workflow_005541,pipeline_000195,project_00093,org_0038,build-and-test,2026-05-31T17:17:23+00:00,canceled,2618
workflow_005542,pipeline_001703,project_00120,org_0030,build-and-test,2026-02-02T02:15:54+00:00,success,3046
workflow_005543,pipeline_002419,project_00146,org_0035,lint,2026-05-13T13:06:42+00:00,success,138
workflow_005544,pipeline_001547,project_00117,org_0066,integration-tests,2026-01-07T00:35:04+00:00,success,1022
workflow_005545,pipeline_001827,project_00137,org_0014,test,2026-03-03T10:45:13+00:00,success,3356
workflow_005546,pipeline_000603,project_00116,org_0081,build-and-test,2026-08-30T03:41:07+00:00,success,2041
workflow_005547,pipeline_002449,project_00188,org_0062,build-and-test,2026-01-08T18:40:19+00:00,success,66
workflow_005548,pipeline_001740,project_00029,org_0089,build-and-test,2026-08-10T15:43:44+00:00,failed,1120
workflow_005549,pipeline_001794,project_00137,org_0014,build-and-test,2026-04-07T17:03:11+00:00,success,66
workflow_005550,pipeline_000420,project_00063,org_0064,build-and-test,2026-08-01T13:35:36+00:00,canceled,1334
workflow_005551,pipeline_000010,project_00044,org_0058,deploy,2026-05-26T19:31:16+00:00,failed,812
workflow_005552,pipeline_000334,project_00069,org_0084,lint,2026-07-25T10:49:53+00:00,success,1071
workflow_005553,pipeline_000216,project_00169,org_0005,deploy,2026-02-20T14:45:10+00:00,canceled,1998
workflow_005554,pipeline_000677,project_00017,org_0074,integration-tests,2026-05-22T06:01:22+00:00,canceled,2573
workflow_005555,pipeline_002217,project_00197,org_0023,lint,2026-08-27T02:04:29+00:00,failed,3552
workflow_005556,pipeline_002095,project_00094,org_0050,deploy,2026-01-23T22:07:04+00:00,success,492
workflow_005557,pipeline_000708,project_00146,org_0035,build-and-test,2026-07-26T05:52:19+00:00,success,357
workflow_005558,pipeline_001083,project_00124,org_0032,integration-tests,2026-07-29T23:23:24+00:00,success,607
workflow_005559,pipeline_001524,project_00159,org_0008,build-and-test,2026-01-20T06:06:57+00:00,failed,2563
workflow_005560,pipeline_001619,project_00143,org_0010,lint,2026-02-01T15:01:21+00:00,success,3365
workflow_005561,pipeline_002608,project_00051,org_0038,lint,2026-07-29T10:21:41+00:00,success,1100
workflow_005562,pipeline_000672,project_00189,org_0026,build-and-test,2026-05-02T04:06:54+00:00,canceled,2681
workflow_005563,pipeline_000277,project_00019,org_0015,test,2026-01-31T17:22:35+00:00,success,3463
workflow_005564,pipeline_001105,project_00034,org_0084,deploy,2026-05-06T14:28:46+00:00,success,86
workflow_005565,pipeline_002629,project_00067,org_0021,lint,2026-03-29T01:45:28+00:00,success,2030
workflow_005566,pipeline_000695,project_00012,org_0052,deploy,2026-02-19T18:53:33+00:00,failed,2214
workflow_005567,pipeline_001734,project_00170,org_0064,build-and-test,2026-08-10T21:01:32+00:00,failed,1479
workflow_005568,pipeline_002371,project_00035,org_0054,test,2026-07-03T20:41:08+00:00,success,2916
workflow_005569,pipeline_001320,project_00032,org_0046,integration-tests,2026-05-17T03:57:22+00:00,failed,2486
workflow_005570,pipeline_001120,project_00136,org_0098,lint,2026-07-09T17:44:22+00:00,running,2732
workflow_005571,pipeline_001928,project_00058,org_0052,lint,2026-06-21T00:24:52+00:00,success,3116
workflow_005572,pipeline_002007,project_00140,org_0030,integration-tests,2026-01-29T17:01:18+00:00,success,2459
workflow_005573,pipeline_000941,project_00160,org_0052,build-and-test,2026-03-24T18:35:41+00:00,success,2073
workflow_005574,pipeline_001958,project_00047,org_0081,integration-tests,2026-07-27T20:33:21+00:00,success,3391
workflow_005575,pipeline_002461,project_00021,org_0079,integration-tests,2026-02-02T02:11:30+00:00,failed,885
workflow_005576,pipeline_001598,project_00004,org_0044,lint,2026-01-15T00:14:35+00:00,success,1951
workflow_005577,pipeline_001278,project_00020,org_0068,build-and-test,2026-03-01T04:29:02+00:00,success,2432
workflow_005578,pipeline_000895,project_00130,org_0026,integration-tests,2026-05-04T14:48:27+00:00,success,2785
workflow_005579,pipeline_002194,project_00060,org_0001,build-and-test,2026-03-20T14:56:43+00:00,success,3191
workflow_005580,pipeline_001150,project_00105,org_0020,deploy,2026-05-02T10:55:09+00:00,success,998
workflow_005581,pipeline_001397,project_00062,org_0051,lint,2026-01-26T13:44:31+00:00,failed,576
workflow_005582,pipeline_002174,project_00117,org_0066,test,2026-05-28T12:28:08+00:00,failed,2621
workflow_005583,pipeline_001679,project_00108,org_0012,integration-tests,2026-07-04T15:56:35+00:00,success,1599
workflow_005584,pipeline_001743,project_00138,org_0054,build-and-test,2026-07-26T19:20:16+00:00,failed,1746
workflow_005585,pipeline_000867,project_00039,org_0096,test,2026-05-07T07:14:07+00:00,success,1946
workflow_005586,pipeline_001609,project_00096,org_0047,build-and-test,2026-08-01T06:30:28+00:00,canceled,1367
workflow_005587,pipeline_000336,project_00099,org_0003,deploy,2026-03-15T13:53:56+00:00,success,392
workflow_005588,pipeline_002050,project_00050,org_0077,test,2026-07-09T20:13:47+00:00,success,706
workflow_005589,pipeline_002717,project_00007,org_0039,deploy,2026-04-11T17:23:05+00:00,success,3464
workflow_005590,pipeline_002685,project_00055,org_0032,test,2026-07-10T10:11:00+00:00,canceled,2186
workflow_005591,pipeline_000096,project_00075,org_0017,deploy,2026-05-20T21:26:38+00:00,failed,1444
workflow_005592,pipeline_002386,project_00121,org_0032,test,2026-05-21T05:57:31+00:00,success,1459
workflow_005593,pipeline_002485,project_00095,org_0082,deploy,2026-07-25T04:18:32+00:00,success,1559
workflow_005594,pipeline_000985,project_00099,org_0003,test,2026-04-21T05:22:19+00:00,success,1162
workflow_005595,pipeline_002626,project_00058,org_0052,deploy,2026-07-15T22:06:21+00:00,success,1886
workflow_005596,pipeline_002990,project_00020,org_0068,integration-tests,2026-04-10T08:33:01+00:00,success,3400
workflow_005597,pipeline_001832,project_00160,org_0052,lint,2026-06-01T10:34:26+00:00,canceled,1514
workflow_005598,pipeline_001322,project_00107,org_0094,lint,2026-04-04T19:27:02+00:00,failed,2020
workflow_005599,pipeline_001033,project_00156,org_0034,integration-tests,2026-05-29T03:42:23+00:00,failed,3302
workflow_005600,pipeline_002977,project_00028,org_0055,test,2026-06-28T09:43:04+00:00,failed,3101
workflow_005601,pipeline_000634,project_00045,org_0057,test,2026-08-04T20:33:37+00:00,success,728
workflow_005602,pipeline_001356,project_00083,org_0057,integration-tests,2026-06-16T18:10:30+00:00,failed,1747
workflow_005603,pipeline_001876,project_00017,org_0074,integration-tests,2026-05-22T21:58:55+00:00,failed,240
workflow_005604,pipeline_000338,project_00197,org_0023,lint,2026-08-12T21:57:46+00:00,failed,3195
workflow_005605,pipeline_000696,project_00196,org_0023,deploy,2026-08-31T18:50:53+00:00,failed,2442
workflow_005606,pipeline_002600,project_00156,org_0034,deploy,2026-07-30T10:28:45+00:00,success,2334
workflow_005607,pipeline_002809,project_00088,org_0041,lint,2026-08-17T11:50:23+00:00,success,693
workflow_005608,pipeline_000857,project_00181,org_0050,integration-tests,2026-07-19T07:14:07+00:00,success,1073
workflow_005609,pipeline_002780,project_00142,org_0065,integration-tests,2026-04-07T08:34:01+00:00,canceled,2339
workflow_005610,pipeline_002526,project_00135,org_0045,build-and-test,2026-04-13T10:38:10+00:00,success,3388
workflow_005611,pipeline_000918,project_00123,org_0071,integration-tests,2026-06-17T18:03:21+00:00,success,185
workflow_005612,pipeline_001793,project_00085,org_0088,build-and-test,2026-07-17T00:18:47+00:00,success,1104
workflow_005613,pipeline_000368,project_00190,org_0042,test,2026-01-22T04:19:52+00:00,success,366
workflow_005614,pipeline_000528,project_00197,org_0023,test,2026-06-15T19:46:25+00:00,success,2341
workflow_005615,pipeline_001311,project_00032,org_0046,lint,2026-07-13T20:14:05+00:00,failed,936
workflow_005616,pipeline_002846,project_00183,org_0076,integration-tests,2026-06-23T18:31:50+00:00,success,2926
workflow_005617,pipeline_000827,project_00093,org_0038,integration-tests,2026-03-02T23:38:57+00:00,failed,1566
workflow_005618,pipeline_002890,project_00198,org_0017,deploy,2026-08-29T05:53:53+00:00,success,2549
workflow_005619,pipeline_001165,project_00126,org_0016,lint,2026-03-18T17:14:51+00:00,success,565
workflow_005620,pipeline_002962,project_00001,org_0020,lint,2026-04-18T17:52:25+00:00,failed,119
workflow_005621,pipeline_001111,project_00039,org_0096,build-and-test,2026-06-06T21:29:49+00:00,success,606
workflow_005622,pipeline_000092,project_00054,org_0032,lint,2026-07-06T16:06:45+00:00,failed,867
workflow_005623,pipeline_001080,project_00076,org_0002,lint,2026-08-24T19:16:12+00:00,success,2189
workflow_005624,pipeline_002453,project_00033,org_0025,lint,2026-04-04T09:27:47+00:00,success,803
workflow_005625,pipeline_001839,project_00198,org_0017,deploy,2026-05-19T00:03:11+00:00,success,2695
workflow_005626,pipeline_001567,project_00007,org_0039,test,2026-05-24T12:22:03+00:00,running,3431
workflow_005627,pipeline_000773,project_00107,org_0094,deploy,2026-01-30T20:09:30+00:00,failed,198
workflow_005628,pipeline_001175,project_00004,org_0044,build-and-test,2026-04-02T20:23:08+00:00,failed,2540
workflow_005629,pipeline_000271,project_00093,org_0038,lint,2026-08-06T14:50:27+00:00,success,3328
workflow_005630,pipeline_001576,project_00068,org_0055,build-and-test,2026-07-02T13:47:35+00:00,running,858
workflow_005631,pipeline_002775,project_00128,org_0060,deploy,2026-08-18T07:12:21+00:00,success,3369
workflow_005632,pipeline_001531,project_00093,org_0038,test,2026-05-11T02:17:37+00:00,success,2197
workflow_005633,pipeline_002663,project_00063,org_0064,test,2026-06-11T07:30:37+00:00,success,2703
workflow_005634,pipeline_001761,project_00103,org_0011,build-and-test,2026-07-18T16:04:55+00:00,success,2802
workflow_005635,pipeline_000066,project_00121,org_0032,integration-tests,2026-01-21T20:18:19+00:00,canceled,387
workflow_005636,pipeline_000912,project_00083,org_0057,lint,2026-06-17T23:38:28+00:00,canceled,2243
workflow_005637,pipeline_000198,project_00168,org_0036,deploy,2026-05-28T00:02:53+00:00,failed,303
workflow_005638,pipeline_000129,project_00071,org_0048,integration-tests,2026-06-04T12:25:01+00:00,success,1731
workflow_005639,pipeline_001989,project_00047,org_0081,lint,2026-07-28T12:38:26+00:00,success,1904
workflow_005640,pipeline_001900,project_00093,org_0038,lint,2026-04-04T17:00:35+00:00,success,1734
workflow_005641,pipeline_001402,project_00081,org_0100,lint,2026-01-27T23:21:50+00:00,success,1492
workflow_005642,pipeline_001428,project_00109,org_0079,test,2026-06-05T00:00:30+00:00,success,268
workflow_005643,pipeline_000853,project_00055,org_0032,test,2026-06-23T06:33:02+00:00,failed,2095
workflow_005644,pipeline_000454,project_00023,org_0023,integration-tests,2026-05-10T10:29:08+00:00,success,3556
workflow_005645,pipeline_002851,project_00168,org_0036,test,2026-07-30T20:12:47+00:00,success,3190
workflow_005646,pipeline_002957,project_00196,org_0023,build-and-test,2026-06-22T00:31:15+00:00,success,236
workflow_005647,pipeline_000573,project_00152,org_0021,lint,2026-08-14T03:46:17+00:00,success,2381
workflow_005648,pipeline_001291,project_00022,org_0045,test,2026-03-12T00:16:10+00:00,success,3399
workflow_005649,pipeline_000202,project_00039,org_0096,integration-tests,2026-03-14T14:05:13+00:00,success,3106
workflow_005650,pipeline_000555,project_00087,org_0094,deploy,2026-06-06T02:59:30+00:00,failed,802
workflow_005651,pipeline_002674,project_00055,org_0032,build-and-test,2026-06-09T23:33:41+00:00,success,2810
workflow_005652,pipeline_000287,project_00070,org_0012,test,2026-08-02T00:48:45+00:00,running,2160
workflow_005653,pipeline_001290,project_00120,org_0030,test,2026-07-01T22:37:52+00:00,failed,146
workflow_005654,pipeline_001903,project_00022,org_0045,build-and-test,2026-01-06T00:28:48+00:00,success,1055
workflow_005655,pipeline_000072,project_00148,org_0022,lint,2026-03-03T12:43:20+00:00,success,3288
workflow_005656,pipeline_001731,project_00100,org_0028,build-and-test,2026-07-04T16:56:24+00:00,success,1182
workflow_005657,pipeline_002939,project_00141,org_0059,build-and-test,2026-04-28T22:07:38+00:00,success,535
workflow_005658,pipeline_001217,project_00127,org_0067,test,2026-03-12T11:49:43+00:00,failed,1985
workflow_005659,pipeline_001790,project_00125,org_0035,deploy,2026-04-27T11:50:19+00:00,success,1750
workflow_005660,pipeline_001171,project_00009,org_0087,integration-tests,2026-03-04T06:13:14+00:00,running,3039
workflow_005661,pipeline_001045,project_00040,org_0015,deploy,2026-03-15T15:26:26+00:00,success,3451
workflow_005662,pipeline_002372,project_00031,org_0041,lint,2026-08-31T16:55:26+00:00,success,743
workflow_005663,pipeline_002389,project_00056,org_0074,test,2026-02-19T04:34:12+00:00,success,2351
workflow_005664,pipeline_001341,project_00169,org_0005,lint,2026-08-09T07:33:42+00:00,canceled,1442
workflow_005665,pipeline_000688,project_00116,org_0081,build-and-test,2026-05-03T03:54:15+00:00,success,3063
workflow_005666,pipeline_001480,project_00020,org_0068,integration-tests,2026-07-27T13:11:27+00:00,success,1889
workflow_005667,pipeline_001893,project_00173,org_0032,build-and-test,2026-04-17T23:34:09+00:00,success,2267
workflow_005668,pipeline_000741,project_00001,org_0020,integration-tests,2026-06-05T14:26:20+00:00,success,3169
workflow_005669,pipeline_002292,project_00012,org_0052,integration-tests,2026-04-28T15:19:42+00:00,failed,2453
workflow_005670,pipeline_002744,project_00062,org_0051,integration-tests,2026-02-23T16:19:21+00:00,canceled,1259
workflow_005671,pipeline_002472,project_00059,org_0059,test,2026-05-05T21:54:21+00:00,canceled,1603
workflow_005672,pipeline_002780,project_00142,org_0065,test,2026-04-07T08:34:01+00:00,success,305
workflow_005673,pipeline_002896,project_00019,org_0015,integration-tests,2026-05-22T09:30:44+00:00,success,3455
workflow_005674,pipeline_001613,project_00064,org_0044,test,2026-02-02T13:54:00+00:00,running,1801
workflow_005675,pipeline_001030,project_00190,org_0042,test,2026-05-08T15:36:41+00:00,success,3407
workflow_005676,pipeline_002393,project_00089,org_0083,build-and-test,2026-02-22T21:34:26+00:00,success,327
workflow_005677,pipeline_001518,project_00004,org_0044,deploy,2026-02-18T06:37:11+00:00,success,669
workflow_005678,pipeline_002156,project_00162,org_0009,lint,2026-03-03T21:58:34+00:00,success,1526
workflow_005679,pipeline_001353,project_00110,org_0016,test,2026-03-19T13:31:57+00:00,success,68
workflow_005680,pipeline_000284,project_00168,org_0036,integration-tests,2026-06-01T09:37:48+00:00,success,3151
workflow_005681,pipeline_002000,project_00161,org_0075,integration-tests,2026-03-17T11:22:17+00:00,failed,3161
workflow_005682,pipeline_000185,project_00138,org_0054,build-and-test,2026-03-18T06:52:41+00:00,failed,1263
workflow_005683,pipeline_001540,project_00063,org_0064,lint,2026-05-21T13:45:28+00:00,canceled,3096
workflow_005684,pipeline_002524,project_00047,org_0081,deploy,2026-06-19T10:03:20+00:00,success,616
workflow_005685,pipeline_002629,project_00067,org_0021,test,2026-03-29T01:45:28+00:00,canceled,3072
workflow_005686,pipeline_000526,project_00097,org_0073,integration-tests,2026-08-08T20:08:37+00:00,failed,264
workflow_005687,pipeline_002832,project_00096,org_0047,test,2026-07-15T11:39:35+00:00,success,1920
workflow_005688,pipeline_001981,project_00002,org_0014,build-and-test,2026-04-04T08:34:22+00:00,failed,2058
workflow_005689,pipeline_000989,project_00053,org_0084,test,2026-05-01T07:08:46+00:00,failed,1764
workflow_005690,pipeline_000176,project_00119,org_0033,deploy,2026-08-02T11:14:43+00:00,success,430
workflow_005691,pipeline_000908,project_00145,org_0051,test,2026-03-10T04:02:50+00:00,success,2026
workflow_005692,pipeline_002407,project_00135,org_0045,integration-tests,2026-04-23T06:21:17+00:00,success,2836
workflow_005693,pipeline_000360,project_00196,org_0023,lint,2026-02-22T09:05:11+00:00,failed,1463
workflow_005694,pipeline_001972,project_00100,org_0028,test,2026-04-29T19:10:19+00:00,failed,2028
workflow_005695,pipeline_001415,project_00071,org_0048,test,2026-07-31T14:59:20+00:00,success,2969
workflow_005696,pipeline_002060,project_00155,org_0066,deploy,2026-03-14T06:15:01+00:00,failed,3144
workflow_005697,pipeline_002301,project_00006,org_0057,lint,2026-06-18T11:59:34+00:00,success,2086
workflow_005698,pipeline_001387,project_00072,org_0081,build-and-test,2026-06-14T07:31:18+00:00,canceled,2815
workflow_005699,pipeline_000214,project_00039,org_0096,lint,2026-08-24T03:46:18+00:00,canceled,1632
workflow_005700,pipeline_002135,project_00003,org_0015,integration-tests,2026-04-17T12:01:16+00:00,success,1498
workflow_005701,pipeline_001918,project_00185,org_0064,build-and-test,2026-02-05T02:53:30+00:00,failed,1524
workflow_005702,pipeline_001704,project_00004,org_0044,lint,2026-03-04T11:32:43+00:00,success,1755
workflow_005703,pipeline_001699,project_00128,org_0060,integration-tests,2026-03-15T00:00:45+00:00,running,1265
workflow_005704,pipeline_000177,project_00026,org_0048,integration-tests,2026-03-18T16:03:55+00:00,success,3086
workflow_005705,pipeline_000979,project_00077,org_0016,lint,2026-05-07T15:16:52+00:00,success,2648
workflow_005706,pipeline_000058,project_00170,org_0064,test,2026-05-05T02:45:17+00:00,success,1547
workflow_005707,pipeline_001285,project_00113,org_0017,build-and-test,2026-05-23T10:11:32+00:00,failed,507
workflow_005708,pipeline_000294,project_00002,org_0014,deploy,2026-08-01T21:42:28+00:00,success,1398
workflow_005709,pipeline_001702,project_00108,org_0012,deploy,2026-03-11T17:13:43+00:00,success,1098
workflow_005710,pipeline_001522,project_00142,org_0065,build-and-test,2026-05-02T22:56:21+00:00,success,1558
workflow_005711,pipeline_001618,project_00081,org_0100,integration-tests,2026-04-02T13:14:59+00:00,success,2460
workflow_005712,pipeline_000527,project_00076,org_0002,build-and-test,2026-07-01T08:20:29+00:00,canceled,2656
workflow_005713,pipeline_002905,project_00099,org_0003,lint,2026-08-22T20:11:41+00:00,canceled,1877
workflow_005714,pipeline_001278,project_00020,org_0068,integration-tests,2026-03-01T04:29:02+00:00,failed,2896
workflow_005715,pipeline_001589,project_00114,org_0099,integration-tests,2026-06-15T03:08:40+00:00,success,1275
workflow_005716,pipeline_002153,project_00023,org_0023,lint,2026-08-22T20:27:44+00:00,success,3418
workflow_005717,pipeline_002079,project_00051,org_0038,integration-tests,2026-01-09T10:04:42+00:00,running,3059
workflow_005718,pipeline_000812,project_00030,org_0063,build-and-test,2026-07-12T03:45:57+00:00,success,949
workflow_005719,pipeline_000240,project_00090,org_0077,test,2026-05-15T22:42:09+00:00,success,2598
workflow_005720,pipeline_000209,project_00115,org_0035,test,2026-08-24T13:13:51+00:00,failed,1622
workflow_005721,pipeline_002338,project_00124,org_0032,deploy,2026-07-14T14:22:30+00:00,success,1453
workflow_005722,pipeline_002308,project_00122,org_0050,build-and-test,2026-01-12T21:10:15+00:00,success,575
workflow_005723,pipeline_000963,project_00150,org_0099,build-and-test,2026-01-16T23:28:47+00:00,canceled,579
workflow_005724,pipeline_001978,project_00026,org_0048,test,2026-06-27T13:43:38+00:00,success,2972
workflow_005725,pipeline_000041,project_00055,org_0032,build-and-test,2026-06-08T03:06:10+00:00,success,864
workflow_005726,pipeline_000443,project_00138,org_0054,integration-tests,2026-01-08T06:28:06+00:00,success,3411
workflow_005727,pipeline_002058,project_00111,org_0090,lint,2026-04-01T12:25:24+00:00,success,2824
workflow_005728,pipeline_002669,project_00098,org_0088,build-and-test,2026-08-04T01:47:16+00:00,failed,1516
workflow_005729,pipeline_002734,project_00185,org_0064,test,2026-02-12T00:19:32+00:00,success,1620
workflow_005730,pipeline_000019,project_00126,org_0016,lint,2026-04-13T22:01:12+00:00,failed,741
workflow_005731,pipeline_000790,project_00134,org_0053,build-and-test,2026-06-16T02:44:57+00:00,success,1456
workflow_005732,pipeline_001709,project_00173,org_0032,lint,2026-02-01T01:44:20+00:00,success,3048
workflow_005733,pipeline_001446,project_00025,org_0031,lint,2026-04-07T00:07:39+00:00,success,1633
workflow_005734,pipeline_002541,project_00200,org_0024,test,2026-02-24T20:56:20+00:00,success,2520
workflow_005735,pipeline_002134,project_00158,org_0014,test,2026-02-11T15:45:01+00:00,failed,37
workflow_005736,pipeline_001221,project_00186,org_0005,build-and-test,2026-07-24T13:55:55+00:00,failed,2937
workflow_005737,pipeline_000145,project_00045,org_0057,deploy,2026-07-19T13:23:59+00:00,failed,682
workflow_005738,pipeline_001921,project_00005,org_0062,deploy,2026-02-13T07:04:28+00:00,success,3111
workflow_005739,pipeline_missing_999,project_00057,org_0049,test,2026-04-21T00:31:10+00:00,failed,743
workflow_005740,pipeline_002906,project_00173,org_0032,lint,2026-08-03T03:39:40+00:00,success,2875
workflow_005741,pipeline_001561,project_00133,org_0098,deploy,2026-04-19T01:32:09+00:00,failed,1360
workflow_005742,pipeline_000522,project_00106,org_0082,deploy,2026-02-07T22:37:06+00:00,failed,3466
workflow_005743,pipeline_001693,project_00172,org_0018,build-and-test,2026-05-27T03:17:30+00:00,success,2138
workflow_005744,pipeline_002829,project_00110,org_0016,deploy,2026-07-05T18:41:02+00:00,success,1024
workflow_005745,pipeline_002213,project_00133,org_0098,build-and-test,2026-08-28T08:57:13+00:00,failed,1788
workflow_005746,pipeline_002755,project_00155,org_0066,integration-tests,2026-08-05T03:20:51+00:00,success,2758
workflow_005747,pipeline_001692,project_00121,org_0032,deploy,2026-08-02T12:46:42+00:00,success,2332
workflow_005748,pipeline_001372,project_00058,org_0052,deploy,2026-01-19T13:50:50+00:00,canceled,2752
workflow_005749,pipeline_000263,project_00054,org_0032,build-and-test,2026-06-12T18:13:45+00:00,success,700
workflow_005750,pipeline_002059,project_00083,org_0057,build-and-test,2026-08-31T21:37:57+00:00,success,3287
workflow_005751,pipeline_002470,project_00093,org_0038,build-and-test,2026-07-20T08:26:59+00:00,failed,886
workflow_005752,pipeline_002612,project_00082,org_0009,lint,2026-07-20T10:33:28+00:00,success,1640
workflow_005753,pipeline_000937,project_00088,org_0041,lint,2026-03-15T12:55:18+00:00,success,2555
workflow_005754,pipeline_001245,project_00053,org_0084,lint,2026-01-07T15:53:34+00:00,success,331
workflow_005755,pipeline_002663,project_00063,org_0064,deploy,2026-06-11T07:30:37+00:00,success,3507
workflow_005756,pipeline_001337,project_00047,org_0081,integration-tests,2026-02-06T00:44:44+00:00,success,1407
workflow_005757,pipeline_000042,project_00132,org_0076,deploy,2026-03-03T17:43:50+00:00,success,2831
workflow_005758,pipeline_002013,project_00037,org_0005,integration-tests,2026-01-17T12:38:25+00:00,success,738
workflow_005759,pipeline_002736,project_00014,org_0026,integration-tests,2026-06-29T09:39:01+00:00,success,156
workflow_005760,pipeline_000922,project_00016,org_0027,lint,2026-01-13T22:47:08+00:00,success,1443
workflow_005761,pipeline_002593,project_00094,org_0050,deploy,2026-01-01T20:59:06+00:00,success,470
workflow_005762,pipeline_002704,project_00195,org_0082,deploy,2026-06-19T23:04:19+00:00,success,1057
workflow_005763,pipeline_001405,project_00091,org_0085,deploy,2026-07-04T00:25:01+00:00,failed,1865
workflow_005764,pipeline_002821,project_00081,org_0100,test,2026-06-14T12:09:04+00:00,success,3431
workflow_005765,pipeline_000402,project_00134,org_0053,integration-tests,2026-02-12T10:54:06+00:00,success,224
workflow_005766,pipeline_002997,project_00021,org_0079,deploy,2026-08-17T13:36:07+00:00,success,1679
workflow_005767,pipeline_002054,project_00186,org_0005,lint,2026-01-06T05:20:13+00:00,success,1898
workflow_005768,pipeline_000275,project_00098,org_0088,deploy,2026-08-27T07:45:39+00:00,failed,3195
workflow_005769,pipeline_001631,project_00018,org_0047,test,2026-05-17T02:27:24+00:00,success,3508
workflow_005770,pipeline_002551,project_00097,org_0073,test,2026-05-14T20:59:57+00:00,failed,2502
workflow_005771,pipeline_000296,project_00057,org_0049,integration-tests,2026-04-13T03:09:13+00:00,success,3304
workflow_005772,pipeline_002963,project_00110,org_0016,integration-tests,2026-01-18T17:05:21+00:00,canceled,1004
workflow_005773,pipeline_002080,project_00072,org_0081,integration-tests,2026-03-30T10:41:02+00:00,failed,46
workflow_005774,pipeline_002921,project_00157,org_0058,build-and-test,2026-03-11T03:04:57+00:00,success,1162
workflow_005775,pipeline_002405,project_00126,org_0016,lint,2026-04-17T08:54:33+00:00,success,1724
workflow_005776,pipeline_001099,project_00075,org_0017,integration-tests,2026-05-27T07:10:44+00:00,success,1668
workflow_005777,pipeline_002974,project_00118,org_0073,build-and-test,2026-05-27T09:40:47+00:00,success,1471
workflow_005778,pipeline_001805,project_00116,org_0081,lint,2026-04-30T14:55:31+00:00,failed,593
workflow_005779,pipeline_002082,project_00028,org_0055,deploy,2026-01-26T23:36:35+00:00,canceled,2910
workflow_005780,pipeline_001585,project_00119,org_0033,build-and-test,2026-05-04T20:25:08+00:00,failed,2714
workflow_005781,pipeline_001343,project_00002,org_0014,test,2026-03-03T12:17:08+00:00,failed,2338
workflow_005782,pipeline_002730,project_00132,org_0076,build-and-test,2026-02-17T15:03:28+00:00,failed,566
workflow_005783,pipeline_002305,project_00106,org_0082,test,2026-06-05T06:52:43+00:00,success,1109
workflow_005784,pipeline_002378,project_00135,org_0045,test,2026-08-23T03:29:42+00:00,success,3521
workflow_005785,pipeline_001049,project_00196,org_0023,test,2026-06-19T10:35:29+00:00,success,3444
workflow_005786,pipeline_001677,project_00096,org_0047,lint,2026-08-07T22:42:42+00:00,success,1003
workflow_005787,pipeline_002222,project_00118,org_0073,integration-tests,2026-07-28T17:00:40+00:00,failed,1435
workflow_005788,pipeline_002562,project_00117,org_0066,test,2026-06-08T08:53:16+00:00,success,3047
workflow_005789,pipeline_000140,project_00191,org_0076,integration-tests,2026-08-06T23:25:14+00:00,failed,2886
workflow_005790,pipeline_001506,project_00128,org_0060,integration-tests,2026-01-14T02:37:49+00:00,success,1669
workflow_005791,pipeline_001817,project_00147,org_0018,integration-tests,2026-03-19T16:04:55+00:00,success,883
workflow_005792,pipeline_002312,project_00097,org_0073,test,2026-02-02T04:28:56+00:00,canceled,3129
workflow_005793,pipeline_002422,project_00145,org_0051,deploy,2026-05-19T14:25:57+00:00,success,92
workflow_005794,pipeline_000480,project_00036,org_0011,integration-tests,2026-08-14T13:08:56+00:00,failed,386
workflow_005795,pipeline_000632,project_00122,org_0050,lint,2026-07-24T00:09:38+00:00,success,1598
workflow_005796,pipeline_000435,project_00158,org_0014,integration-tests,2026-06-11T00:39:04+00:00,failed,2779
workflow_005797,pipeline_000942,project_00053,org_0084,lint,2026-06-05T11:11:00+00:00,success,2205
workflow_005798,pipeline_002019,project_00096,org_0047,integration-tests,2026-04-30T04:30:21+00:00,success,1825
workflow_005799,pipeline_000557,project_00086,org_0013,build-and-test,2026-01-25T13:16:14+00:00,success,149
workflow_005800,pipeline_000916,project_00177,org_0029,deploy,2026-06-14T14:17:27+00:00,success,2279
workflow_005801,pipeline_000411,project_00024,org_0011,build-and-test,2026-02-14T08:05:39+00:00,success,3136
workflow_005802,pipeline_002367,project_00165,org_0074,integration-tests,2026-05-24T06:07:30+00:00,success,3521
workflow_005803,pipeline_001953,project_00090,org_0077,lint,2026-02-01T16:16:21+00:00,running,1844
workflow_005804,pipeline_000672,project_00189,org_0026,build-and-test,2026-05-02T04:06:54+00:00,success,1847
workflow_005805,pipeline_000916,project_00177,org_0029,test,2026-06-14T14:17:27+00:00,failed,2091
workflow_005806,pipeline_000917,project_00085,org_0088,lint,2026-05-01T16:55:14+00:00,success,2008
workflow_005807,pipeline_000004,project_00003,org_0015,lint,2026-04-13T23:57:32+00:00,success,2402
workflow_005808,pipeline_002577,project_00032,org_0046,build-and-test,2026-03-15T22:32:14+00:00,success,2730
workflow_005809,pipeline_001336,project_00118,org_0073,lint,2026-08-20T10:08:19+00:00,failed,3466
workflow_005810,pipeline_000794,project_00047,org_0081,integration-tests,2026-06-02T14:37:40+00:00,success,1989
workflow_005811,pipeline_000140,project_00191,org_0076,test,2026-08-06T23:25:14+00:00,success,3383
workflow_005812,pipeline_001846,project_00066,org_0081,deploy,2026-07-17T13:45:22+00:00,success,340
workflow_005813,pipeline_001608,project_00130,org_0026,test,2026-04-05T23:58:05+00:00,failed,53
workflow_005814,pipeline_002419,project_00146,org_0035,test,2026-05-13T13:06:42+00:00,success,1773
workflow_005815,pipeline_002252,project_00041,org_0047,integration-tests,2026-03-07T10:55:19+00:00,success,1017
workflow_005816,pipeline_002944,project_00145,org_0051,build-and-test,2026-03-12T23:33:39+00:00,failed,2149
workflow_005817,pipeline_002059,project_00083,org_0057,lint,2026-08-31T21:37:57+00:00,success,268
workflow_005818,pipeline_000659,project_00028,org_0055,test,2026-01-13T17:39:00+00:00,success,417
workflow_005819,pipeline_000560,project_00200,org_0024,integration-tests,2026-03-03T06:22:14+00:00,failed,1760
workflow_005820,pipeline_001719,project_00118,org_0073,deploy,2026-01-16T18:48:05+00:00,success,2058
workflow_005821,pipeline_002083,project_00037,org_0005,build-and-test,2026-04-02T07:46:45+00:00,failed,2338
workflow_005822,pipeline_001343,project_00002,org_0014,integration-tests,2026-03-03T12:17:08+00:00,success,87
workflow_005823,pipeline_000372,project_00160,org_0052,test,2026-02-24T21:27:12+00:00,success,3437
workflow_005824,pipeline_001293,project_00125,org_0035,integration-tests,2026-03-24T13:54:12+00:00,failed,3178
workflow_005825,pipeline_000054,project_00131,org_0095,build-and-test,2026-05-26T08:04:27+00:00,success,2405
workflow_005826,pipeline_002751,project_00045,org_0057,build-and-test,2026-01-17T10:14:09+00:00,canceled,173
workflow_005827,pipeline_001847,project_00098,org_0088,deploy,2026-06-13T02:48:49+00:00,success,1341
workflow_005828,pipeline_001056,project_00043,org_0095,lint,2026-06-15T18:43:49+00:00,success,3135
workflow_005829,pipeline_002905,project_00099,org_0003,deploy,2026-08-22T20:11:41+00:00,success,3013
workflow_005830,pipeline_002033,project_00144,org_0031,test,2026-08-03T12:00:24+00:00,success,1676
workflow_005831,pipeline_002345,project_00172,org_0018,deploy,2026-08-14T01:55:31+00:00,failed,2635
workflow_005832,pipeline_000133,project_00182,org_0031,integration-tests,2026-03-11T01:20:04+00:00,success,458
workflow_005833,pipeline_000863,project_00056,org_0074,build-and-test,2026-03-13T02:24:09+00:00,success,1332
workflow_005834,pipeline_002357,project_00001,org_0020,lint,2026-04-04T00:46:51+00:00,success,2174
workflow_005835,pipeline_000898,project_00156,org_0034,deploy,2026-07-05T01:34:18+00:00,success,84
workflow_005836,pipeline_001435,project_00008,org_0003,test,2026-08-06T01:24:37+00:00,success,2734
workflow_005837,pipeline_002219,project_00149,org_0053,test,2026-07-21T23:48:05+00:00,success,2937
workflow_005838,pipeline_000718,project_00062,org_0051,test,2026-02-14T02:26:33+00:00,success,454
workflow_005839,pipeline_000355,project_00039,org_0096,integration-tests,2026-05-07T22:17:29+00:00,success,834
workflow_005840,pipeline_001448,project_00124,org_0032,integration-tests,2026-03-13T11:24:49+00:00,success,3093
workflow_005841,pipeline_000059,project_00076,org_0002,integration-tests,2026-04-11T18:01:41+00:00,success,2740
workflow_005842,pipeline_002366,project_00169,org_0005,test,2026-07-11T23:54:38+00:00,success,773
workflow_005843,pipeline_001285,project_00113,org_0017,integration-tests,2026-05-23T10:11:32+00:00,success,2589
workflow_005844,pipeline_002416,project_00073,org_0055,build-and-test,2026-04-08T21:43:50+00:00,failed,964
workflow_005845,pipeline_000572,project_00008,org_0003,deploy,2026-07-08T09:05:59+00:00,success,2936
workflow_005846,pipeline_001834,project_00118,org_0073,lint,2026-03-19T19:13:31+00:00,running,1624
workflow_005847,pipeline_001763,project_00185,org_0064,build-and-test,2026-03-07T14:45:37+00:00,running,1616
workflow_005848,pipeline_000678,project_00032,org_0046,integration-tests,2026-04-01T10:30:08+00:00,success,1341
workflow_005849,pipeline_000291,project_00040,org_0015,deploy,2026-04-28T21:30:16+00:00,failed,3435
workflow_005850,pipeline_001269,project_00193,org_0076,build-and-test,2026-04-20T16:10:44+00:00,success,2340
workflow_005851,pipeline_002507,project_00086,org_0013,lint,2026-07-03T09:54:12+00:00,success,2216
workflow_005852,pipeline_001889,project_00036,org_0011,test,2026-02-25T20:14:04+00:00,success,2896
workflow_005853,pipeline_002673,project_00047,org_0081,deploy,2026-03-09T00:13:31+00:00,success,439
workflow_005854,pipeline_002092,project_00081,org_0100,deploy,2026-07-18T10:29:48+00:00,success,689
workflow_005855,pipeline_002829,project_00110,org_0016,integration-tests,2026-07-05T18:41:02+00:00,success,2625
workflow_005856,pipeline_002554,project_00050,org_0077,lint,2026-04-14T17:03:32+00:00,failed,768
workflow_005857,pipeline_001577,project_00073,org_0055,lint,2026-02-21T04:23:23+00:00,success,713
workflow_005858,pipeline_000019,project_00126,org_0016,lint,2026-04-13T22:01:12+00:00,success,1295
workflow_005859,pipeline_002291,project_00024,org_0011,build-and-test,2026-08-28T13:41:08+00:00,success,510
workflow_005860,pipeline_000912,project_00083,org_0057,deploy,2026-06-17T23:38:28+00:00,failed,461
workflow_005861,pipeline_000319,project_00065,org_0044,lint,2026-01-16T08:03:35+00:00,success,261
workflow_005862,pipeline_001398,project_00180,org_0035,lint,2026-06-07T02:46:00+00:00,failed,1692
workflow_005863,pipeline_001853,project_00096,org_0047,lint,2026-08-28T20:01:48+00:00,success,589
workflow_005864,pipeline_002885,project_00113,org_0017,integration-tests,2026-01-29T22:41:48+00:00,success,582
workflow_005865,pipeline_000137,project_00052,org_0018,deploy,2026-04-14T16:25:04+00:00,success,669
workflow_005866,pipeline_002174,project_00117,org_0066,lint,2026-05-28T12:28:08+00:00,success,1823
workflow_005867,pipeline_001106,project_00118,org_0073,build-and-test,2026-03-05T13:44:34+00:00,success,2586
workflow_005868,pipeline_000761,project_00011,org_0043,deploy,2026-08-14T10:31:48+00:00,success,82
workflow_005869,pipeline_000857,project_00181,org_0050,lint,2026-07-19T07:14:07+00:00,success,1823
workflow_005870,pipeline_002003,project_00176,org_0024,integration-tests,2026-01-26T07:04:05+00:00,success,2465
workflow_005871,pipeline_002636,project_00025,org_0031,deploy,2026-04-03T11:42:28+00:00,success,2475
workflow_005872,pipeline_001934,project_00178,org_0061,deploy,2026-02-22T05:33:49+00:00,success,1429
workflow_005873,pipeline_001907,project_00152,org_0021,build-and-test,2026-02-08T06:48:06+00:00,success,1688
workflow_005874,pipeline_001155,project_00180,org_0035,integration-tests,2026-07-27T12:16:05+00:00,failed,1982
workflow_005875,pipeline_001060,project_00001,org_0020,test,2026-02-07T14:54:00+00:00,success,3081
workflow_005876,pipeline_001267,project_00022,org_0045,test,2026-08-10T09:55:45+00:00,success,1489
workflow_005877,pipeline_000728,project_00055,org_0032,test,2026-04-17T14:57:59+00:00,success,1260
workflow_005878,pipeline_001218,project_00146,org_0035,integration-tests,2026-07-10T11:57:45+00:00,success,3536
workflow_005879,pipeline_001324,project_00082,org_0009,deploy,2026-05-11T03:15:52+00:00,failed,2711
workflow_005880,pipeline_002473,project_00044,org_0058,integration-tests,2026-08-13T00:24:01+00:00,canceled,2926
workflow_005881,pipeline_000461,project_00157,org_0058,integration-tests,2026-05-12T13:16:31+00:00,success,456
workflow_005882,pipeline_000422,project_00038,org_0037,build-and-test,2026-01-13T14:17:20+00:00,success,1802
workflow_005883,pipeline_001952,project_00128,org_0060,deploy,2026-02-05T05:42:24+00:00,failed,2255
workflow_005884,pipeline_001411,project_00029,org_0089,build-and-test,2026-04-15T19:59:57+00:00,success,1782
workflow_005885,pipeline_001175,project_00004,org_0044,lint,2026-04-02T20:23:08+00:00,success,181
workflow_005886,pipeline_002659,project_00074,org_0001,test,2026-03-23T05:25:36+00:00,success,1724
workflow_005887,pipeline_002180,project_00116,org_0081,build-and-test,2026-04-24T22:35:17+00:00,running,2260
workflow_005888,pipeline_000829,project_00032,org_0046,integration-tests,2026-03-20T09:45:15+00:00,failed,307
workflow_005889,pipeline_002388,project_00167,org_0023,deploy,2026-08-09T23:36:22+00:00,success,1355
workflow_005890,pipeline_002878,project_00076,org_0002,build-and-test,2026-03-15T12:52:39+00:00,success,2016
workflow_005891,pipeline_001311,project_00032,org_0046,integration-tests,2026-07-13T20:14:05+00:00,canceled,241
workflow_005892,pipeline_001019,project_00100,org_0028,test,2026-03-24T15:08:27+00:00,failed,1439
workflow_005893,pipeline_001544,project_00063,org_0064,deploy,2026-06-08T07:16:11+00:00,failed,3528
workflow_005894,pipeline_000847,project_00077,org_0016,integration-tests,2026-08-11T07:29:00+00:00,success,1030
workflow_005895,pipeline_001232,project_00020,org_0068,integration-tests,2026-08-28T02:42:35+00:00,running,1502
workflow_005896,pipeline_000567,project_00195,org_0082,test,2026-07-29T14:34:52+00:00,failed,1881
workflow_005897,pipeline_000220,project_00073,org_0055,test,2026-08-21T08:29:19+00:00,success,3567
workflow_005898,pipeline_001382,project_00055,org_0032,lint,2026-01-06T02:21:46+00:00,failed,2643
workflow_005899,pipeline_000547,project_00137,org_0014,lint,2026-06-24T11:50:50+00:00,success,2257
workflow_005900,pipeline_000031,project_00118,org_0073,deploy,2026-01-05T19:14:20+00:00,failed,1133
workflow_005901,pipeline_002774,project_00104,org_0040,deploy,2026-02-05T12:52:34+00:00,success,1576
workflow_005902,pipeline_000451,project_00188,org_0062,integration-tests,2026-07-23T08:33:58+00:00,failed,1626
workflow_005903,pipeline_000659,project_00028,org_0055,integration-tests,2026-01-13T17:39:00+00:00,canceled,1577
workflow_005904,pipeline_002376,project_00020,org_0068,lint,2026-07-13T12:22:18+00:00,canceled,1057
workflow_005905,pipeline_001972,project_00100,org_0028,lint,2026-04-29T19:10:19+00:00,failed,766
workflow_005906,pipeline_000884,project_00082,org_0009,lint,2026-06-30T12:28:09+00:00,success,2833
workflow_005907,pipeline_002280,project_00076,org_0002,test,2026-05-26T06:15:53+00:00,success,1173
workflow_005908,pipeline_001924,project_00038,org_0037,integration-tests,2026-05-13T02:33:28+00:00,failed,3110
workflow_005909,pipeline_002847,project_00175,org_0065,deploy,2026-08-30T02:10:56+00:00,success,423
workflow_005910,pipeline_002338,project_00124,org_0032,deploy,2026-07-14T14:22:30+00:00,canceled,3292
workflow_005911,pipeline_002502,project_00195,org_0082,deploy,2026-07-16T01:52:57+00:00,success,2372
workflow_005912,pipeline_001150,project_00105,org_0020,build-and-test,2026-05-02T10:55:09+00:00,failed,2949
workflow_005913,pipeline_000720,project_00052,org_0018,deploy,2026-03-03T21:19:43+00:00,success,3117
workflow_005914,pipeline_002856,project_00018,org_0047,build-and-test,2026-06-03T22:08:50+00:00,failed,3160
workflow_005915,pipeline_001605,project_00132,org_0076,deploy,2026-01-10T02:24:05+00:00,success,2836
workflow_005916,pipeline_002375,project_00072,org_0081,test,2026-05-13T00:28:53+00:00,failed,418
workflow_005917,pipeline_002056,project_00171,org_0008,test,2026-02-11T02:25:57+00:00,success,1537
workflow_005918,pipeline_001140,project_00027,org_0054,build-and-test,2026-02-17T23:08:09+00:00,failed,2540
workflow_005919,pipeline_000673,project_00142,org_0065,test,2026-06-08T04:08:43+00:00,success,2200
workflow_005920,pipeline_000980,project_00040,org_0015,build-and-test,2026-05-09T06:09:28+00:00,success,44
workflow_005921,pipeline_000210,project_00106,org_0082,deploy,2026-08-22T08:13:21+00:00,success,950
workflow_005922,pipeline_000115,project_00155,org_0066,deploy,2026-08-29T10:06:53+00:00,canceled,679
workflow_005923,pipeline_002069,project_00173,org_0032,deploy,2026-06-23T04:23:15+00:00,success,811
workflow_005924,pipeline_001337,project_00047,org_0081,test,2026-02-06T00:44:44+00:00,failed,67
workflow_005925,pipeline_001264,project_00008,org_0003,lint,2026-04-04T00:34:50+00:00,success,3122
workflow_005926,pipeline_002240,project_00060,org_0001,lint,2026-02-08T23:29:04+00:00,success,440
workflow_005927,pipeline_001748,project_00058,org_0052,integration-tests,2026-02-23T19:35:06+00:00,success,1818
workflow_005928,pipeline_002680,project_00064,org_0044,deploy,2026-01-08T14:18:55+00:00,success,635
workflow_005929,pipeline_001502,project_00014,org_0026,build-and-test,2026-05-15T14:52:35+00:00,success,737
workflow_005930,pipeline_002212,project_00121,org_0032,lint,2026-05-11T21:46:08+00:00,canceled,1315
workflow_005931,pipeline_001581,project_00169,org_0005,test,2026-03-11T22:19:16+00:00,canceled,891
workflow_005932,pipeline_001221,project_00186,org_0005,lint,2026-07-24T13:55:55+00:00,success,2836
workflow_005933,pipeline_002786,project_00144,org_0031,integration-tests,2026-05-12T06:33:19+00:00,failed,2234
workflow_005934,pipeline_000717,project_00074,org_0001,deploy,2026-03-04T08:45:15+00:00,success,726
workflow_005935,pipeline_001481,project_00129,org_0012,integration-tests,2026-05-02T06:16:53+00:00,success,2162
workflow_005936,pipeline_002450,project_00120,org_0030,test,2026-02-05T08:24:43+00:00,success,2751
workflow_005937,pipeline_000875,project_00083,org_0057,lint,2026-06-06T01:01:39+00:00,success,1654
workflow_005938,pipeline_000829,project_00032,org_0046,deploy,2026-03-20T09:45:15+00:00,success,2299
workflow_005939,pipeline_001203,project_00156,org_0034,lint,2026-04-16T10:30:33+00:00,success,1951
workflow_005940,pipeline_000646,project_00050,org_0077,lint,2026-03-13T03:59:25+00:00,canceled,653
workflow_005941,pipeline_002106,project_00014,org_0026,build-and-test,2026-05-07T19:33:18+00:00,success,879
workflow_005942,pipeline_002872,project_00054,org_0032,lint,2026-03-08T22:54:27+00:00,success,231
workflow_005943,pipeline_002112,project_00194,org_0042,test,2026-05-20T22:23:49+00:00,failed,2764
workflow_005944,pipeline_002047,project_00098,org_0088,test,2026-05-31T20:07:25+00:00,success,2617
workflow_005945,pipeline_000370,project_00121,org_0032,lint,2026-01-09T20:01:40+00:00,failed,1011
workflow_005946,pipeline_001041,project_00124,org_0032,deploy,2026-01-08T16:39:09+00:00,failed,2814
workflow_005947,pipeline_000142,project_00014,org_0026,deploy,2026-01-06T00:50:41+00:00,canceled,280
workflow_005948,pipeline_002922,project_00081,org_0100,build-and-test,2026-03-14T04:59:28+00:00,success,992
workflow_005949,pipeline_001538,project_00156,org_0034,lint,2026-07-03T10:25:36+00:00,success,3109
workflow_005950,pipeline_000589,project_00092,org_0078,integration-tests,2026-04-25T20:57:59+00:00,success,3458
workflow_005951,pipeline_001304,project_00038,org_0037,test,2026-05-06T17:24:22+00:00,success,3102
workflow_005952,pipeline_000011,project_00087,org_0094,integration-tests,2026-08-19T16:45:57+00:00,success,1888
workflow_005953,pipeline_002521,project_00196,org_0023,lint,2026-01-11T14:10:13+00:00,success,2384
workflow_005954,pipeline_001442,project_00190,org_0042,build-and-test,2026-01-21T14:11:04+00:00,failed,456
workflow_005955,pipeline_002597,project_00167,org_0023,build-and-test,2026-03-09T15:47:56+00:00,success,2188
workflow_005956,pipeline_001749,project_00147,org_0018,build-and-test,2026-06-08T18:03:41+00:00,success,3024
workflow_005957,pipeline_001699,project_00128,org_0060,build-and-test,2026-03-15T00:00:45+00:00,failed,3267
workflow_005958,pipeline_000247,project_00081,org_0100,deploy,2026-06-10T04:05:19+00:00,failed,55
workflow_005959,pipeline_001214,project_00161,org_0075,lint,2026-08-23T16:52:22+00:00,success,2639
workflow_005960,pipeline_000426,project_00024,org_0011,lint,2026-04-27T05:37:36+00:00,success,2733
workflow_005961,pipeline_001375,project_00013,org_0051,deploy,2026-04-29T04:11:21+00:00,success,2627
workflow_005962,pipeline_002557,project_00154,org_0012,build-and-test,2026-06-01T17:20:09+00:00,canceled,2975
workflow_005963,pipeline_001556,project_00095,org_0082,deploy,2026-06-26T03:10:46+00:00,canceled,1166
workflow_005964,pipeline_000298,project_00069,org_0084,build-and-test,2026-06-10T08:32:35+00:00,success,2596
workflow_005965,pipeline_002014,project_00103,org_0011,integration-tests,2026-02-18T13:18:36+00:00,success,1338
workflow_005966,pipeline_001928,project_00058,org_0052,deploy,2026-06-21T00:24:52+00:00,failed,634
workflow_005967,pipeline_000312,project_00029,org_0089,lint,2026-04-02T15:21:39+00:00,success,757
workflow_005968,pipeline_002799,project_00050,org_0077,test,2026-04-23T07:05:36+00:00,success,896
workflow_005969,pipeline_002150,project_00139,org_0092,integration-tests,2026-02-26T13:58:56+00:00,success,1119
workflow_005970,pipeline_001042,project_00153,org_0006,build-and-test,2026-07-28T15:02:43+00:00,success,3307
workflow_005971,pipeline_000278,project_00168,org_0036,build-and-test,2026-04-24T03:38:16+00:00,failed,3126
workflow_005972,pipeline_000703,project_00177,org_0029,integration-tests,2026-03-21T23:12:16+00:00,success,128
workflow_005973,pipeline_000692,project_00147,org_0018,deploy,2026-07-02T11:01:28+00:00,success,134
workflow_005974,pipeline_001418,project_00032,org_0046,build-and-test,2026-06-18T08:08:11+00:00,failed,1806
workflow_005975,pipeline_001821,project_00118,org_0073,build-and-test,2026-05-21T15:59:02+00:00,success,1421
workflow_005976,pipeline_000959,project_00164,org_0006,deploy,2026-08-15T19:06:45+00:00,success,3209
workflow_005977,pipeline_000500,project_00149,org_0053,lint,2026-05-02T08:42:30+00:00,failed,1073
workflow_005978,pipeline_001865,project_00169,org_0005,integration-tests,2026-02-01T22:03:24+00:00,failed,1491
workflow_005979,pipeline_001047,project_00126,org_0016,build-and-test,2026-04-30T13:00:17+00:00,success,3305
workflow_005980,pipeline_002263,project_00003,org_0015,deploy,2026-05-07T09:40:24+00:00,success,3136
workflow_005981,pipeline_002372,project_00031,org_0041,deploy,2026-08-31T16:55:26+00:00,success,3391
workflow_005982,pipeline_000737,project_00021,org_0079,integration-tests,2026-07-10T22:54:01+00:00,canceled,2278
workflow_005983,pipeline_000296,project_00057,org_0049,test,2026-04-13T03:09:13+00:00,failed,771
workflow_005984,pipeline_000195,project_00093,org_0038,integration-tests,2026-05-31T17:17:23+00:00,success,2815
workflow_005985,pipeline_001451,project_00131,org_0095,deploy,2026-08-01T07:26:11+00:00,success,1834
workflow_005986,pipeline_001608,project_00130,org_0026,integration-tests,2026-04-05T23:58:05+00:00,success,3369
workflow_005987,pipeline_000647,project_00083,org_0057,lint,2026-05-03T19:17:41+00:00,success,710
workflow_005988,pipeline_001369,project_00071,org_0048,build-and-test,2026-05-04T04:25:18+00:00,failed,3139
workflow_005989,pipeline_000234,project_00199,org_0090,lint,2026-03-10T01:38:43+00:00,failed,2948
workflow_005990,pipeline_000557,project_00086,org_0013,test,2026-01-25T13:16:14+00:00,failed,2488
workflow_005991,pipeline_000260,project_00173,org_0032,deploy,2026-03-23T20:21:16+00:00,failed,1239
workflow_005992,pipeline_000978,project_00058,org_0052,build-and-test,2026-06-12T18:44:10+00:00,success,2848
workflow_005993,pipeline_000692,project_00147,org_0018,test,2026-07-02T11:01:28+00:00,success,3125
workflow_005994,pipeline_000690,project_00126,org_0016,lint,2026-06-17T06:14:20+00:00,success,1657
workflow_005995,pipeline_000623,project_00057,org_0049,deploy,2026-06-23T04:46:00+00:00,success,2101
workflow_005996,pipeline_001154,project_00104,org_0040,test,2026-01-06T09:33:35+00:00,success,2811
workflow_005997,pipeline_000951,project_00037,org_0005,lint,2026-02-20T19:05:41+00:00,success,1483
workflow_005998,pipeline_001053,project_00064,org_0044,deploy,2026-08-22T20:26:18+00:00,success,2454
workflow_005999,pipeline_001090,project_00029,org_0089,deploy,2026-02-04T14:50:22+00:00,failed,2332
workflow_006000,pipeline_001460,project_00196,org_0023,integration-tests,2026-04-28T15:30:40+00:00,success,950
workflow_006001,pipeline_000108,project_00143,org_0010,integration-tests,2026-08-27T00:46:21+00:00,success,1073
workflow_006002,pipeline_000394,project_00060,org_0001,test,2026-03-31T16:15:33+00:00,success,2714
workflow_006003,pipeline_001007,project_00156,org_0034,deploy,2026-02-09T00:52:07+00:00,success,221
workflow_006004,pipeline_002111,project_00039,org_0096,test,2026-02-09T17:04:08+00:00,failed,1392
workflow_006005,pipeline_000235,project_00169,org_0005,test,2026-07-21T05:32:19+00:00,canceled,2123
workflow_006006,pipeline_002030,project_00115,org_0035,build-and-test,2026-07-04T12:08:05+00:00,success,143
workflow_006007,pipeline_001291,project_00022,org_0045,build-and-test,2026-03-12T00:16:10+00:00,success,895
workflow_006008,pipeline_001912,project_00106,org_0082,lint,2026-01-12T00:28:12+00:00,success,273
workflow_006009,pipeline_002517,project_00094,org_0050,build-and-test,2026-01-09T06:06:12+00:00,success,1213
workflow_006010,pipeline_001054,project_00030,org_0063,lint,2026-02-05T20:21:08+00:00,success,978
workflow_006011,pipeline_002327,project_00198,org_0017,build-and-test,2026-05-10T05:15:06+00:00,failed,1961
workflow_006012,pipeline_000512,project_00061,org_0082,lint,2026-06-20T22:49:17+00:00,canceled,3528
workflow_006013,pipeline_002926,project_00130,org_0026,build-and-test,2026-08-11T22:05:27+00:00,success,2938
workflow_006014,pipeline_001050,project_00182,org_0031,test,2026-07-09T18:17:08+00:00,success,2813
workflow_006015,pipeline_002065,project_00106,org_0082,test,2026-07-16T18:21:42+00:00,canceled,2200
workflow_006016,pipeline_001623,project_00103,org_0011,test,2026-01-04T14:17:44+00:00,success,2023
workflow_006017,pipeline_000853,project_00055,org_0032,lint,2026-06-23T06:33:02+00:00,success,1169
workflow_006018,pipeline_002453,project_00033,org_0025,lint,2026-04-04T09:27:47+00:00,success,50
workflow_006019,pipeline_001813,project_00072,org_0081,deploy,2026-08-24T14:53:56+00:00,success,1580
workflow_006020,pipeline_002989,project_00178,org_0061,build-and-test,2026-02-24T22:33:07+00:00,failed,3516
workflow_006021,pipeline_001925,project_00027,org_0054,test,2026-04-25T03:27:38+00:00,success,57
workflow_006022,pipeline_002287,project_00014,org_0026,build-and-test,2026-07-20T18:45:58+00:00,success,820
workflow_006023,pipeline_001788,project_00082,org_0009,integration-tests,2026-01-29T08:55:03+00:00,success,2082
workflow_006024,pipeline_002620,project_00175,org_0065,deploy,2026-07-26T21:09:10+00:00,success,3542
workflow_006025,pipeline_000544,project_00125,org_0035,integration-tests,2026-02-02T22:58:32+00:00,success,2428
workflow_006026,pipeline_002561,project_00162,org_0009,test,2026-08-24T13:18:13+00:00,success,914
workflow_006027,pipeline_002380,project_00148,org_0022,deploy,2026-03-24T10:52:37+00:00,failed,509
workflow_006028,pipeline_001648,project_00096,org_0047,build-and-test,2026-03-11T12:27:11+00:00,success,2519
workflow_006029,pipeline_002903,project_00131,org_0095,test,2026-05-03T01:59:49+00:00,success,1836
workflow_006030,pipeline_001530,project_00019,org_0015,deploy,2026-06-15T15:02:17+00:00,failed,1793
workflow_006031,pipeline_001716,project_00064,org_0044,integration-tests,2026-03-10T01:17:45+00:00,success,2319
workflow_006032,pipeline_000211,project_00169,org_0005,deploy,2026-07-18T09:02:48+00:00,success,434
workflow_006033,pipeline_001751,project_00191,org_0076,deploy,2026-08-22T12:55:08+00:00,success,2173
workflow_006034,pipeline_000285,project_00161,org_0075,lint,2026-02-19T02:14:33+00:00,success,1101
workflow_006035,pipeline_002653,project_00009,org_0087,integration-tests,2026-07-22T15:24:23+00:00,success,1415
workflow_006036,pipeline_001000,project_00194,org_0042,lint,2026-02-10T20:45:50+00:00,success,1126
workflow_006037,pipeline_000642,project_00188,org_0062,integration-tests,2026-08-12T09:50:46+00:00,failed,2140
workflow_006038,pipeline_000943,project_00003,org_0015,integration-tests,2026-01-29T15:13:27+00:00,success,886
workflow_006039,pipeline_002557,project_00154,org_0012,test,2026-06-01T17:20:09+00:00,success,1531
workflow_006040,pipeline_000556,project_00036,org_0011,lint,2026-05-05T21:26:05+00:00,success,2706
workflow_006041,pipeline_002201,project_00043,org_0095,test,2026-04-06T22:50:20+00:00,success,2487
workflow_006042,pipeline_002290,project_00170,org_0064,lint,2026-06-20T19:48:21+00:00,failed,1218
workflow_006043,pipeline_002887,project_00166,org_0064,build-and-test,2026-06-02T14:54:28+00:00,success,1070
workflow_006044,pipeline_002538,project_00099,org_0003,integration-tests,2026-08-09T21:14:19+00:00,success,2978
workflow_006045,pipeline_001248,project_00054,org_0032,lint,2026-03-29T05:18:15+00:00,running,1145
workflow_006046,pipeline_002980,project_00189,org_0026,lint,2026-01-13T09:46:46+00:00,success,3591
workflow_006047,pipeline_002680,project_00064,org_0044,lint,2026-01-08T14:18:55+00:00,failed,181
workflow_006048,pipeline_001129,project_00061,org_0082,integration-tests,2026-01-15T06:23:06+00:00,canceled,193
workflow_006049,pipeline_002359,project_00131,org_0095,lint,2026-02-17T10:01:52+00:00,success,307
workflow_006050,pipeline_002471,project_00145,org_0051,test,2026-02-17T17:54:20+00:00,success,3273
workflow_006051,pipeline_001595,project_00168,org_0036,test,2026-01-20T02:43:08+00:00,success,1876
workflow_006052,pipeline_000955,project_00131,org_0095,integration-tests,2026-08-15T20:02:27+00:00,success,3224
workflow_006053,pipeline_000129,project_00071,org_0048,deploy,2026-06-04T12:25:01+00:00,failed,1057
workflow_006054,pipeline_000087,project_00108,org_0012,test,2026-02-09T05:12:01+00:00,success,1674
workflow_006055,pipeline_002218,project_00176,org_0024,integration-tests,2026-05-21T09:18:08+00:00,success,239
workflow_006056,pipeline_002126,project_00008,org_0003,build-and-test,2026-06-23T00:45:57+00:00,success,478
workflow_006057,pipeline_002891,project_00095,org_0082,lint,2026-08-07T03:24:11+00:00,canceled,1315
workflow_006058,pipeline_001759,project_00184,org_0073,integration-tests,2026-08-24T17:26:05+00:00,success,908
workflow_006059,pipeline_000130,project_00036,org_0011,lint,2026-06-10T07:03:59+00:00,failed,691
workflow_006060,pipeline_000427,project_00195,org_0082,integration-tests,2026-06-15T22:56:48+00:00,success,2103
workflow_006061,pipeline_001870,project_00004,org_0044,lint,2026-02-25T12:25:55+00:00,failed,2804
workflow_006062,pipeline_002945,project_00197,org_0023,lint,2026-05-07T01:02:53+00:00,canceled,2390
workflow_006063,pipeline_002410,project_00165,org_0074,build-and-test,2026-03-29T02:46:27+00:00,success,2103
workflow_006064,pipeline_001895,project_00060,org_0001,deploy,2026-06-20T04:59:27+00:00,success,1042
workflow_006065,pipeline_001263,project_00070,org_0012,build-and-test,2026-02-12T02:22:10+00:00,success,1110
workflow_006066,pipeline_002204,project_00116,org_0081,test,2026-08-24T12:23:52+00:00,success,2307
workflow_006067,pipeline_002925,project_00081,org_0100,lint,2026-01-06T17:04:06+00:00,success,482
workflow_006068,pipeline_000596,project_00029,org_0089,lint,2026-05-29T17:23:57+00:00,success,1984
workflow_006069,pipeline_002844,project_00079,org_0012,deploy,2026-05-23T16:40:12+00:00,success,303
workflow_006070,pipeline_002267,project_00183,org_0076,deploy,2026-04-07T09:31:46+00:00,failed,2433
workflow_006071,pipeline_000482,project_00051,org_0038,deploy,2026-03-21T20:54:20+00:00,failed,3135
workflow_006072,pipeline_002303,project_00028,org_0055,integration-tests,2026-02-27T11:11:55+00:00,success,2217
workflow_006073,pipeline_002085,project_00176,org_0024,test,2026-08-29T04:39:11+00:00,canceled,704
workflow_006074,pipeline_001058,project_00028,org_0055,integration-tests,2026-08-11T09:07:40+00:00,canceled,2415
workflow_006075,pipeline_000263,project_00054,org_0032,integration-tests,2026-06-12T18:13:45+00:00,failed,135
workflow_006076,pipeline_002614,project_00095,org_0082,integration-tests,2026-01-21T03:28:56+00:00,success,2975
workflow_006077,pipeline_002850,project_00098,org_0088,test,2026-03-07T21:52:02+00:00,success,2324
workflow_006078,pipeline_001372,project_00058,org_0052,test,2026-01-19T13:50:50+00:00,success,2951
workflow_006079,pipeline_000930,project_00033,org_0025,build-and-test,2026-07-17T15:16:23+00:00,failed,1169
workflow_006080,pipeline_000879,project_00079,org_0012,lint,2026-06-08T04:05:29+00:00,failed,862
workflow_006081,pipeline_000508,project_00190,org_0042,integration-tests,2026-02-13T07:42:56+00:00,success,2346
workflow_006082,pipeline_001653,project_00162,org_0009,lint,2026-06-26T12:04:02+00:00,success,3395
workflow_006083,pipeline_000505,project_00014,org_0026,lint,2026-04-24T07:20:13+00:00,failed,3448
workflow_006084,pipeline_001047,project_00126,org_0016,test,2026-04-30T13:00:17+00:00,success,3500
workflow_006085,pipeline_000392,project_00200,org_0024,test,2026-03-14T23:40:05+00:00,failed,39
workflow_006086,pipeline_000020,project_00095,org_0082,build-and-test,2026-05-29T03:19:36+00:00,failed,1143
workflow_006087,pipeline_000149,project_00147,org_0018,lint,2026-08-02T15:51:52+00:00,success,214
workflow_006088,pipeline_000611,project_00034,org_0084,deploy,2026-04-30T00:44:25+00:00,failed,533
workflow_006089,pipeline_000209,project_00115,org_0035,lint,2026-08-24T13:13:51+00:00,success,3206
workflow_006090,pipeline_000166,project_00017,org_0074,lint,2026-08-16T10:15:44+00:00,failed,2517
workflow_006091,pipeline_001992,project_00143,org_0010,deploy,2026-07-13T09:23:27+00:00,success,2176
workflow_006092,pipeline_000661,project_00032,org_0046,deploy,2026-08-22T17:06:27+00:00,failed,2091
workflow_006093,pipeline_002711,project_00033,org_0025,test,2026-01-07T15:31:20+00:00,failed,1281
workflow_006094,pipeline_000631,project_00036,org_0011,lint,2026-08-17T00:54:53+00:00,canceled,3071
workflow_006095,pipeline_001096,project_00128,org_0060,test,2026-06-27T00:13:11+00:00,running,2943
workflow_006096,pipeline_001989,project_00047,org_0081,integration-tests,2026-07-28T12:38:26+00:00,failed,2484
workflow_006097,pipeline_000612,project_00096,org_0047,test,2026-04-22T21:43:05+00:00,success,3522
workflow_006098,pipeline_002630,project_00173,org_0032,integration-tests,2026-07-18T23:04:37+00:00,success,828
workflow_006099,pipeline_001684,project_00028,org_0055,lint,2026-06-13T11:52:25+00:00,success,1347
workflow_006100,pipeline_001130,project_00155,org_0066,lint,2026-08-03T09:40:16+00:00,failed,1530
workflow_006101,pipeline_002084,project_00126,org_0016,lint,2026-01-06T00:52:00+00:00,failed,2906
workflow_006102,pipeline_002733,project_00025,org_0031,deploy,2026-05-23T05:38:25+00:00,canceled,2013
workflow_006103,pipeline_000275,project_00098,org_0088,build-and-test,2026-08-27T07:45:39+00:00,failed,1351
workflow_006104,pipeline_000769,project_00114,org_0099,integration-tests,2026-05-19T11:00:29+00:00,failed,615
workflow_006105,pipeline_001453,project_00099,org_0003,integration-tests,2026-02-11T16:26:33+00:00,success,1791
workflow_006106,pipeline_002840,project_00013,org_0051,lint,2026-06-29T02:44:07+00:00,success,2316
workflow_006107,pipeline_001327,project_00104,org_0040,deploy,2026-05-04T13:08:21+00:00,failed,38
workflow_006108,pipeline_002602,project_00170,org_0064,build-and-test,2026-07-30T14:26:15+00:00,success,949
workflow_006109,pipeline_002870,project_00061,org_0082,build-and-test,2026-08-09T14:15:59+00:00,success,676
workflow_006110,pipeline_001435,project_00008,org_0003,lint,2026-08-06T01:24:37+00:00,canceled,271
workflow_006111,pipeline_000192,project_00115,org_0035,test,2026-03-03T20:03:37+00:00,success,437
workflow_006112,pipeline_001676,project_00169,org_0005,lint,2026-03-14T09:36:42+00:00,failed,1934
workflow_006113,pipeline_001443,project_00190,org_0042,deploy,2026-07-12T08:34:26+00:00,success,32
workflow_006114,pipeline_001794,project_00137,org_0014,build-and-test,2026-04-07T17:03:11+00:00,running,1864
workflow_006115,pipeline_002358,project_00030,org_0063,lint,2026-06-25T06:20:33+00:00,success,1791
workflow_006116,pipeline_000873,project_00169,org_0005,test,2026-07-26T13:17:21+00:00,success,3293
workflow_006117,pipeline_001211,project_00157,org_0058,deploy,2026-04-25T12:37:25+00:00,running,1908
workflow_006118,pipeline_000645,project_00075,org_0017,integration-tests,2026-04-24T06:30:23+00:00,failed,126
workflow_006119,pipeline_002817,project_00078,org_0062,test,2026-02-22T18:33:22+00:00,success,2273
workflow_006120,pipeline_002577,project_00032,org_0046,build-and-test,2026-03-15T22:32:14+00:00,success,2976
workflow_006121,pipeline_001668,project_00036,org_0011,lint,2026-08-08T10:33:14+00:00,success,3571
workflow_006122,pipeline_000688,project_00116,org_0081,lint,2026-05-03T03:54:15+00:00,success,3053
workflow_006123,pipeline_001425,project_00171,org_0008,test,2026-08-06T18:33:38+00:00,success,324
workflow_006124,pipeline_001624,project_00134,org_0053,deploy,2026-05-06T04:51:23+00:00,success,1334
workflow_006125,pipeline_002091,project_00157,org_0058,test,2026-04-03T01:10:00+00:00,running,1147
workflow_006126,pipeline_001977,project_00135,org_0045,deploy,2026-03-11T05:47:03+00:00,success,251
workflow_006127,pipeline_001159,project_00087,org_0094,lint,2026-04-07T23:58:50+00:00,failed,2128
workflow_006128,pipeline_000646,project_00050,org_0077,build-and-test,2026-03-13T03:59:25+00:00,failed,1815
workflow_006129,pipeline_002541,project_00200,org_0024,build-and-test,2026-02-24T20:56:20+00:00,success,470
workflow_006130,pipeline_001312,project_00091,org_0085,test,2026-05-17T18:50:47+00:00,success,3360
workflow_006131,pipeline_000757,project_00189,org_0026,lint,2026-08-20T22:16:10+00:00,canceled,1003
workflow_006132,pipeline_001055,project_00181,org_0050,build-and-test,2026-08-16T15:24:40+00:00,failed,3596
workflow_006133,pipeline_001931,project_00048,org_0018,deploy,2026-07-21T09:26:08+00:00,success,583
workflow_006134,pipeline_000634,project_00045,org_0057,build-and-test,2026-08-04T20:33:37+00:00,failed,2947
workflow_006135,pipeline_001770,project_00163,org_0017,lint,2026-04-29T08:23:43+00:00,success,1692
workflow_006136,pipeline_001323,project_00004,org_0044,test,2026-01-11T04:38:17+00:00,success,1358
workflow_006137,pipeline_000960,project_00116,org_0081,deploy,2026-04-02T00:37:21+00:00,success,2599
workflow_006138,pipeline_002671,project_00017,org_0074,build-and-test,2026-06-27T13:06:10+00:00,failed,1717
workflow_006139,pipeline_002316,project_00080,org_0048,test,2026-05-09T05:08:38+00:00,success,946
workflow_006140,pipeline_002873,project_00143,org_0010,deploy,2026-03-24T08:49:57+00:00,canceled,2080
workflow_006141,pipeline_001780,project_00059,org_0059,build-and-test,2026-03-20T15:42:58+00:00,success,2756
workflow_006142,pipeline_000050,project_00006,org_0057,test,2026-01-04T10:56:06+00:00,success,307
workflow_006143,pipeline_000983,project_00116,org_0081,integration-tests,2026-04-29T07:30:05+00:00,success,1393
workflow_006144,pipeline_001856,project_00161,org_0075,deploy,2026-05-25T22:19:41+00:00,success,945
workflow_006145,pipeline_001549,project_00007,org_0039,lint,2026-03-06T19:57:10+00:00,failed,3131
workflow_006146,pipeline_002677,project_00180,org_0035,integration-tests,2026-04-05T23:06:09+00:00,success,1491
workflow_006147,pipeline_001361,project_00144,org_0031,test,2026-04-18T23:35:58+00:00,success,481
workflow_006148,pipeline_001292,project_00052,org_0018,build-and-test,2026-06-05T22:26:31+00:00,success,75
workflow_006149,pipeline_001425,project_00171,org_0008,test,2026-08-06T18:33:38+00:00,running,64
workflow_006150,pipeline_001492,project_00180,org_0035,deploy,2026-06-15T18:22:38+00:00,success,1559
workflow_006151,pipeline_000148,project_00014,org_0026,integration-tests,2026-08-31T20:50:23+00:00,success,2048
workflow_006152,pipeline_001094,project_00170,org_0064,test,2026-08-22T15:28:58+00:00,success,3193
workflow_006153,pipeline_000783,project_00176,org_0024,test,2026-08-23T09:09:16+00:00,canceled,2433
workflow_006154,pipeline_002387,project_00152,org_0021,integration-tests,2026-08-06T22:40:27+00:00,success,2716
workflow_006155,pipeline_000710,project_00081,org_0100,test,2026-03-19T16:51:09+00:00,success,2474
workflow_006156,pipeline_000617,project_00096,org_0047,lint,2026-06-24T03:39:43+00:00,success,1794
workflow_006157,pipeline_000103,project_00008,org_0003,build-and-test,2026-02-20T17:47:45+00:00,success,796
workflow_006158,pipeline_001372,project_00058,org_0052,test,2026-01-19T13:50:50+00:00,success,387
workflow_006159,pipeline_001977,project_00135,org_0045,integration-tests,2026-03-11T05:47:03+00:00,failed,1859
workflow_006160,pipeline_002846,project_00183,org_0076,test,2026-06-23T18:31:50+00:00,success,2426
workflow_006161,pipeline_000823,project_00197,org_0023,lint,2026-01-19T03:03:18+00:00,failed,1055
workflow_006162,pipeline_002409,project_00196,org_0023,test,2026-07-25T16:09:30+00:00,success,3450
workflow_006163,pipeline_000708,project_00146,org_0035,lint,2026-07-26T05:52:19+00:00,failed,1124
workflow_006164,pipeline_001029,project_00165,org_0074,test,2026-01-15T17:18:58+00:00,success,111
workflow_006165,pipeline_002741,project_00031,org_0041,build-and-test,2026-08-06T23:18:08+00:00,success,2047
workflow_006166,pipeline_001734,project_00170,org_0064,deploy,2026-08-10T21:01:32+00:00,success,1131
workflow_006167,pipeline_001708,project_00094,org_0050,build-and-test,2026-02-13T08:51:35+00:00,success,2828
workflow_006168,pipeline_001543,project_00108,org_0012,build-and-test,2026-03-31T05:32:57+00:00,success,2896
workflow_006169,pipeline_001768,project_00074,org_0001,test,2026-01-11T01:46:58+00:00,success,3357
workflow_006170,pipeline_000579,project_00072,org_0081,deploy,2026-02-23T00:17:10+00:00,failed,3269
workflow_006171,pipeline_001072,project_00097,org_0073,lint,2026-08-26T05:09:11+00:00,success,2800
workflow_006172,pipeline_002090,project_00033,org_0025,build-and-test,2026-05-05T23:41:55+00:00,running,39
workflow_006173,pipeline_000440,project_00122,org_0050,test,2026-01-14T19:25:36+00:00,success,472
workflow_006174,pipeline_000688,project_00116,org_0081,integration-tests,2026-05-03T03:54:15+00:00,failed,326
workflow_006175,pipeline_002521,project_00196,org_0023,integration-tests,2026-01-11T14:10:13+00:00,success,208
workflow_006176,pipeline_002276,project_00195,org_0082,integration-tests,2026-02-24T07:27:03+00:00,failed,2726
workflow_006177,pipeline_001029,project_00165,org_0074,deploy,2026-01-15T17:18:58+00:00,success,3269
workflow_006178,pipeline_001238,project_00029,org_0089,integration-tests,2026-08-13T09:53:09+00:00,success,3571
workflow_006179,pipeline_002654,project_00189,org_0026,build-and-test,2026-03-12T17:45:07+00:00,failed,1675
workflow_006180,pipeline_002111,project_00039,org_0096,build-and-test,2026-02-09T17:04:08+00:00,success,2493
workflow_006181,pipeline_001023,project_00162,org_0009,build-and-test,2026-05-31T21:41:32+00:00,failed,2164
workflow_006182,pipeline_000075,project_00083,org_0057,test,2026-07-26T05:35:37+00:00,success,3333
workflow_006183,pipeline_002428,project_00184,org_0073,integration-tests,2026-02-22T17:00:49+00:00,failed,1380
workflow_006184,pipeline_002681,project_00199,org_0090,integration-tests,2026-07-13T10:47:25+00:00,success,524
workflow_006185,pipeline_001097,project_00154,org_0012,build-and-test,2026-05-05T07:54:54+00:00,success,1187
workflow_006186,pipeline_002918,project_00062,org_0051,build-and-test,2026-02-04T23:41:40+00:00,success,166
workflow_006187,pipeline_002265,project_00121,org_0032,build-and-test,2026-03-02T13:10:51+00:00,failed,227
workflow_006188,pipeline_001389,project_00118,org_0073,lint,2026-03-14T15:14:37+00:00,running,2938
workflow_006189,pipeline_000907,project_00129,org_0012,test,2026-07-11T20:31:09+00:00,canceled,2152
workflow_006190,pipeline_002952,project_00022,org_0045,lint,2026-02-22T12:27:52+00:00,failed,2452
workflow_006191,pipeline_002418,project_00039,org_0096,build-and-test,2026-01-08T14:24:21+00:00,success,462
workflow_006192,pipeline_000967,project_00132,org_0076,build-and-test,2026-08-01T07:09:53+00:00,success,2903
workflow_006193,pipeline_001700,project_00087,org_0094,integration-tests,2026-05-30T03:45:34+00:00,success,120
workflow_006194,pipeline_000562,project_00107,org_0094,build-and-test,2026-07-04T20:45:28+00:00,success,1220
workflow_006195,pipeline_001762,project_00027,org_0054,lint,2026-02-26T16:40:01+00:00,failed,3207
workflow_006196,pipeline_001058,project_00028,org_0055,deploy,2026-08-11T09:07:40+00:00,success,640
workflow_006197,pipeline_002891,project_00095,org_0082,test,2026-08-07T03:24:11+00:00,success,3568
workflow_006198,pipeline_000779,project_00083,org_0057,lint,2026-01-22T13:37:26+00:00,failed,241
workflow_006199,pipeline_001873,project_00160,org_0052,test,2026-04-13T01:31:00+00:00,success,3403
workflow_006200,pipeline_002294,project_00141,org_0059,test,2026-08-09T15:53:06+00:00,success,2857
workflow_006201,pipeline_002968,project_00105,org_0020,test,2026-07-09T02:10:10+00:00,success,3500
workflow_006202,pipeline_000706,project_00077,org_0016,lint,2026-08-11T17:36:01+00:00,success,2400
workflow_006203,pipeline_000609,project_00134,org_0053,build-and-test,2026-05-11T10:36:14+00:00,success,353
workflow_006204,pipeline_002966,project_00092,org_0078,test,2026-05-15T09:57:43+00:00,failed,1543
workflow_006205,pipeline_001710,project_00051,org_0038,test,2026-07-19T23:10:52+00:00,success,3600
workflow_006206,pipeline_000492,project_00035,org_0054,lint,2026-02-02T21:07:13+00:00,success,2041
workflow_006207,pipeline_002099,project_00135,org_0045,build-and-test,2026-07-15T18:49:30+00:00,success,1199
workflow_006208,pipeline_002354,project_00169,org_0005,integration-tests,2026-04-24T12:35:18+00:00,success,264
workflow_006209,pipeline_001242,project_00108,org_0012,deploy,2026-08-02T08:12:46+00:00,canceled,2363
workflow_006210,pipeline_002767,project_00129,org_0012,lint,2026-08-17T05:16:14+00:00,success,441
workflow_006211,pipeline_001630,project_00085,org_0088,test,2026-02-06T18:48:13+00:00,success,2194
workflow_006212,pipeline_001580,project_00098,org_0088,deploy,2026-08-15T18:19:57+00:00,failed,2923
workflow_006213,pipeline_002309,project_00061,org_0082,test,2026-07-08T22:41:40+00:00,success,563
workflow_006214,pipeline_000521,project_00141,org_0059,deploy,2026-01-05T02:35:38+00:00,success,635
workflow_006215,pipeline_001111,project_00039,org_0096,integration-tests,2026-06-06T21:29:49+00:00,canceled,1609
workflow_006216,pipeline_001044,project_00156,org_0034,build-and-test,2026-07-06T17:47:38+00:00,canceled,1722
workflow_006217,pipeline_000405,project_00113,org_0017,deploy,2026-06-04T14:00:02+00:00,success,2358
workflow_006218,pipeline_001492,project_00180,org_0035,test,2026-06-15T18:22:38+00:00,success,1343
workflow_006219,pipeline_002229,project_00028,org_0055,lint,2026-08-02T00:18:13+00:00,success,3085
workflow_006220,pipeline_000055,project_00077,org_0016,test,2026-02-11T23:36:26+00:00,failed,849
workflow_006221,pipeline_002362,project_00042,org_0070,deploy,2026-02-26T15:04:30+00:00,success,178
workflow_006222,pipeline_002123,project_00002,org_0014,deploy,2026-08-30T20:50:26+00:00,success,2624
workflow_006223,pipeline_001144,project_00153,org_0006,deploy,2026-06-06T08:58:54+00:00,success,1970
workflow_006224,pipeline_002110,project_00186,org_0005,integration-tests,2026-02-21T05:05:14+00:00,success,2265
workflow_006225,pipeline_002089,project_00072,org_0081,build-and-test,2026-08-04T12:56:07+00:00,success,92
workflow_006226,pipeline_001776,project_00166,org_0064,integration-tests,2026-03-07T16:19:14+00:00,success,1590
workflow_006227,pipeline_002512,project_00060,org_0001,deploy,2026-06-04T04:19:41+00:00,success,2750
workflow_006228,pipeline_002450,project_00120,org_0030,lint,2026-02-05T08:24:43+00:00,failed,1907
workflow_006229,pipeline_001785,project_00142,org_0065,deploy,2026-04-18T18:16:08+00:00,success,1727
workflow_006230,pipeline_002208,project_00198,org_0017,deploy,2026-01-16T12:20:50+00:00,success,742
workflow_006231,pipeline_001926,project_00058,org_0052,test,2026-06-21T20:44:05+00:00,success,1071
workflow_006232,pipeline_000503,project_00043,org_0095,integration-tests,2026-01-14T17:15:51+00:00,success,3059
workflow_006233,pipeline_002488,project_00104,org_0040,test,2026-03-30T23:10:17+00:00,canceled,2630
workflow_006234,pipeline_001927,project_00007,org_0039,integration-tests,2026-07-12T01:00:29+00:00,failed,3221
workflow_006235,pipeline_000135,project_00173,org_0032,deploy,2026-07-27T08:20:05+00:00,canceled,3238
workflow_006236,pipeline_000550,project_00010,org_0067,integration-tests,2026-02-24T23:43:07+00:00,success,3556
workflow_006237,pipeline_001862,project_00122,org_0050,lint,2026-07-02T07:56:08+00:00,success,139
workflow_006238,pipeline_001723,project_00067,org_0021,deploy,2026-04-28T18:02:31+00:00,success,1516
workflow_006239,pipeline_000073,project_00158,org_0014,deploy,2026-06-18T10:29:00+00:00,failed,2735
workflow_006240,pipeline_002341,project_00185,org_0064,test,2026-08-18T12:17:15+00:00,success,944
workflow_006241,pipeline_001495,project_00192,org_0047,deploy,2026-07-28T05:54:36+00:00,success,3466
workflow_006242,pipeline_002632,project_00149,org_0053,test,2026-04-02T15:50:50+00:00,failed,2574
workflow_006243,pipeline_000300,project_00180,org_0035,build-and-test,2026-08-30T20:29:09+00:00,failed,792
workflow_006244,pipeline_000977,project_00189,org_0026,build-and-test,2026-01-04T18:14:05+00:00,failed,1796
workflow_006245,pipeline_002716,project_00139,org_0092,lint,2026-05-23T09:48:15+00:00,canceled,3539
workflow_006246,pipeline_002348,project_00138,org_0054,build-and-test,2026-08-01T06:10:38+00:00,failed,1758
workflow_006247,pipeline_002621,project_00050,org_0077,lint,2026-08-01T02:47:09+00:00,canceled,1082
workflow_006248,pipeline_001928,project_00058,org_0052,lint,2026-06-21T00:24:52+00:00,success,586
workflow_006249,pipeline_000212,project_00153,org_0006,build-and-test,2026-08-18T08:45:13+00:00,success,281
workflow_006250,pipeline_001210,project_00084,org_0081,build-and-test,2026-02-02T07:54:37+00:00,success,2116
workflow_006251,pipeline_001026,project_00151,org_0060,deploy,2026-01-06T03:53:14+00:00,failed,3495
workflow_006252,pipeline_002285,project_00162,org_0009,deploy,2026-07-22T08:55:13+00:00,success,3275
workflow_006253,pipeline_000348,project_00068,org_0055,integration-tests,2026-05-23T13:27:37+00:00,success,2944
workflow_006254,pipeline_001949,project_00085,org_0088,integration-tests,2026-02-04T14:31:32+00:00,failed,2669
workflow_006255,pipeline_000909,project_00067,org_0021,deploy,2026-08-10T07:53:01+00:00,failed,3089
workflow_006256,pipeline_001158,project_00014,org_0026,deploy,2026-06-14T04:03:25+00:00,success,897
workflow_006257,pipeline_002423,project_00063,org_0064,deploy,2026-05-07T02:33:49+00:00,canceled,561
workflow_006258,pipeline_000549,project_00174,org_0062,test,2026-07-28T09:06:52+00:00,success,3160
workflow_006259,pipeline_002018,project_00187,org_0078,lint,2026-08-29T08:20:41+00:00,success,773
workflow_006260,pipeline_001868,project_00069,org_0084,lint,2026-02-21T03:35:56+00:00,success,1856
workflow_006261,pipeline_002763,project_00041,org_0047,test,2026-01-11T15:39:38+00:00,success,466
workflow_006262,pipeline_002697,project_00015,org_0050,integration-tests,2026-08-26T17:00:02+00:00,success,1440
workflow_006263,pipeline_000765,project_00195,org_0082,build-and-test,2026-04-13T10:24:07+00:00,success,1184
workflow_006264,pipeline_002156,project_00162,org_0009,test,2026-03-03T21:58:34+00:00,success,172
workflow_006265,pipeline_000931,project_00114,org_0099,lint,2026-03-14T04:55:54+00:00,success,973
workflow_006266,pipeline_002386,project_00121,org_0032,lint,2026-05-21T05:57:31+00:00,failed,2218
workflow_006267,pipeline_002004,project_00185,org_0064,integration-tests,2026-03-07T23:43:29+00:00,failed,1249
workflow_006268,pipeline_000723,project_00105,org_0020,build-and-test,2026-05-22T03:27:09+00:00,failed,3289
workflow_006269,pipeline_002733,project_00025,org_0031,test,2026-05-23T05:38:25+00:00,success,2848
workflow_006270,pipeline_002564,project_00187,org_0078,integration-tests,2026-05-24T01:22:26+00:00,failed,1040
workflow_006271,pipeline_001510,project_00009,org_0087,integration-tests,2026-07-30T07:36:14+00:00,failed,1304
workflow_006272,pipeline_001832,project_00160,org_0052,lint,2026-06-01T10:34:26+00:00,success,1600
workflow_006273,pipeline_002361,project_00065,org_0044,deploy,2026-01-08T01:53:34+00:00,failed,757
workflow_006274,pipeline_002156,project_00162,org_0009,test,2026-03-03T21:58:34+00:00,success,2672
workflow_006275,pipeline_002618,project_00047,org_0081,build-and-test,2026-07-23T08:09:53+00:00,success,1329
workflow_006276,pipeline_001272,project_00151,org_0060,lint,2026-05-29T09:32:22+00:00,success,1749
workflow_006277,pipeline_002920,project_00144,org_0031,lint,2026-01-23T21:56:13+00:00,success,1217
workflow_006278,pipeline_001686,project_00179,org_0021,lint,2026-07-23T12:49:49+00:00,success,2181
workflow_006279,pipeline_002722,project_00073,org_0055,build-and-test,2026-07-26T05:43:07+00:00,success,3149
workflow_006280,pipeline_002333,project_00193,org_0076,integration-tests,2026-08-09T00:48:12+00:00,failed,911
workflow_006281,pipeline_002940,project_00162,org_0009,lint,2026-04-26T16:46:18+00:00,failed,351
workflow_006282,pipeline_000921,project_00113,org_0017,integration-tests,2026-02-07T03:42:57+00:00,success,2973
workflow_006283,pipeline_001191,project_00136,org_0098,test,2026-08-23T20:20:28+00:00,running,2429
workflow_006284,pipeline_000554,project_00128,org_0060,build-and-test,2026-08-20T01:35:28+00:00,success,2324
workflow_006285,pipeline_001374,project_00002,org_0014,lint,2026-01-21T09:15:05+00:00,success,2620
workflow_006286,pipeline_001361,project_00144,org_0031,build-and-test,2026-04-18T23:35:58+00:00,success,1180
workflow_006287,pipeline_001887,project_00035,org_0054,deploy,2026-04-27T12:08:21+00:00,success,2368
workflow_006288,pipeline_001731,project_00100,org_0028,deploy,2026-07-04T16:56:24+00:00,success,835
workflow_006289,pipeline_002070,project_00151,org_0060,integration-tests,2026-05-21T09:14:08+00:00,success,3432
workflow_006290,pipeline_001447,project_00114,org_0099,test,2026-06-01T17:43:02+00:00,failed,2334
workflow_006291,pipeline_002549,project_00038,org_0037,lint,2026-06-07T18:20:48+00:00,success,2365
workflow_006292,pipeline_000352,project_00021,org_0079,lint,2026-01-22T17:14:14+00:00,success,2617
workflow_006293,pipeline_000630,project_00114,org_0099,deploy,2026-04-23T02:15:50+00:00,success,2283
workflow_006294,pipeline_002942,project_00181,org_0050,build-and-test,2026-01-20T11:09:40+00:00,success,153
workflow_006295,pipeline_000400,project_00199,org_0090,test,2026-01-17T05:50:56+00:00,success,3376
workflow_006296,pipeline_001671,project_00116,org_0081,lint,2026-03-08T04:56:19+00:00,success,1648
workflow_006297,pipeline_000747,project_00023,org_0023,test,2026-06-29T14:06:44+00:00,success,2030
workflow_006298,pipeline_001325,project_00143,org_0010,integration-tests,2026-06-01T23:45:42+00:00,success,1067
workflow_006299,pipeline_002387,project_00152,org_0021,build-and-test,2026-08-06T22:40:27+00:00,success,1658
workflow_006300,pipeline_001824,project_00096,org_0047,build-and-test,2026-01-07T07:00:24+00:00,success,3243
workflow_006301,pipeline_002748,project_00010,org_0067,build-and-test,2026-01-08T15:07:52+00:00,success,62
workflow_006302,pipeline_000007,project_00097,org_0073,test,2026-02-09T09:22:57+00:00,success,1476
workflow_006303,pipeline_002109,project_00083,org_0057,lint,2026-08-08T15:55:53+00:00,canceled,1147
workflow_006304,pipeline_000642,project_00188,org_0062,deploy,2026-08-12T09:50:46+00:00,success,2788
workflow_006305,pipeline_002626,project_00058,org_0052,test,2026-07-15T22:06:21+00:00,failed,2981
workflow_006306,pipeline_002836,project_00004,org_0044,integration-tests,2026-04-17T02:22:54+00:00,canceled,1764
workflow_006307,pipeline_001432,project_00047,org_0081,deploy,2026-05-27T00:15:23+00:00,success,3372
workflow_006308,pipeline_002115,project_00115,org_0035,deploy,2026-03-03T18:33:03+00:00,failed,1444
workflow_006309,pipeline_000471,project_00148,org_0022,lint,2026-02-19T11:23:53+00:00,success,1933
workflow_006310,pipeline_000637,project_00007,org_0039,test,2026-01-01T22:48:16+00:00,success,2702
workflow_006311,pipeline_000890,project_00075,org_0017,test,2026-03-07T00:06:37+00:00,success,992
workflow_006312,pipeline_001342,project_00088,org_0041,deploy,2026-05-15T16:15:30+00:00,canceled,1927
workflow_006313,pipeline_001529,project_00020,org_0068,lint,2026-04-03T00:48:06+00:00,success,2068
workflow_006314,pipeline_001820,project_00093,org_0038,deploy,2026-06-23T03:32:00+00:00,success,2988
workflow_006315,pipeline_000533,project_00197,org_0023,lint,2026-06-17T11:34:28+00:00,failed,3179
workflow_006316,pipeline_001372,project_00058,org_0052,integration-tests,2026-01-19T13:50:50+00:00,failed,1351
workflow_006317,pipeline_000197,project_00190,org_0042,deploy,2026-04-13T06:17:01+00:00,success,67
workflow_006318,pipeline_001227,project_00178,org_0061,integration-tests,2026-04-14T20:52:35+00:00,success,407
workflow_006319,pipeline_001052,project_00179,org_0021,build-and-test,2026-02-27T10:22:53+00:00,success,1985
workflow_006320,pipeline_000308,project_00189,org_0026,deploy,2026-01-14T00:20:18+00:00,failed,152
workflow_006321,pipeline_001692,project_00121,org_0032,build-and-test,2026-08-02T12:46:42+00:00,canceled,2391
workflow_006322,pipeline_002443,project_00045,org_0057,build-and-test,2026-06-13T06:00:28+00:00,success,1112
workflow_006323,pipeline_001616,project_00177,org_0029,lint,2026-08-08T13:05:35+00:00,failed,1718
workflow_006324,pipeline_002475,project_00155,org_0066,lint,2026-08-27T12:50:27+00:00,failed,1148
workflow_006325,pipeline_001944,project_00138,org_0054,deploy,2026-04-29T07:38:49+00:00,failed,3101
workflow_006326,pipeline_000370,project_00121,org_0032,lint,2026-01-09T20:01:40+00:00,success,727
workflow_006327,pipeline_001188,project_00026,org_0048,deploy,2026-06-17T08:20:57+00:00,success,1763
workflow_006328,pipeline_002050,project_00050,org_0077,deploy,2026-07-09T20:13:47+00:00,failed,3041
workflow_006329,pipeline_000207,project_00043,org_0095,deploy,2026-04-11T07:09:15+00:00,success,3131
workflow_006330,pipeline_000808,project_00127,org_0067,lint,2026-08-13T17:30:50+00:00,canceled,3501
workflow_006331,pipeline_002347,project_00102,org_0099,test,2026-01-01T20:58:31+00:00,failed,1514
workflow_006332,pipeline_001335,project_00161,org_0075,integration-tests,2026-01-09T23:41:17+00:00,success,3044
workflow_006333,pipeline_001556,project_00095,org_0082,lint,2026-06-26T03:10:46+00:00,success,3017
workflow_006334,pipeline_000044,project_00015,org_0050,lint,2026-04-07T21:25:04+00:00,canceled,3139
workflow_006335,pipeline_000384,project_00023,org_0023,build-and-test,2026-05-29T10:25:42+00:00,success,750
workflow_006336,pipeline_002141,project_00149,org_0053,deploy,2026-08-05T11:45:44+00:00,success,1248
workflow_006337,pipeline_001890,project_00041,org_0047,lint,2026-06-12T17:26:58+00:00,success,3003
workflow_006338,pipeline_001701,project_00080,org_0048,build-and-test,2026-05-31T05:22:54+00:00,success,1581
workflow_006339,pipeline_000362,project_00063,org_0064,test,2026-01-28T19:46:13+00:00,success,2647
workflow_006340,pipeline_002489,project_00076,org_0002,deploy,2026-03-16T10:30:46+00:00,success,2775
workflow_006341,pipeline_000969,project_00086,org_0013,build-and-test,2026-03-18T08:52:35+00:00,failed,1647
workflow_006342,pipeline_000722,project_00006,org_0057,lint,2026-01-22T11:41:15+00:00,success,2889
workflow_006343,pipeline_001222,project_00026,org_0048,test,2026-05-27T18:03:05+00:00,success,3583
workflow_006344,pipeline_000157,project_00198,org_0017,integration-tests,2026-05-26T14:51:44+00:00,success,2608
workflow_006345,pipeline_002479,project_00190,org_0042,test,2026-01-02T22:20:23+00:00,success,1672
workflow_006346,pipeline_000892,project_00150,org_0099,build-and-test,2026-07-18T04:36:20+00:00,success,1643
workflow_006347,pipeline_000823,project_00197,org_0023,lint,2026-01-19T03:03:18+00:00,success,513
workflow_006348,pipeline_000221,project_00182,org_0031,test,2026-01-03T18:18:28+00:00,success,1622
workflow_006349,pipeline_001061,project_00107,org_0094,build-and-test,2026-04-22T23:31:33+00:00,success,1923
workflow_006350,pipeline_002918,project_00062,org_0051,build-and-test,2026-02-04T23:41:40+00:00,failed,3467
workflow_006351,pipeline_002054,project_00186,org_0005,build-and-test,2026-01-06T05:20:13+00:00,success,3064
workflow_006352,pipeline_002679,project_00186,org_0005,test,2026-06-29T19:43:42+00:00,failed,3117
workflow_006353,pipeline_000801,project_00049,org_0073,lint,2026-02-13T11:06:00+00:00,failed,2777
workflow_006354,pipeline_002585,project_00047,org_0081,deploy,2026-02-09T17:51:32+00:00,success,1524
workflow_006355,pipeline_000656,project_00057,org_0049,lint,2026-02-19T23:42:21+00:00,canceled,698
workflow_006356,pipeline_002440,project_00159,org_0008,test,2026-02-22T05:46:15+00:00,success,2258
workflow_006357,pipeline_001608,project_00130,org_0026,lint,2026-04-05T23:58:05+00:00,success,2884
workflow_006358,pipeline_000251,project_00189,org_0026,test,2026-03-19T13:01:37+00:00,success,2146
workflow_006359,pipeline_002428,project_00184,org_0073,integration-tests,2026-02-22T17:00:49+00:00,failed,181
workflow_006360,pipeline_001943,project_00181,org_0050,build-and-test,2026-02-21T18:58:31+00:00,running,2870
workflow_006361,pipeline_002408,project_00073,org_0055,integration-tests,2026-04-19T11:31:35+00:00,success,3165
workflow_006362,pipeline_002464,project_00166,org_0064,build-and-test,2026-04-23T13:42:27+00:00,success,2912
workflow_006363,pipeline_002250,project_00186,org_0005,deploy,2026-06-22T22:45:13+00:00,running,1988
workflow_006364,pipeline_000039,project_00059,org_0059,build-and-test,2026-02-22T04:33:49+00:00,success,2380
workflow_006365,pipeline_001013,project_00052,org_0018,deploy,2026-02-05T11:46:59+00:00,failed,3410
workflow_006366,pipeline_000430,project_00023,org_0023,deploy,2026-07-07T20:03:56+00:00,running,1631
workflow_006367,pipeline_002087,project_00145,org_0051,integration-tests,2026-07-03T21:33:16+00:00,success,3369
workflow_006368,pipeline_missing_999,project_00001,org_0020,lint,2026-06-27T10:47:46+00:00,success,293
workflow_006369,pipeline_001023,project_00162,org_0009,lint,2026-05-31T21:41:32+00:00,failed,3488
workflow_006370,pipeline_002195,project_00096,org_0047,test,2026-01-24T07:11:04+00:00,success,2076
workflow_006371,pipeline_001975,project_00137,org_0014,build-and-test,2026-01-11T20:38:06+00:00,failed,3068
workflow_006372,pipeline_002489,project_00076,org_0002,build-and-test,2026-03-16T10:30:46+00:00,success,737
workflow_006373,pipeline_002869,project_00143,org_0010,test,2026-03-29T22:03:11+00:00,success,2448
workflow_006374,pipeline_001447,project_00114,org_0099,lint,2026-06-01T17:43:02+00:00,failed,1967
workflow_006375,pipeline_001785,project_00142,org_0065,test,2026-04-18T18:16:08+00:00,success,2487
workflow_006376,pipeline_000642,project_00188,org_0062,deploy,2026-08-12T09:50:46+00:00,success,1539
workflow_006377,pipeline_001481,project_00129,org_0012,deploy,2026-05-02T06:16:53+00:00,failed,1353
workflow_006378,pipeline_002279,project_00034,org_0084,lint,2026-06-11T11:32:13+00:00,success,3591
workflow_006379,pipeline_001791,project_00185,org_0064,deploy,2026-06-21T21:43:14+00:00,success,2761
workflow_006380,pipeline_000620,project_00085,org_0088,deploy,2026-04-25T18:47:22+00:00,success,3592
workflow_006381,pipeline_002923,project_00059,org_0059,deploy,2026-06-21T02:35:10+00:00,success,942
workflow_006382,pipeline_000965,project_00070,org_0012,test,2026-05-29T11:57:19+00:00,canceled,2254
workflow_006383,pipeline_001798,project_00164,org_0006,integration-tests,2026-07-29T04:01:24+00:00,success,455
workflow_006384,pipeline_001535,project_00150,org_0099,deploy,2026-01-13T15:50:58+00:00,success,2481
workflow_006385,pipeline_002658,project_00034,org_0084,lint,2026-05-23T06:06:30+00:00,success,671
workflow_006386,pipeline_001682,project_00122,org_0050,integration-tests,2026-04-05T14:24:41+00:00,success,3513
workflow_006387,pipeline_002044,project_00115,org_0035,test,2026-06-18T03:23:00+00:00,success,2798
workflow_006388,pipeline_001475,project_00092,org_0078,test,2026-08-29T04:38:26+00:00,success,2833
workflow_006389,pipeline_000619,project_00082,org_0009,integration-tests,2026-03-02T14:31:18+00:00,success,3135
workflow_006390,pipeline_000041,project_00055,org_0032,build-and-test,2026-06-08T03:06:10+00:00,running,1477
workflow_006391,pipeline_002974,project_00118,org_0073,build-and-test,2026-05-27T09:40:47+00:00,success,231
workflow_006392,pipeline_002212,project_00121,org_0032,lint,2026-05-11T21:46:08+00:00,success,3061
workflow_006393,pipeline_001272,project_00151,org_0060,test,2026-05-29T09:32:22+00:00,failed,3090
workflow_006394,pipeline_002776,project_00144,org_0031,test,2026-07-16T00:01:15+00:00,success,2694
workflow_006395,pipeline_missing_999,project_00006,org_0057,test,2026-01-04T10:56:06+00:00,success,475
workflow_006396,pipeline_000007,project_00097,org_0073,integration-tests,2026-02-09T09:22:57+00:00,canceled,2307
workflow_006397,pipeline_002788,project_00033,org_0025,lint,2026-01-01T03:11:59+00:00,success,2044
workflow_006398,pipeline_001065,project_00161,org_0075,test,2026-08-31T12:01:47+00:00,success,355
workflow_006399,pipeline_002410,project_00165,org_0074,deploy,2026-03-29T02:46:27+00:00,success,3353
workflow_006400,pipeline_002990,project_00020,org_0068,integration-tests,2026-04-10T08:33:01+00:00,canceled,1573
workflow_006401,pipeline_000795,project_00151,org_0060,lint,2026-06-26T16:53:24+00:00,failed,1241
workflow_006402,pipeline_001592,project_00053,org_0084,test,2026-08-31T20:05:33+00:00,success,928
workflow_006403,pipeline_000959,project_00164,org_0006,test,2026-08-15T19:06:45+00:00,failed,1843
workflow_006404,pipeline_001133,project_00178,org_0061,integration-tests,2026-02-25T15:07:49+00:00,success,967
workflow_006405,pipeline_000814,project_00089,org_0083,lint,2026-06-20T03:29:15+00:00,success,3555
workflow_006406,pipeline_000606,project_00039,org_0096,deploy,2026-03-21T07:48:19+00:00,failed,2866
workflow_006407,pipeline_001763,project_00185,org_0064,deploy,2026-03-07T14:45:37+00:00,success,2553
workflow_006408,pipeline_000305,project_00021,org_0079,test,2026-02-26T17:38:14+00:00,success,925
workflow_006409,pipeline_001987,project_00179,org_0021,test,2026-06-24T10:10:41+00:00,success,2646
workflow_006410,pipeline_002043,project_00082,org_0009,deploy,2026-03-06T19:27:08+00:00,success,1312
workflow_006411,pipeline_000206,project_00162,org_0009,test,2026-07-19T02:10:38+00:00,canceled,502
workflow_006412,pipeline_002459,project_00043,org_0095,test,2026-04-18T07:24:27+00:00,success,2624
workflow_006413,pipeline_000016,project_00014,org_0026,test,2026-05-21T03:10:09+00:00,success,3108
workflow_006414,pipeline_001707,project_00116,org_0081,build-and-test,2026-07-14T23:33:11+00:00,success,3570
workflow_006415,pipeline_002628,project_00144,org_0031,integration-tests,2026-05-06T23:24:24+00:00,success,2467
workflow_006416,pipeline_000312,project_00029,org_0089,test,2026-04-02T15:21:39+00:00,success,2436
workflow_006417,pipeline_001994,project_00022,org_0045,lint,2026-01-27T04:13:01+00:00,success,1708
workflow_006418,pipeline_001547,project_00117,org_0066,build-and-test,2026-01-07T00:35:04+00:00,success,3106
workflow_006419,pipeline_001299,project_00183,org_0076,integration-tests,2026-06-25T07:32:52+00:00,success,2310
workflow_006420,pipeline_000382,project_00071,org_0048,lint,2026-01-25T01:58:20+00:00,failed,2015
workflow_006421,pipeline_002952,project_00022,org_0045,deploy,2026-02-22T12:27:52+00:00,success,1524
workflow_006422,pipeline_000840,project_00160,org_0052,integration-tests,2026-08-29T01:55:29+00:00,success,2195
workflow_006423,pipeline_002160,project_00030,org_0063,test,2026-05-07T09:45:41+00:00,success,3332
workflow_006424,pipeline_001227,project_00178,org_0061,integration-tests,2026-04-14T20:52:35+00:00,failed,2827
workflow_006425,pipeline_002786,project_00144,org_0031,test,2026-05-12T06:33:19+00:00,canceled,1513
workflow_006426,pipeline_001855,project_00029,org_0089,build-and-test,2026-03-05T01:25:57+00:00,success,3305
workflow_006427,pipeline_002588,project_00063,org_0064,integration-tests,2026-02-14T15:44:31+00:00,success,1104
workflow_006428,pipeline_001082,project_00173,org_0032,integration-tests,2026-08-02T02:41:22+00:00,canceled,294
workflow_006429,pipeline_001783,project_00066,org_0081,deploy,2026-03-12T22:44:39+00:00,failed,1341
workflow_006430,pipeline_000742,project_00022,org_0045,test,2026-02-13T00:59:37+00:00,success,1985
workflow_006431,pipeline_001953,project_00090,org_0077,lint,2026-02-01T16:16:21+00:00,success,1826
workflow_006432,pipeline_002623,project_00137,org_0014,deploy,2026-05-12T05:20:37+00:00,success,940
workflow_006433,pipeline_002080,project_00072,org_0081,test,2026-03-30T10:41:02+00:00,success,1850
workflow_006434,pipeline_001513,project_00185,org_0064,lint,2026-04-22T14:56:03+00:00,canceled,327
workflow_006435,pipeline_002543,project_00040,org_0015,build-and-test,2026-06-04T13:34:15+00:00,canceled,3126
workflow_006436,pipeline_002306,project_00063,org_0064,integration-tests,2026-03-05T02:06:05+00:00,success,1559
workflow_006437,pipeline_002019,project_00096,org_0047,integration-tests,2026-04-30T04:30:21+00:00,failed,2233
workflow_006438,pipeline_000905,project_00127,org_0067,deploy,2026-05-21T23:23:51+00:00,failed,3364
workflow_006439,pipeline_002436,project_00193,org_0076,build-and-test,2026-06-25T16:15:42+00:00,success,146
workflow_006440,pipeline_000245,project_00199,org_0090,test,2026-06-28T04:46:38+00:00,success,1339
workflow_006441,pipeline_001175,project_00004,org_0044,test,2026-04-02T20:23:08+00:00,failed,1824
workflow_006442,pipeline_000943,project_00003,org_0015,lint,2026-01-29T15:13:27+00:00,success,1522
workflow_006443,pipeline_001165,project_00126,org_0016,build-and-test,2026-03-18T17:14:51+00:00,success,2353
workflow_006444,pipeline_000276,project_00164,org_0006,integration-tests,2026-05-12T00:41:13+00:00,success,1270
workflow_006445,pipeline_000758,project_00014,org_0026,test,2026-05-10T06:30:13+00:00,success,3551
workflow_006446,pipeline_002694,project_00187,org_0078,lint,2026-08-10T13:35:44+00:00,success,581
workflow_006447,pipeline_000772,project_00055,org_0032,integration-tests,2026-08-15T15:03:21+00:00,success,256
workflow_006448,pipeline_001665,project_00197,org_0023,test,2026-03-07T18:19:27+00:00,success,1553
workflow_006449,pipeline_000798,project_00030,org_0063,test,2026-01-06T04:00:28+00:00,success,1964
workflow_006450,pipeline_001286,project_00022,org_0045,integration-tests,2026-06-10T11:14:57+00:00,success,112
workflow_006451,pipeline_002337,project_00183,org_0076,lint,2026-05-14T04:38:48+00:00,running,670
workflow_006452,pipeline_002064,project_00042,org_0070,deploy,2026-06-03T06:34:19+00:00,failed,521
workflow_006453,pipeline_002435,project_00059,org_0059,lint,2026-08-12T13:40:40+00:00,canceled,2181
workflow_006454,pipeline_002008,project_00166,org_0064,integration-tests,2026-05-30T22:17:27+00:00,success,2607
workflow_006455,pipeline_001333,project_00062,org_0051,lint,2026-03-28T02:54:30+00:00,success,3550
workflow_006456,pipeline_002262,project_00186,org_0005,deploy,2026-03-11T11:41:32+00:00,failed,3252
workflow_006457,pipeline_001951,project_00025,org_0031,deploy,2026-05-01T20:33:04+00:00,success,1770
workflow_006458,pipeline_missing_999,project_00050,org_0077,build-and-test,2026-01-25T12:48:03+00:00,success,1950
workflow_006459,pipeline_001867,project_00182,org_0031,deploy,2026-06-29T11:32:32+00:00,success,3359
workflow_006460,pipeline_002112,project_00194,org_0042,deploy,2026-05-20T22:23:49+00:00,failed,3493
workflow_006461,pipeline_001577,project_00073,org_0055,lint,2026-02-21T04:23:23+00:00,success,2076
workflow_006462,pipeline_002693,project_00029,org_0089,integration-tests,2026-06-28T17:30:45+00:00,running,2091
workflow_006463,pipeline_001335,project_00161,org_0075,test,2026-01-09T23:41:17+00:00,running,3269
workflow_006464,pipeline_000227,project_00148,org_0022,test,2026-05-14T17:38:00+00:00,success,1520
workflow_006465,pipeline_002711,project_00033,org_0025,build-and-test,2026-01-07T15:31:20+00:00,success,605
workflow_006466,pipeline_002461,project_00021,org_0079,lint,2026-02-02T02:11:30+00:00,success,2527
workflow_006467,pipeline_002988,project_00062,org_0051,build-and-test,2026-06-12T18:06:40+00:00,failed,100
workflow_006468,pipeline_001809,project_00110,org_0016,integration-tests,2026-05-29T12:17:07+00:00,success,775
workflow_006469,pipeline_002826,project_00028,org_0055,deploy,2026-06-03T23:33:29+00:00,success,635
workflow_006470,pipeline_001838,project_00078,org_0062,integration-tests,2026-03-05T09:57:46+00:00,success,1216
workflow_006471,pipeline_001581,project_00169,org_0005,deploy,2026-03-11T22:19:16+00:00,success,2574
workflow_006472,pipeline_001247,project_00118,org_0073,build-and-test,2026-02-25T23:29:03+00:00,failed,1772
workflow_006473,pipeline_002048,project_00086,org_0013,build-and-test,2026-05-23T10:46:00+00:00,success,1840
workflow_006474,pipeline_001309,project_00097,org_0073,deploy,2026-03-25T22:32:43+00:00,success,3471
workflow_006475,pipeline_002970,project_00019,org_0015,lint,2026-08-01T07:56:33+00:00,success,3313
workflow_006476,pipeline_002612,project_00082,org_0009,test,2026-07-20T10:33:28+00:00,success,2965
workflow_006477,pipeline_002418,project_00039,org_0096,integration-tests,2026-01-08T14:24:21+00:00,success,170
workflow_006478,pipeline_002073,project_00151,org_0060,integration-tests,2026-03-08T05:40:07+00:00,success,2056
workflow_006479,pipeline_001349,project_00132,org_0076,test,2026-06-05T07:43:51+00:00,failed,2859
workflow_006480,pipeline_002256,project_00116,org_0081,build-and-test,2026-02-27T21:03:14+00:00,success,3067
workflow_006481,pipeline_001606,project_00068,org_0055,test,2026-08-12T18:35:03+00:00,success,1984
workflow_006482,pipeline_000582,project_00023,org_0023,lint,2026-06-09T21:17:10+00:00,success,3595
workflow_006483,pipeline_002537,project_00134,org_0053,test,2026-04-25T18:42:09+00:00,success,1887
workflow_006484,pipeline_002860,project_00159,org_0008,build-and-test,2026-03-26T10:42:46+00:00,success,3296
workflow_006485,pipeline_000778,project_00084,org_0081,build-and-test,2026-08-10T00:56:28+00:00,success,1731
workflow_006486,pipeline_001837,project_00018,org_0047,deploy,2026-05-08T04:09:29+00:00,success,556
workflow_006487,pipeline_002191,project_00007,org_0039,build-and-test,2026-03-04T21:54:21+00:00,success,2272
workflow_006488,pipeline_000993,project_00118,org_0073,integration-tests,2026-06-29T16:38:03+00:00,success,145
workflow_006489,pipeline_000751,project_00049,org_0073,lint,2026-04-14T09:11:25+00:00,failed,2162
workflow_006490,pipeline_001367,project_00104,org_0040,deploy,2026-01-15T08:56:28+00:00,success,3365
workflow_006491,pipeline_002281,project_00020,org_0068,deploy,2026-08-21T07:58:04+00:00,success,2999
workflow_006492,pipeline_002350,project_00170,org_0064,deploy,2026-08-03T12:21:41+00:00,success,942
workflow_006493,pipeline_001938,project_00120,org_0030,build-and-test,2026-04-15T12:30:19+00:00,success,40
workflow_006494,pipeline_001746,project_00168,org_0036,deploy,2026-03-08T21:40:44+00:00,success,3425
workflow_006495,pipeline_002168,project_00100,org_0028,test,2026-05-26T14:28:11+00:00,success,166
workflow_006496,pipeline_001672,project_00040,org_0015,integration-tests,2026-07-28T22:02:45+00:00,success,2085
workflow_006497,pipeline_000837,project_00015,org_0050,lint,2026-07-21T20:41:07+00:00,failed,3155
workflow_006498,pipeline_002114,project_00107,org_0094,build-and-test,2026-06-03T18:53:45+00:00,success,693
workflow_006499,pipeline_000815,project_00155,org_0066,integration-tests,2026-07-01T22:25:53+00:00,success,1406
workflow_006500,pipeline_002731,project_00059,org_0059,lint,2026-02-08T23:34:59+00:00,success,1664
workflow_006501,pipeline_001945,project_00037,org_0005,lint,2026-07-29T13:33:14+00:00,success,1463
workflow_006502,pipeline_002311,project_00157,org_0058,test,2026-03-06T00:55:38+00:00,success,1027
workflow_006503,pipeline_001340,project_00081,org_0100,test,2026-06-25T02:29:32+00:00,success,42
workflow_006504,pipeline_001305,project_00039,org_0096,lint,2026-06-28T03:00:44+00:00,success,2729
workflow_006505,pipeline_000536,project_00168,org_0036,test,2026-01-01T08:05:13+00:00,running,1232
workflow_006506,pipeline_000161,project_00138,org_0054,deploy,2026-06-19T00:42:35+00:00,success,3409
workflow_006507,pipeline_002184,project_00059,org_0059,integration-tests,2026-06-22T16:35:28+00:00,failed,2275
workflow_006508,pipeline_000265,project_00026,org_0048,build-and-test,2026-04-15T20:06:28+00:00,success,1341
workflow_006509,pipeline_001333,project_00062,org_0051,integration-tests,2026-03-28T02:54:30+00:00,success,895
workflow_006510,pipeline_001404,project_00020,org_0068,lint,2026-03-08T07:16:24+00:00,success,3126
workflow_006511,pipeline_001474,project_00049,org_0073,lint,2026-03-22T13:48:18+00:00,success,220
workflow_006512,pipeline_002157,project_00021,org_0079,build-and-test,2026-06-12T17:08:23+00:00,success,497
workflow_006513,pipeline_000068,project_00077,org_0016,test,2026-06-10T10:26:19+00:00,success,272
workflow_006514,pipeline_001913,project_00175,org_0065,test,2026-05-14T14:46:33+00:00,success,508
workflow_006515,pipeline_001664,project_00024,org_0011,lint,2026-03-12T21:01:56+00:00,success,2778
workflow_006516,pipeline_000487,project_00061,org_0082,lint,2026-06-17T15:52:48+00:00,failed,3397
workflow_006517,pipeline_000470,project_00123,org_0071,build-and-test,2026-06-29T03:05:02+00:00,success,1532
workflow_006518,pipeline_002580,project_00012,org_0052,lint,2026-02-06T16:57:18+00:00,canceled,395
workflow_006519,pipeline_000947,project_00051,org_0038,test,2026-01-09T08:19:12+00:00,success,1158
workflow_006520,pipeline_001805,project_00116,org_0081,test,2026-04-30T14:55:31+00:00,success,199
workflow_006521,pipeline_001278,project_00020,org_0068,test,2026-03-01T04:29:02+00:00,success,168
workflow_006522,pipeline_002625,project_00178,org_0061,integration-tests,2026-03-28T07:42:38+00:00,success,562
workflow_006523,pipeline_002565,project_00127,org_0067,lint,2026-06-21T03:09:05+00:00,success,2367
workflow_006524,pipeline_002552,project_00144,org_0031,build-and-test,2026-07-07T03:54:16+00:00,canceled,1604
workflow_006525,pipeline_001271,project_00105,org_0020,integration-tests,2026-07-15T13:41:27+00:00,failed,2585
workflow_006526,pipeline_000992,project_00103,org_0011,test,2026-08-23T21:35:51+00:00,success,1456
workflow_006527,pipeline_002851,project_00168,org_0036,integration-tests,2026-07-30T20:12:47+00:00,canceled,2806
workflow_006528,pipeline_000923,project_00016,org_0027,lint,2026-06-21T14:58:41+00:00,success,921
workflow_006529,pipeline_001653,project_00162,org_0009,test,2026-06-26T12:04:02+00:00,success,3596
workflow_006530,pipeline_000675,project_00173,org_0032,test,2026-02-10T20:16:22+00:00,success,3188
workflow_006531,pipeline_002089,project_00072,org_0081,build-and-test,2026-08-04T12:56:07+00:00,success,2176
workflow_006532,pipeline_002989,project_00178,org_0061,deploy,2026-02-24T22:33:07+00:00,success,294
workflow_006533,pipeline_001216,project_00115,org_0035,deploy,2026-03-31T23:48:58+00:00,success,2679
workflow_006534,pipeline_002606,project_00193,org_0076,integration-tests,2026-01-14T21:40:31+00:00,success,2938
workflow_006535,pipeline_001667,project_00080,org_0048,lint,2026-01-21T17:07:15+00:00,failed,2779
workflow_006536,pipeline_002489,project_00076,org_0002,build-and-test,2026-03-16T10:30:46+00:00,failed,3018
workflow_006537,pipeline_000143,project_00163,org_0017,test,2026-05-23T19:35:44+00:00,success,2453
workflow_006538,pipeline_002909,project_00014,org_0026,integration-tests,2026-04-13T15:46:10+00:00,success,2903
workflow_006539,pipeline_002967,project_00038,org_0037,integration-tests,2026-01-18T17:59:52+00:00,failed,2257
workflow_006540,pipeline_001709,project_00173,org_0032,lint,2026-02-01T01:44:20+00:00,success,3479
workflow_006541,pipeline_001296,project_00016,org_0027,build-and-test,2026-05-21T09:21:24+00:00,success,2845
workflow_006542,pipeline_002357,project_00001,org_0020,lint,2026-04-04T00:46:51+00:00,success,1822
workflow_006543,pipeline_000209,project_00115,org_0035,integration-tests,2026-08-24T13:13:51+00:00,success,1864
workflow_006544,pipeline_000864,project_00018,org_0047,build-and-test,2026-01-18T08:28:15+00:00,success,86
workflow_006545,pipeline_002417,project_00148,org_0022,integration-tests,2026-07-25T19:12:21+00:00,canceled,1660
workflow_006546,pipeline_001665,project_00197,org_0023,integration-tests,2026-03-07T18:19:27+00:00,canceled,450
workflow_006547,pipeline_000913,project_00127,org_0067,build-and-test,2026-05-21T09:09:42+00:00,success,2596
workflow_006548,pipeline_002235,project_00139,org_0092,test,2026-08-28T08:18:03+00:00,success,474
workflow_006549,pipeline_002783,project_00108,org_0012,deploy,2026-04-20T22:07:25+00:00,success,1524
workflow_006550,pipeline_000224,project_00138,org_0054,build-and-test,2026-06-14T11:52:47+00:00,success,1363
workflow_006551,pipeline_001070,project_00125,org_0035,lint,2026-07-03T18:50:23+00:00,success,658
workflow_006552,pipeline_001515,project_00191,org_0076,lint,2026-04-03T12:26:08+00:00,success,664
workflow_006553,pipeline_001431,project_00078,org_0062,deploy,2026-04-29T10:46:10+00:00,success,551
workflow_006554,pipeline_001808,project_00170,org_0064,lint,2026-04-10T09:26:03+00:00,success,1883
workflow_006555,pipeline_001617,project_00177,org_0029,deploy,2026-03-23T06:06:38+00:00,failed,692
workflow_006556,pipeline_002393,project_00089,org_0083,test,2026-02-22T21:34:26+00:00,canceled,3273
workflow_006557,pipeline_002617,project_00139,org_0092,integration-tests,2026-03-10T07:34:26+00:00,canceled,2030
workflow_006558,pipeline_001148,project_00091,org_0085,test,2026-07-02T00:16:55+00:00,success,275
workflow_006559,pipeline_002585,project_00047,org_0081,integration-tests,2026-02-09T17:51:32+00:00,success,2556
workflow_006560,pipeline_001849,project_00180,org_0035,build-and-test,2026-02-02T19:08:41+00:00,success,978
workflow_006561,pipeline_002671,project_00017,org_0074,deploy,2026-06-27T13:06:10+00:00,success,1409
workflow_006562,pipeline_002032,project_00107,org_0094,build-and-test,2026-02-15T23:56:42+00:00,canceled,180
workflow_006563,pipeline_001138,project_00086,org_0013,deploy,2026-04-17T02:54:09+00:00,success,3417
workflow_006564,pipeline_000338,project_00197,org_0023,test,2026-08-12T21:57:46+00:00,failed,3183
workflow_006565,pipeline_001035,project_00053,org_0084,lint,2026-02-18T18:18:48+00:00,success,1739
workflow_006566,pipeline_001364,project_00071,org_0048,build-and-test,2026-06-13T14:12:56+00:00,failed,1105
workflow_006567,pipeline_000430,project_00023,org_0023,test,2026-07-07T20:03:56+00:00,success,1100
workflow_006568,pipeline_001163,project_00118,org_0073,test,2026-05-08T14:19:29+00:00,failed,2078
workflow_006569,pipeline_002593,project_00094,org_0050,deploy,2026-01-01T20:59:06+00:00,success,3272
workflow_006570,pipeline_001697,project_00197,org_0023,integration-tests,2026-04-02T07:49:39+00:00,success,1541
workflow_006571,pipeline_001053,project_00064,org_0044,build-and-test,2026-08-22T20:26:18+00:00,success,3467
workflow_006572,pipeline_002349,project_00170,org_0064,build-and-test,2026-01-20T21:10:42+00:00,failed,3021
workflow_006573,pipeline_001897,project_00011,org_0043,integration-tests,2026-05-29T03:51:13+00:00,success,2466
workflow_006574,pipeline_002073,project_00151,org_0060,lint,2026-03-08T05:40:07+00:00,failed,583
workflow_006575,pipeline_000086,project_00180,org_0035,integration-tests,2026-03-01T11:14:52+00:00,success,2272
workflow_006576,pipeline_000788,project_00135,org_0045,lint,2026-07-23T18:21:05+00:00,success,1636
workflow_006577,pipeline_001333,project_00062,org_0051,deploy,2026-03-28T02:54:30+00:00,success,741
workflow_006578,pipeline_001947,project_00017,org_0074,lint,2026-07-25T17:49:57+00:00,success,3313
workflow_006579,pipeline_001991,project_00028,org_0055,test,2026-02-16T08:53:42+00:00,success,525
workflow_006580,pipeline_001274,project_00056,org_0074,lint,2026-02-24T16:56:05+00:00,success,3154
workflow_006581,pipeline_001107,project_00038,org_0037,build-and-test,2026-03-23T11:09:50+00:00,failed,1813
workflow_006582,pipeline_002842,project_00178,org_0061,build-and-test,2026-04-01T07:37:23+00:00,success,813
workflow_006583,pipeline_001157,project_00045,org_0057,deploy,2026-01-30T04:11:28+00:00,success,1428
workflow_006584,pipeline_001579,project_00157,org_0058,build-and-test,2026-03-22T23:47:55+00:00,success,617
workflow_006585,pipeline_001763,project_00185,org_0064,deploy,2026-03-07T14:45:37+00:00,failed,881
workflow_006586,pipeline_002185,project_00043,org_0095,test,2026-02-24T01:29:15+00:00,canceled,3565
workflow_006587,pipeline_002818,project_00046,org_0095,test,2026-01-19T05:40:59+00:00,success,3480
workflow_006588,pipeline_000037,project_00085,org_0088,integration-tests,2026-04-03T06:23:58+00:00,success,1148
workflow_006589,pipeline_000543,project_00099,org_0003,test,2026-03-16T04:16:42+00:00,failed,3578
workflow_006590,pipeline_001972,project_00100,org_0028,test,2026-04-29T19:10:19+00:00,success,1676
workflow_006591,pipeline_002217,project_00197,org_0023,integration-tests,2026-08-27T02:04:29+00:00,success,2121
workflow_006592,pipeline_001122,project_00154,org_0012,integration-tests,2026-03-11T21:08:22+00:00,canceled,2885
workflow_006593,pipeline_000055,project_00077,org_0016,lint,2026-02-11T23:36:26+00:00,success,324
workflow_006594,pipeline_000620,project_00085,org_0088,lint,2026-04-25T18:47:22+00:00,success,1286
workflow_006595,pipeline_000134,project_00195,org_0082,deploy,2026-05-17T19:05:39+00:00,success,897
workflow_006596,pipeline_002002,project_00042,org_0070,integration-tests,2026-02-25T16:14:39+00:00,canceled,3033
workflow_006597,pipeline_missing_999,project_00102,org_0099,deploy,2026-06-16T04:08:00+00:00,success,678
workflow_006598,pipeline_001849,project_00180,org_0035,deploy,2026-02-02T19:08:41+00:00,success,1707
workflow_006599,pipeline_000514,project_00122,org_0050,lint,2026-04-28T00:56:42+00:00,success,2983
workflow_006600,pipeline_001760,project_00124,org_0032,lint,2026-01-24T05:14:54+00:00,success,2546
workflow_006601,pipeline_001376,project_00070,org_0012,integration-tests,2026-03-08T03:40:15+00:00,failed,3552
workflow_006602,pipeline_000507,project_00034,org_0084,integration-tests,2026-08-28T03:39:04+00:00,success,1229
workflow_006603,pipeline_001577,project_00073,org_0055,integration-tests,2026-02-21T04:23:23+00:00,canceled,2652
workflow_006604,pipeline_002894,project_00136,org_0098,lint,2026-04-01T21:46:56+00:00,failed,2420
workflow_006605,pipeline_002810,project_00032,org_0046,deploy,2026-08-27T08:04:17+00:00,running,1215
workflow_006606,pipeline_001100,project_00184,org_0073,integration-tests,2026-03-23T19:03:22+00:00,success,3255
workflow_006607,pipeline_000299,project_00075,org_0017,deploy,2026-02-12T20:35:44+00:00,success,1449
workflow_006608,pipeline_002610,project_00127,org_0067,lint,2026-08-26T01:38:16+00:00,success,3578
workflow_006609,pipeline_002981,project_00092,org_0078,lint,2026-04-05T20:54:14+00:00,success,1097
workflow_006610,pipeline_002906,project_00173,org_0032,integration-tests,2026-08-03T03:39:40+00:00,canceled,48
workflow_006611,pipeline_002813,project_00059,org_0059,test,2026-08-20T11:11:00+00:00,success,2688
workflow_006612,pipeline_001732,project_00089,org_0083,lint,2026-06-22T13:57:01+00:00,success,887
workflow_006613,pipeline_000765,project_00195,org_0082,build-and-test,2026-04-13T10:24:07+00:00,success,1655
workflow_006614,pipeline_000506,project_00033,org_0025,deploy,2026-07-16T08:29:50+00:00,failed,2011
workflow_006615,pipeline_001844,project_00126,org_0016,integration-tests,2026-08-23T21:35:44+00:00,success,1026
workflow_006616,pipeline_001239,project_00024,org_0011,build-and-test,2026-05-06T11:04:33+00:00,canceled,2301
workflow_006617,pipeline_002788,project_00033,org_0025,integration-tests,2026-01-01T03:11:59+00:00,success,847
workflow_006618,pipeline_000418,project_00002,org_0014,test,2026-08-25T02:49:15+00:00,failed,2752
workflow_006619,pipeline_002983,project_00023,org_0023,build-and-test,2026-05-30T03:22:57+00:00,success,461
workflow_006620,pipeline_001631,project_00018,org_0047,lint,2026-05-17T02:27:24+00:00,success,3379
workflow_006621,pipeline_000047,project_00151,org_0060,deploy,2026-08-03T02:48:09+00:00,success,583
workflow_006622,pipeline_002203,project_00200,org_0024,build-and-test,2026-06-03T06:12:26+00:00,failed,3598
workflow_006623,pipeline_002446,project_00150,org_0099,deploy,2026-05-09T04:16:56+00:00,success,3456
workflow_006624,pipeline_002840,project_00013,org_0051,integration-tests,2026-06-29T02:44:07+00:00,success,1526
workflow_006625,pipeline_000795,project_00151,org_0060,build-and-test,2026-06-26T16:53:24+00:00,success,1160
workflow_006626,pipeline_002737,project_00093,org_0038,deploy,2026-07-26T02:25:40+00:00,success,2258
workflow_006627,pipeline_000387,project_00139,org_0092,test,2026-03-20T13:40:04+00:00,success,1095
workflow_006628,pipeline_000355,project_00039,org_0096,test,2026-05-07T22:17:29+00:00,success,375
workflow_006629,pipeline_000089,project_00185,org_0064,lint,2026-08-28T21:21:44+00:00,failed,80
workflow_006630,pipeline_002049,project_00182,org_0031,lint,2026-05-13T20:52:13+00:00,failed,995
workflow_006631,pipeline_002932,project_00198,org_0017,lint,2026-01-28T11:11:18+00:00,success,1216
workflow_006632,pipeline_001627,project_00192,org_0047,build-and-test,2026-02-22T13:27:11+00:00,canceled,1710
workflow_006633,pipeline_002675,project_00169,org_0005,deploy,2026-08-16T06:14:33+00:00,failed,1303
workflow_006634,pipeline_002026,project_00081,org_0100,integration-tests,2026-08-26T00:56:57+00:00,success,569
workflow_006635,pipeline_000593,project_00177,org_0029,test,2026-05-10T06:54:36+00:00,success,3232
workflow_006636,pipeline_002254,project_00195,org_0082,deploy,2026-03-30T18:31:18+00:00,failed,1775
workflow_006637,pipeline_002627,project_00094,org_0050,build-and-test,2026-01-10T23:09:42+00:00,canceled,3209
workflow_006638,pipeline_001003,project_00088,org_0041,test,2026-06-05T02:08:08+00:00,success,1733
workflow_006639,pipeline_000514,project_00122,org_0050,build-and-test,2026-04-28T00:56:42+00:00,success,1214
workflow_006640,pipeline_000136,project_00134,org_0053,build-and-test,2026-02-11T08:22:36+00:00,success,1996
workflow_006641,pipeline_002514,project_00156,org_0034,integration-tests,2026-08-22T18:42:59+00:00,success,2698
workflow_006642,pipeline_000073,project_00158,org_0014,lint,2026-06-18T10:29:00+00:00,success,2549
workflow_006643,pipeline_002145,project_00185,org_0064,build-and-test,2026-07-06T02:11:56+00:00,success,2535
workflow_006644,pipeline_001957,project_00096,org_0047,test,2026-01-27T22:45:16+00:00,success,1761
workflow_006645,pipeline_002175,project_00083,org_0057,lint,2026-05-01T07:40:18+00:00,success,1562
workflow_006646,pipeline_000204,project_00054,org_0032,integration-tests,2026-08-18T10:34:13+00:00,success,2292
workflow_006647,pipeline_000381,project_00176,org_0024,lint,2026-05-17T16:04:03+00:00,success,3345
workflow_006648,pipeline_002760,project_00115,org_0035,deploy,2026-01-06T16:38:44+00:00,success,201
workflow_006649,pipeline_001813,project_00072,org_0081,deploy,2026-08-24T14:53:56+00:00,success,832
workflow_006650,pipeline_000221,project_00182,org_0031,integration-tests,2026-01-03T18:18:28+00:00,failed,1887
workflow_006651,pipeline_000339,project_00043,org_0095,test,2026-03-12T01:25:03+00:00,failed,2399
workflow_006652,pipeline_000074,project_00099,org_0003,deploy,2026-01-02T19:31:10+00:00,success,2498
workflow_006653,pipeline_000636,project_00150,org_0099,build-and-test,2026-04-29T00:41:14+00:00,canceled,1427
workflow_006654,pipeline_002724,project_00180,org_0035,lint,2026-04-21T20:38:27+00:00,success,3290
workflow_006655,pipeline_000163,project_00046,org_0095,lint,2026-04-08T19:57:09+00:00,success,756
workflow_006656,pipeline_002671,project_00017,org_0074,test,2026-06-27T13:06:10+00:00,success,2133
workflow_006657,pipeline_001337,project_00047,org_0081,lint,2026-02-06T00:44:44+00:00,success,2963
workflow_006658,pipeline_002189,project_00018,org_0047,integration-tests,2026-01-26T07:28:41+00:00,success,288
workflow_006659,pipeline_000947,project_00051,org_0038,deploy,2026-01-09T08:19:12+00:00,success,2212
workflow_006660,pipeline_000481,project_00116,org_0081,test,2026-07-26T07:39:47+00:00,canceled,655
workflow_006661,pipeline_002442,project_00122,org_0050,deploy,2026-05-27T20:01:05+00:00,success,2384
workflow_006662,pipeline_001858,project_00012,org_0052,deploy,2026-07-29T12:16:14+00:00,canceled,1373
workflow_006663,pipeline_001049,project_00196,org_0023,build-and-test,2026-06-19T10:35:29+00:00,success,2457
workflow_006664,pipeline_002748,project_00010,org_0067,deploy,2026-01-08T15:07:52+00:00,success,3494
workflow_006665,pipeline_001212,project_00057,org_0049,lint,2026-04-19T14:53:52+00:00,failed,1536
workflow_006666,pipeline_001195,project_00088,org_0041,deploy,2026-04-28T01:57:49+00:00,success,2102
workflow_006667,pipeline_002200,project_00038,org_0037,lint,2026-01-27T09:45:00+00:00,failed,1508
workflow_006668,pipeline_002459,project_00043,org_0095,test,2026-04-18T07:24:27+00:00,success,243
workflow_006669,pipeline_000236,project_00133,org_0098,lint,2026-03-31T23:19:47+00:00,failed,3434
workflow_006670,pipeline_002352,project_00176,org_0024,deploy,2026-06-16T19:14:04+00:00,failed,1134
workflow_006671,pipeline_001756,project_00085,org_0088,deploy,2026-03-03T20:28:19+00:00,success,2482
workflow_006672,pipeline_002144,project_00004,org_0044,deploy,2026-08-12T23:47:57+00:00,success,1465
workflow_006673,pipeline_001473,project_00140,org_0030,test,2026-01-28T22:45:48+00:00,success,1177
workflow_006674,pipeline_001378,project_00172,org_0018,integration-tests,2026-02-17T12:36:06+00:00,success,2048
workflow_006675,pipeline_001479,project_00065,org_0044,build-and-test,2026-06-01T15:02:16+00:00,success,3067
workflow_006676,pipeline_002048,project_00086,org_0013,lint,2026-05-23T10:46:00+00:00,canceled,2557
workflow_006677,pipeline_002381,project_00071,org_0048,build-and-test,2026-05-01T23:17:00+00:00,failed,503
workflow_006678,pipeline_001818,project_00147,org_0018,deploy,2026-08-01T06:32:34+00:00,success,348
workflow_006679,pipeline_000930,project_00033,org_0025,test,2026-07-17T15:16:23+00:00,running,2924
workflow_006680,pipeline_002050,project_00050,org_0077,build-and-test,2026-07-09T20:13:47+00:00,success,888
workflow_006681,pipeline_000969,project_00086,org_0013,build-and-test,2026-03-18T08:52:35+00:00,failed,1565
workflow_006682,pipeline_002758,project_00112,org_0045,lint,2026-03-13T01:49:35+00:00,success,1113
workflow_006683,pipeline_000076,project_00058,org_0052,build-and-test,2026-05-14T17:34:21+00:00,success,1309
workflow_006684,pipeline_001662,project_00080,org_0048,build-and-test,2026-04-17T07:39:26+00:00,success,2561
workflow_006685,pipeline_002774,project_00104,org_0040,deploy,2026-02-05T12:52:34+00:00,running,885
workflow_006686,pipeline_001339,project_00125,org_0035,deploy,2026-08-31T23:47:09+00:00,success,1810
workflow_006687,pipeline_000682,project_00060,org_0001,deploy,2026-02-22T06:38:27+00:00,failed,1599
workflow_006688,pipeline_000224,project_00138,org_0054,integration-tests,2026-06-14T11:52:47+00:00,success,1618
workflow_006689,pipeline_001132,project_00098,org_0088,deploy,2026-03-05T10:14:48+00:00,failed,1662
workflow_006690,pipeline_000929,project_00153,org_0006,deploy,2026-01-27T05:33:36+00:00,success,417
workflow_006691,pipeline_001200,project_00012,org_0052,build-and-test,2026-08-08T21:07:52+00:00,canceled,669
workflow_006692,pipeline_000780,project_00024,org_0011,build-and-test,2026-06-04T21:37:50+00:00,success,1977
workflow_006693,pipeline_000352,project_00021,org_0079,lint,2026-01-22T17:14:14+00:00,success,3282
workflow_006694,pipeline_002385,project_00025,org_0031,test,2026-08-17T11:23:35+00:00,success,3054
workflow_006695,pipeline_001025,project_00156,org_0034,build-and-test,2026-08-16T04:56:21+00:00,success,481
workflow_006696,pipeline_002473,project_00044,org_0058,integration-tests,2026-08-13T00:24:01+00:00,success,2299
workflow_006697,pipeline_000302,project_00069,org_0084,integration-tests,2026-02-18T13:26:59+00:00,failed,77
workflow_006698,pipeline_000024,project_00134,org_0053,test,2026-06-12T13:56:01+00:00,success,1836
workflow_006699,pipeline_000954,project_00039,org_0096,test,2026-05-08T06:12:16+00:00,success,1738
workflow_006700,pipeline_000926,project_00003,org_0015,test,2026-06-26T02:05:56+00:00,success,386
workflow_006701,pipeline_001933,project_00095,org_0082,lint,2026-05-22T13:31:17+00:00,success,775
workflow_006702,pipeline_001081,project_00184,org_0073,build-and-test,2026-07-15T23:33:15+00:00,success,145
workflow_006703,pipeline_000615,project_00148,org_0022,deploy,2026-02-19T02:49:06+00:00,failed,2189
workflow_006704,pipeline_001542,project_00020,org_0068,lint,2026-05-21T16:51:09+00:00,running,252
workflow_006705,pipeline_001626,project_00133,org_0098,lint,2026-08-23T18:30:50+00:00,success,1764
workflow_006706,pipeline_000089,project_00185,org_0064,deploy,2026-08-28T21:21:44+00:00,success,716
workflow_006707,pipeline_000792,project_00119,org_0033,test,2026-08-09T18:36:03+00:00,failed,1833
workflow_006708,pipeline_001818,project_00147,org_0018,test,2026-08-01T06:32:34+00:00,success,1262
workflow_006709,pipeline_002376,project_00020,org_0068,build-and-test,2026-07-13T12:22:18+00:00,success,380
workflow_006710,pipeline_002042,project_00050,org_0077,test,2026-07-19T09:26:50+00:00,success,556
workflow_006711,pipeline_002922,project_00081,org_0100,lint,2026-03-14T04:59:28+00:00,failed,2586
workflow_006712,pipeline_002532,project_00013,org_0051,lint,2026-07-17T01:18:21+00:00,failed,2805
workflow_006713,pipeline_001425,project_00171,org_0008,deploy,2026-08-06T18:33:38+00:00,success,529
workflow_006714,pipeline_001294,project_00117,org_0066,integration-tests,2026-01-15T20:49:02+00:00,success,2170
workflow_006715,pipeline_002558,project_00196,org_0023,integration-tests,2026-05-31T08:50:54+00:00,success,2955
workflow_006716,pipeline_000473,project_00106,org_0082,lint,2026-04-03T15:40:58+00:00,failed,2298
workflow_006717,pipeline_001022,project_00146,org_0035,build-and-test,2026-03-08T14:06:53+00:00,success,463
workflow_006718,pipeline_001300,project_00014,org_0026,build-and-test,2026-02-05T21:36:53+00:00,success,1087
workflow_006719,pipeline_000666,project_00002,org_0014,test,2026-02-08T07:49:03+00:00,success,1229
workflow_006720,pipeline_002875,project_00017,org_0074,integration-tests,2026-07-22T17:35:36+00:00,success,1522
workflow_006721,pipeline_001251,project_00041,org_0047,lint,2026-01-12T17:21:05+00:00,success,334
workflow_006722,pipeline_002756,project_00039,org_0096,deploy,2026-03-25T23:54:32+00:00,success,3065
workflow_006723,pipeline_001925,project_00027,org_0054,test,2026-04-25T03:27:38+00:00,success,32
workflow_006724,pipeline_002796,project_00083,org_0057,lint,2026-08-05T01:02:01+00:00,success,1345
workflow_006725,pipeline_001271,project_00105,org_0020,test,2026-07-15T13:41:27+00:00,success,2253
workflow_006726,pipeline_001442,project_00190,org_0042,lint,2026-01-21T14:11:04+00:00,failed,50
workflow_006727,pipeline_000787,project_00132,org_0076,test,2026-05-13T17:17:34+00:00,success,530
workflow_006728,pipeline_002661,project_00156,org_0034,build-and-test,2026-02-25T14:50:17+00:00,canceled,1681
workflow_006729,pipeline_000366,project_00038,org_0037,lint,2026-06-21T01:25:00+00:00,success,457
workflow_006730,pipeline_000845,project_00186,org_0005,build-and-test,2026-06-14T04:16:37+00:00,success,2782
workflow_006731,pipeline_000515,project_00098,org_0088,lint,2026-06-01T11:43:13+00:00,success,937
workflow_006732,pipeline_000371,project_00053,org_0084,integration-tests,2026-08-01T05:02:34+00:00,success,2692
workflow_006733,pipeline_000360,project_00196,org_0023,lint,2026-02-22T09:05:11+00:00,success,1031
workflow_006734,pipeline_001303,project_00003,org_0015,lint,2026-08-06T20:02:44+00:00,success,1494
workflow_006735,pipeline_001729,project_00005,org_0062,test,2026-05-07T01:34:25+00:00,success,290
workflow_006736,pipeline_002334,project_00107,org_0094,build-and-test,2026-02-06T04:50:21+00:00,success,3520
workflow_006737,pipeline_002663,project_00063,org_0064,test,2026-06-11T07:30:37+00:00,success,561
workflow_006738,pipeline_001634,project_00144,org_0031,build-and-test,2026-07-30T02:38:37+00:00,failed,1822
workflow_006739,pipeline_002265,project_00121,org_0032,deploy,2026-03-02T13:10:51+00:00,failed,337
workflow_006740,pipeline_000504,project_00067,org_0021,lint,2026-01-24T20:27:18+00:00,failed,872
workflow_006741,pipeline_001111,project_00039,org_0096,deploy,2026-06-06T21:29:49+00:00,success,2736
workflow_006742,pipeline_002898,project_00097,org_0073,build-and-test,2026-01-10T01:51:28+00:00,failed,1068
workflow_006743,pipeline_001938,project_00120,org_0030,test,2026-04-15T12:30:19+00:00,failed,2728
workflow_006744,pipeline_001622,project_00044,org_0058,lint,2026-07-23T17:31:29+00:00,success,3113
workflow_006745,pipeline_002164,project_00062,org_0051,deploy,2026-06-07T17:18:41+00:00,success,3482
workflow_006746,pipeline_000256,project_00196,org_0023,lint,2026-07-18T12:06:38+00:00,failed,1233
workflow_006747,pipeline_000518,project_00157,org_0058,build-and-test,2026-04-16T20:43:42+00:00,failed,1761
workflow_006748,pipeline_002094,project_00018,org_0047,test,2026-06-24T13:30:11+00:00,success,948
workflow_006749,pipeline_002124,project_00100,org_0028,integration-tests,2026-03-04T02:02:02+00:00,failed,430
workflow_006750,pipeline_002572,project_00092,org_0078,test,2026-03-08T12:09:05+00:00,success,1005
workflow_006751,pipeline_001144,project_00153,org_0006,lint,2026-06-06T08:58:54+00:00,success,631
workflow_006752,pipeline_000265,project_00026,org_0048,lint,2026-04-15T20:06:28+00:00,success,1083
workflow_006753,pipeline_001331,project_00008,org_0003,deploy,2026-08-29T01:06:22+00:00,failed,986
workflow_006754,pipeline_000404,project_00100,org_0028,lint,2026-07-20T10:38:57+00:00,failed,1137
workflow_006755,pipeline_002378,project_00135,org_0045,test,2026-08-23T03:29:42+00:00,success,168
workflow_006756,pipeline_001326,project_00148,org_0022,test,2026-06-16T15:31:28+00:00,success,2860
workflow_006757,pipeline_000874,project_00063,org_0064,lint,2026-08-14T01:49:23+00:00,running,2705
workflow_006758,pipeline_000427,project_00195,org_0082,deploy,2026-06-15T22:56:48+00:00,success,1220
workflow_006759,pipeline_002625,project_00178,org_0061,lint,2026-03-28T07:42:38+00:00,failed,3264
workflow_006760,pipeline_000992,project_00103,org_0011,build-and-test,2026-08-23T21:35:51+00:00,failed,78
workflow_006761,pipeline_002034,project_00030,org_0063,integration-tests,2026-02-26T22:50:32+00:00,success,2831
workflow_006762,pipeline_000187,project_00104,org_0040,lint,2026-08-18T03:32:13+00:00,success,2391
workflow_006763,pipeline_002804,project_00114,org_0099,test,2026-04-16T04:41:31+00:00,success,1569
workflow_006764,pipeline_000220,project_00073,org_0055,build-and-test,2026-08-21T08:29:19+00:00,success,3167
workflow_006765,pipeline_002159,project_00190,org_0042,deploy,2026-03-30T01:45:52+00:00,running,1153
workflow_006766,pipeline_000437,project_00018,org_0047,test,2026-04-30T12:38:53+00:00,success,1169
workflow_006767,pipeline_002617,project_00139,org_0092,test,2026-03-10T07:34:26+00:00,success,3461
workflow_006768,pipeline_002042,project_00050,org_0077,deploy,2026-07-19T09:26:50+00:00,success,2905
workflow_006769,pipeline_000913,project_00127,org_0067,test,2026-05-21T09:09:42+00:00,running,3428
workflow_006770,pipeline_002675,project_00169,org_0005,integration-tests,2026-08-16T06:14:33+00:00,success,1799
workflow_006771,pipeline_002470,project_00093,org_0038,lint,2026-07-20T08:26:59+00:00,success,2753
workflow_006772,pipeline_001748,project_00058,org_0052,integration-tests,2026-02-23T19:35:06+00:00,failed,669
workflow_006773,pipeline_001487,project_00123,org_0071,deploy,2026-02-20T06:41:50+00:00,success,3342
workflow_006774,pipeline_002877,project_00174,org_0062,lint,2026-07-06T17:48:49+00:00,failed,1339
workflow_006775,pipeline_000200,project_00125,org_0035,test,2026-07-07T05:35:30+00:00,running,3286
workflow_006776,pipeline_002309,project_00061,org_0082,deploy,2026-07-08T22:41:40+00:00,success,368
workflow_006777,pipeline_000474,project_00099,org_0003,integration-tests,2026-01-26T15:43:23+00:00,success,1659
workflow_006778,pipeline_002282,project_00123,org_0071,integration-tests,2026-01-16T17:42:53+00:00,failed,1130
workflow_006779,pipeline_002639,project_00099,org_0003,build-and-test,2026-08-28T02:54:53+00:00,failed,1498
workflow_006780,pipeline_000693,project_00015,org_0050,integration-tests,2026-06-01T23:58:15+00:00,success,2996
workflow_006781,pipeline_002692,project_00100,org_0028,test,2026-02-01T20:23:14+00:00,success,1464
workflow_006782,pipeline_001979,project_00183,org_0076,integration-tests,2026-03-21T01:45:58+00:00,success,306
workflow_006783,pipeline_002174,project_00117,org_0066,test,2026-05-28T12:28:08+00:00,success,657
workflow_006784,pipeline_001600,project_00007,org_0039,lint,2026-03-31T07:48:15+00:00,success,1654
workflow_006785,pipeline_000842,project_00100,org_0028,integration-tests,2026-02-18T22:27:27+00:00,success,734
workflow_006786,pipeline_001180,project_00047,org_0081,build-and-test,2026-03-15T06:31:20+00:00,success,2632
workflow_006787,pipeline_000389,project_00018,org_0047,build-and-test,2026-08-05T10:47:17+00:00,success,3560
workflow_006788,pipeline_001104,project_00179,org_0021,build-and-test,2026-03-17T18:23:27+00:00,failed,2983
workflow_006789,pipeline_002965,project_00168,org_0036,lint,2026-05-11T19:18:12+00:00,success,2028
workflow_006790,pipeline_002101,project_00007,org_0039,integration-tests,2026-01-12T04:38:00+00:00,success,2212
workflow_006791,pipeline_002688,project_00012,org_0052,build-and-test,2026-04-14T00:52:58+00:00,success,3302
workflow_006792,pipeline_000825,project_00194,org_0042,build-and-test,2026-02-13T01:57:01+00:00,failed,644
workflow_006793,pipeline_002736,project_00014,org_0026,build-and-test,2026-06-29T09:39:01+00:00,success,2416
workflow_006794,pipeline_001361,project_00144,org_0031,integration-tests,2026-04-18T23:35:58+00:00,success,2300
workflow_006795,pipeline_000609,project_00134,org_0053,deploy,2026-05-11T10:36:14+00:00,success,363
workflow_006796,pipeline_000760,project_00098,org_0088,test,2026-04-28T11:34:22+00:00,success,2071
workflow_006797,pipeline_000562,project_00107,org_0094,test,2026-07-04T20:45:28+00:00,success,2856
workflow_006798,pipeline_002902,project_00095,org_0082,deploy,2026-02-24T01:26:23+00:00,success,1439
workflow_006799,pipeline_001757,project_00192,org_0047,build-and-test,2026-01-13T13:16:05+00:00,success,2852
workflow_006800,pipeline_001887,project_00035,org_0054,build-and-test,2026-04-27T12:08:21+00:00,canceled,1099
workflow_006801,pipeline_000377,project_00182,org_0031,deploy,2026-02-08T16:22:25+00:00,success,744
workflow_006802,pipeline_002035,project_00098,org_0088,lint,2026-07-03T14:56:14+00:00,success,855
workflow_006803,pipeline_001293,project_00125,org_0035,lint,2026-03-24T13:54:12+00:00,success,2037
workflow_006804,pipeline_001042,project_00153,org_0006,deploy,2026-07-28T15:02:43+00:00,canceled,444
workflow_006805,pipeline_002770,project_00132,org_0076,test,2026-04-01T13:00:07+00:00,failed,78
workflow_006806,pipeline_002496,project_00135,org_0045,test,2026-04-11T02:05:50+00:00,success,1829
workflow_006807,pipeline_002433,project_00122,org_0050,deploy,2026-04-18T14:35:12+00:00,failed,1098
workflow_006808,pipeline_000459,project_00027,org_0054,test,2026-03-22T05:26:26+00:00,success,1895
workflow_006809,pipeline_000269,project_00026,org_0048,integration-tests,2026-03-05T10:27:24+00:00,failed,1207
workflow_006810,pipeline_000588,project_00193,org_0076,test,2026-01-05T19:47:26+00:00,success,3550
workflow_006811,pipeline_002714,project_00005,org_0062,test,2026-02-07T17:40:19+00:00,running,586
workflow_006812,pipeline_002717,project_00007,org_0039,test,2026-04-11T17:23:05+00:00,success,3593
workflow_006813,pipeline_002626,project_00058,org_0052,build-and-test,2026-07-15T22:06:21+00:00,failed,2383
workflow_006814,pipeline_001492,project_00180,org_0035,test,2026-06-15T18:22:38+00:00,failed,3057
workflow_006815,pipeline_002802,project_00147,org_0018,integration-tests,2026-08-01T06:52:42+00:00,success,2519
workflow_006816,pipeline_002893,project_00160,org_0052,integration-tests,2026-06-07T09:15:48+00:00,success,1239
workflow_006817,pipeline_002751,project_00045,org_0057,deploy,2026-01-17T10:14:09+00:00,success,1915
workflow_006818,pipeline_002397,project_00165,org_0074,test,2026-08-14T07:53:39+00:00,success,941
workflow_006819,pipeline_002133,project_00144,org_0031,build-and-test,2026-08-20T18:01:24+00:00,success,2819
workflow_006820,pipeline_000293,project_00077,org_0016,deploy,2026-01-04T13:07:19+00:00,success,378
workflow_006821,pipeline_000981,project_00147,org_0018,test,2026-06-01T19:19:13+00:00,success,2732
workflow_006822,pipeline_002608,project_00051,org_0038,build-and-test,2026-07-29T10:21:41+00:00,success,879
workflow_006823,pipeline_000208,project_00145,org_0051,build-and-test,2026-01-08T05:33:04+00:00,success,1374
workflow_006824,pipeline_000769,project_00114,org_0099,test,2026-05-19T11:00:29+00:00,canceled,2800
workflow_006825,pipeline_000182,project_00071,org_0048,deploy,2026-05-20T14:39:08+00:00,failed,1688
workflow_006826,pipeline_002363,project_00123,org_0071,test,2026-05-17T11:07:23+00:00,canceled,3439
workflow_006827,pipeline_001182,project_00110,org_0016,build-and-test,2026-01-07T20:36:56+00:00,success,601
workflow_006828,pipeline_002988,project_00062,org_0051,deploy,2026-06-12T18:06:40+00:00,success,3536
workflow_006829,pipeline_000697,project_00092,org_0078,build-and-test,2026-06-09T23:27:43+00:00,success,3246
workflow_006830,pipeline_001022,project_00146,org_0035,integration-tests,2026-03-08T14:06:53+00:00,failed,2913
workflow_006831,pipeline_001944,project_00138,org_0054,build-and-test,2026-04-29T07:38:49+00:00,canceled,3130
workflow_006832,pipeline_002948,project_00176,org_0024,integration-tests,2026-01-08T09:59:35+00:00,success,2425
workflow_006833,pipeline_000430,project_00023,org_0023,deploy,2026-07-07T20:03:56+00:00,success,2187
workflow_006834,pipeline_001447,project_00114,org_0099,integration-tests,2026-06-01T17:43:02+00:00,failed,2156
workflow_006835,pipeline_000841,project_00199,org_0090,lint,2026-03-18T14:55:46+00:00,success,537
workflow_006836,pipeline_000923,project_00016,org_0027,build-and-test,2026-06-21T14:58:41+00:00,success,3063
workflow_006837,pipeline_002269,project_00174,org_0062,deploy,2026-06-03T09:49:28+00:00,success,2690
workflow_006838,pipeline_000222,project_00097,org_0073,integration-tests,2026-03-21T18:38:27+00:00,success,3346
workflow_006839,pipeline_002442,project_00122,org_0050,deploy,2026-05-27T20:01:05+00:00,success,1555
workflow_006840,pipeline_000438,project_00030,org_0063,integration-tests,2026-05-10T10:25:18+00:00,success,1869
workflow_006841,pipeline_002226,project_00014,org_0026,test,2026-06-16T02:31:15+00:00,success,2481
workflow_006842,pipeline_002231,project_00087,org_0094,integration-tests,2026-08-31T11:27:25+00:00,failed,3323
workflow_006843,pipeline_001010,project_00056,org_0074,integration-tests,2026-06-21T16:16:49+00:00,success,1849
workflow_006844,pipeline_002614,project_00095,org_0082,test,2026-01-21T03:28:56+00:00,running,1822
workflow_006845,pipeline_000948,project_00174,org_0062,integration-tests,2026-02-23T07:12:08+00:00,success,944
workflow_006846,pipeline_000856,project_00042,org_0070,lint,2026-02-26T01:24:14+00:00,success,1054
workflow_006847,pipeline_002355,project_00053,org_0084,test,2026-03-05T15:43:36+00:00,success,1284
workflow_006848,pipeline_001501,project_00135,org_0045,test,2026-04-14T21:36:33+00:00,success,1830
workflow_006849,pipeline_002000,project_00161,org_0075,build-and-test,2026-03-17T11:22:17+00:00,success,982
workflow_006850,pipeline_001459,project_00091,org_0085,test,2026-08-07T16:55:03+00:00,success,2109
workflow_006851,pipeline_002125,project_00051,org_0038,deploy,2026-05-08T00:24:08+00:00,failed,1110
workflow_006852,pipeline_002261,project_00046,org_0095,build-and-test,2026-07-27T08:48:20+00:00,success,3221
workflow_006853,pipeline_002094,project_00018,org_0047,build-and-test,2026-06-24T13:30:11+00:00,success,3352
workflow_006854,pipeline_000734,project_00137,org_0014,integration-tests,2026-04-02T19:14:20+00:00,success,981
workflow_006855,pipeline_002120,project_00018,org_0047,test,2026-01-16T14:02:20+00:00,success,588
workflow_006856,pipeline_002987,project_00198,org_0017,integration-tests,2026-06-14T11:17:05+00:00,success,2001
workflow_006857,pipeline_002424,project_00195,org_0082,integration-tests,2026-04-04T15:50:26+00:00,failed,1425
workflow_006858,pipeline_002112,project_00194,org_0042,lint,2026-05-20T22:23:49+00:00,failed,927
workflow_006859,pipeline_001903,project_00022,org_0045,build-and-test,2026-01-06T00:28:48+00:00,running,1775
workflow_006860,pipeline_001208,project_00035,org_0054,build-and-test,2026-04-16T00:38:07+00:00,success,3510
workflow_006861,pipeline_000962,project_00193,org_0076,deploy,2026-02-02T15:11:56+00:00,failed,1857
workflow_006862,pipeline_000067,project_00121,org_0032,lint,2026-03-17T13:16:46+00:00,success,2819
workflow_006863,pipeline_002022,project_00133,org_0098,build-and-test,2026-06-17T16:31:00+00:00,success,2743
workflow_006864,pipeline_002860,project_00159,org_0008,lint,2026-03-26T10:42:46+00:00,success,984
workflow_006865,pipeline_000372,project_00160,org_0052,build-and-test,2026-02-24T21:27:12+00:00,success,312
workflow_006866,pipeline_002944,project_00145,org_0051,lint,2026-03-12T23:33:39+00:00,failed,457
workflow_006867,pipeline_002418,project_00039,org_0096,test,2026-01-08T14:24:21+00:00,success,932
workflow_006868,pipeline_000105,project_00181,org_0050,integration-tests,2026-07-23T19:39:26+00:00,success,871
workflow_006869,pipeline_002976,project_00081,org_0100,build-and-test,2026-04-10T01:44:25+00:00,failed,1077
workflow_006870,pipeline_002807,project_00179,org_0021,build-and-test,2026-08-14T22:29:08+00:00,success,2048
workflow_006871,pipeline_002551,project_00097,org_0073,build-and-test,2026-05-14T20:59:57+00:00,running,64
workflow_006872,pipeline_000881,project_00037,org_0005,lint,2026-06-10T07:47:14+00:00,success,2701
workflow_006873,pipeline_000866,project_00196,org_0023,build-and-test,2026-02-23T19:07:16+00:00,success,3350
workflow_006874,pipeline_002206,project_00154,org_0012,integration-tests,2026-07-22T10:28:52+00:00,success,238
workflow_006875,pipeline_000060,project_00182,org_0031,test,2026-08-11T03:49:18+00:00,running,1549
workflow_006876,pipeline_002120,project_00018,org_0047,deploy,2026-01-16T14:02:20+00:00,success,619
workflow_006877,pipeline_000396,project_00100,org_0028,lint,2026-07-10T20:36:17+00:00,success,1137
workflow_006878,pipeline_001839,project_00198,org_0017,test,2026-05-19T00:03:11+00:00,success,1797
workflow_006879,pipeline_002290,project_00170,org_0064,test,2026-06-20T19:48:21+00:00,canceled,1028
workflow_006880,pipeline_000604,project_00118,org_0073,test,2026-02-03T21:46:35+00:00,failed,1345
workflow_006881,pipeline_000249,project_00142,org_0065,lint,2026-03-11T07:36:27+00:00,canceled,3448
workflow_006882,pipeline_000551,project_00012,org_0052,integration-tests,2026-04-05T05:57:55+00:00,success,128
workflow_006883,pipeline_001374,project_00002,org_0014,deploy,2026-01-21T09:15:05+00:00,success,1836
workflow_006884,pipeline_002558,project_00196,org_0023,build-and-test,2026-05-31T08:50:54+00:00,success,3365
workflow_006885,pipeline_001845,project_00049,org_0073,deploy,2026-03-23T16:23:38+00:00,canceled,3093
workflow_006886,pipeline_002983,project_00023,org_0023,build-and-test,2026-05-30T03:22:57+00:00,success,1982
workflow_006887,pipeline_002248,project_00166,org_0064,integration-tests,2026-01-26T03:00:02+00:00,success,989
workflow_006888,pipeline_001286,project_00022,org_0045,test,2026-06-10T11:14:57+00:00,success,2230
workflow_006889,pipeline_000405,project_00113,org_0017,integration-tests,2026-06-04T14:00:02+00:00,success,3315
workflow_006890,pipeline_001698,project_00157,org_0058,integration-tests,2026-08-21T16:40:15+00:00,failed,3091
workflow_006891,pipeline_001078,project_00060,org_0001,test,2026-08-24T15:26:28+00:00,success,1367
workflow_006892,pipeline_002884,project_00001,org_0020,lint,2026-05-24T17:11:35+00:00,running,3077
workflow_006893,pipeline_002856,project_00018,org_0047,integration-tests,2026-06-03T22:08:50+00:00,failed,3406
workflow_006894,pipeline_002987,project_00198,org_0017,lint,2026-06-14T11:17:05+00:00,success,789
workflow_006895,pipeline_000138,project_00016,org_0027,test,2026-04-25T14:54:34+00:00,success,2634
workflow_006896,pipeline_001481,project_00129,org_0012,build-and-test,2026-05-02T06:16:53+00:00,running,1545
workflow_006897,pipeline_002829,project_00110,org_0016,test,2026-07-05T18:41:02+00:00,success,3296
workflow_006898,pipeline_001150,project_00105,org_0020,build-and-test,2026-05-02T10:55:09+00:00,success,743
workflow_006899,pipeline_000199,project_00065,org_0044,build-and-test,2026-05-27T03:38:18+00:00,failed,2675
workflow_006900,pipeline_002042,project_00050,org_0077,test,2026-07-19T09:26:50+00:00,success,2474
workflow_006901,pipeline_002784,project_00185,org_0064,deploy,2026-04-13T20:24:26+00:00,success,128
workflow_006902,pipeline_000294,project_00002,org_0014,deploy,2026-08-01T21:42:28+00:00,failed,3569
workflow_006903,pipeline_002571,project_00051,org_0038,build-and-test,2026-03-20T16:59:17+00:00,success,166
workflow_006904,pipeline_001430,project_00036,org_0011,integration-tests,2026-03-19T11:32:12+00:00,success,2610
workflow_006905,pipeline_001961,project_00031,org_0041,build-and-test,2026-05-02T00:55:53+00:00,success,3482
workflow_006906,pipeline_001044,project_00156,org_0034,test,2026-07-06T17:47:38+00:00,canceled,1501
workflow_006907,pipeline_001268,project_00013,org_0051,integration-tests,2026-05-03T04:06:03+00:00,success,230
workflow_006908,pipeline_000056,project_00071,org_0048,build-and-test,2026-04-12T10:03:56+00:00,failed,183
workflow_006909,pipeline_000093,project_00029,org_0089,test,2026-08-11T23:29:29+00:00,failed,1073
workflow_006910,pipeline_001470,project_00113,org_0017,test,2026-04-22T02:32:45+00:00,success,1607
workflow_006911,pipeline_002165,project_00049,org_0073,deploy,2026-01-10T03:05:17+00:00,success,2223
workflow_006912,pipeline_001806,project_00196,org_0023,test,2026-06-06T22:18:32+00:00,success,1694
workflow_006913,pipeline_000078,project_00075,org_0017,test,2026-06-27T01:32:28+00:00,running,2289
workflow_006914,pipeline_002380,project_00148,org_0022,integration-tests,2026-03-24T10:52:37+00:00,success,1185
workflow_006915,pipeline_001624,project_00134,org_0053,lint,2026-05-06T04:51:23+00:00,success,1846
workflow_006916,pipeline_001729,project_00005,org_0062,build-and-test,2026-05-07T01:34:25+00:00,success,818
workflow_006917,pipeline_002173,project_00122,org_0050,build-and-test,2026-04-08T22:16:04+00:00,failed,2497
workflow_006918,pipeline_001358,project_00003,org_0015,build-and-test,2026-05-04T17:27:57+00:00,success,2107
workflow_006919,pipeline_000460,project_00037,org_0005,deploy,2026-04-21T00:14:46+00:00,success,467
workflow_006920,pipeline_001574,project_00049,org_0073,test,2026-08-05T18:31:26+00:00,success,2724
workflow_006921,pipeline_001528,project_00090,org_0077,build-and-test,2026-02-12T09:28:38+00:00,success,511
workflow_006922,pipeline_001508,project_00005,org_0062,integration-tests,2026-05-29T13:58:49+00:00,success,122
workflow_006923,pipeline_001263,project_00070,org_0012,deploy,2026-02-12T02:22:10+00:00,success,118
workflow_006924,pipeline_001799,project_00055,org_0032,build-and-test,2026-04-30T07:18:52+00:00,failed,1081
workflow_006925,pipeline_000292,project_00074,org_0001,lint,2026-07-02T05:14:30+00:00,failed,2000
workflow_006926,pipeline_001984,project_00175,org_0065,lint,2026-08-10T13:48:56+00:00,failed,3382
workflow_006927,pipeline_000416,project_00161,org_0075,build-and-test,2026-03-12T04:12:32+00:00,failed,966
workflow_006928,pipeline_000641,project_00161,org_0075,deploy,2026-07-04T21:01:15+00:00,success,1908
workflow_006929,pipeline_001647,project_00055,org_0032,lint,2026-08-28T14:36:58+00:00,success,1513
workflow_006930,pipeline_001259,project_00024,org_0011,lint,2026-07-22T12:44:31+00:00,success,2118
workflow_006931,pipeline_001041,project_00124,org_0032,test,2026-01-08T16:39:09+00:00,success,2461
workflow_006932,pipeline_001718,project_00177,org_0029,test,2026-08-28T17:06:15+00:00,success,2666
workflow_006933,pipeline_002069,project_00173,org_0032,integration-tests,2026-06-23T04:23:15+00:00,canceled,767
workflow_006934,pipeline_001030,project_00190,org_0042,test,2026-05-08T15:36:41+00:00,success,2750
workflow_006935,pipeline_002222,project_00118,org_0073,deploy,2026-07-28T17:00:40+00:00,success,3194
workflow_006936,pipeline_000276,project_00164,org_0006,build-and-test,2026-05-12T00:41:13+00:00,failed,3286
workflow_006937,pipeline_000992,project_00103,org_0011,lint,2026-08-23T21:35:51+00:00,success,1143
workflow_006938,pipeline_002797,project_00043,org_0095,test,2026-05-20T22:23:24+00:00,failed,2947
workflow_006939,pipeline_002440,project_00159,org_0008,deploy,2026-02-22T05:46:15+00:00,failed,1904
workflow_006940,pipeline_002937,project_00010,org_0067,test,2026-06-16T17:03:27+00:00,running,408
workflow_006941,pipeline_002940,project_00162,org_0009,test,2026-04-26T16:46:18+00:00,canceled,1256
workflow_006942,pipeline_002172,project_00090,org_0077,integration-tests,2026-07-10T10:00:21+00:00,running,111
workflow_006943,pipeline_000021,project_00113,org_0017,integration-tests,2026-06-30T14:39:15+00:00,success,1604
workflow_006944,pipeline_001392,project_00086,org_0013,integration-tests,2026-01-21T15:27:35+00:00,success,1689
workflow_006945,pipeline_000962,project_00193,org_0076,integration-tests,2026-02-02T15:11:56+00:00,success,3096
workflow_006946,pipeline_001185,project_00078,org_0062,integration-tests,2026-02-12T17:47:11+00:00,failed,3309
workflow_006947,pipeline_002061,project_00114,org_0099,lint,2026-03-13T19:39:08+00:00,success,2667
workflow_006948,pipeline_001953,project_00090,org_0077,deploy,2026-02-01T16:16:21+00:00,success,2758
workflow_006949,pipeline_002616,project_00146,org_0035,lint,2026-01-15T21:07:44+00:00,success,1073
workflow_006950,pipeline_002344,project_00058,org_0052,lint,2026-06-24T11:30:44+00:00,canceled,1884
workflow_006951,pipeline_002176,project_00158,org_0014,build-and-test,2026-06-09T11:08:07+00:00,success,1153
workflow_006952,pipeline_000607,project_00107,org_0094,test,2026-07-30T06:32:22+00:00,success,438
workflow_006953,pipeline_002204,project_00116,org_0081,lint,2026-08-24T12:23:52+00:00,success,549
workflow_006954,pipeline_002205,project_00158,org_0014,integration-tests,2026-07-17T21:19:29+00:00,success,1838
workflow_006955,pipeline_001783,project_00066,org_0081,lint,2026-03-12T22:44:39+00:00,success,2873
workflow_006956,pipeline_001640,project_00020,org_0068,build-and-test,2026-01-21T06:26:18+00:00,failed,364
workflow_006957,pipeline_002410,project_00165,org_0074,build-and-test,2026-03-29T02:46:27+00:00,success,1524
workflow_006958,pipeline_000671,project_00084,org_0081,lint,2026-07-11T17:44:12+00:00,failed,546
workflow_006959,pipeline_001403,project_00004,org_0044,integration-tests,2026-07-04T07:35:56+00:00,success,2533
workflow_006960,pipeline_000863,project_00056,org_0074,build-and-test,2026-03-13T02:24:09+00:00,success,3571
workflow_006961,pipeline_002374,project_00077,org_0016,lint,2026-02-23T04:10:55+00:00,failed,3498
workflow_006962,pipeline_000064,project_00168,org_0036,integration-tests,2026-02-04T16:20:04+00:00,failed,1752
workflow_006963,pipeline_001833,project_00039,org_0096,test,2026-04-11T12:41:03+00:00,success,137
workflow_006964,pipeline_002574,project_00174,org_0062,test,2026-02-09T11:30:28+00:00,failed,1816
workflow_006965,pipeline_000871,project_00050,org_0077,integration-tests,2026-08-29T06:44:23+00:00,success,3406
workflow_006966,pipeline_001703,project_00120,org_0030,lint,2026-02-02T02:15:54+00:00,success,1271
workflow_006967,pipeline_001137,project_00029,org_0089,lint,2026-08-01T23:10:03+00:00,success,2001
workflow_006968,pipeline_000455,project_00197,org_0023,test,2026-05-02T08:31:55+00:00,success,3327
workflow_006969,pipeline_001845,project_00049,org_0073,lint,2026-03-23T16:23:38+00:00,canceled,256
workflow_006970,pipeline_000553,project_00157,org_0058,test,2026-03-08T06:56:25+00:00,running,3101
workflow_006971,pipeline_000075,project_00083,org_0057,build-and-test,2026-07-26T05:35:37+00:00,success,1185
workflow_006972,pipeline_001049,project_00196,org_0023,integration-tests,2026-06-19T10:35:29+00:00,success,2651
workflow_006973,pipeline_002544,project_00165,org_0074,integration-tests,2026-06-21T15:38:21+00:00,failed,1343
workflow_006974,pipeline_001878,project_00183,org_0076,test,2026-04-25T20:14:56+00:00,success,1625
workflow_006975,pipeline_002581,project_00116,org_0081,deploy,2026-03-21T13:42:58+00:00,success,1124
workflow_006976,pipeline_002252,project_00041,org_0047,test,2026-03-07T10:55:19+00:00,success,3030
workflow_006977,pipeline_001380,project_00024,org_0011,lint,2026-04-13T10:54:22+00:00,success,3443
workflow_006978,pipeline_002758,project_00112,org_0045,lint,2026-03-13T01:49:35+00:00,success,3421
workflow_006979,pipeline_001386,project_00159,org_0008,test,2026-07-19T09:49:54+00:00,running,43
workflow_006980,pipeline_002903,project_00131,org_0095,test,2026-05-03T01:59:49+00:00,success,2345
workflow_006981,pipeline_001399,project_00127,org_0067,deploy,2026-03-21T21:18:47+00:00,failed,2839
workflow_006982,pipeline_001841,project_00013,org_0051,deploy,2026-06-23T12:35:35+00:00,success,3035
workflow_006983,pipeline_001926,project_00058,org_0052,deploy,2026-06-21T20:44:05+00:00,success,2924
workflow_006984,pipeline_002849,project_00044,org_0058,deploy,2026-01-12T22:11:32+00:00,success,2372
workflow_006985,pipeline_001340,project_00081,org_0100,integration-tests,2026-06-25T02:29:32+00:00,failed,2069
workflow_006986,pipeline_000247,project_00081,org_0100,integration-tests,2026-06-10T04:05:19+00:00,success,1146
workflow_006987,pipeline_000646,project_00050,org_0077,lint,2026-03-13T03:59:25+00:00,failed,123
workflow_006988,pipeline_000962,project_00193,org_0076,lint,2026-02-02T15:11:56+00:00,canceled,3351
workflow_006989,pipeline_002500,project_00127,org_0067,integration-tests,2026-03-26T04:33:25+00:00,success,2635
workflow_006990,pipeline_000768,project_00067,org_0021,lint,2026-03-05T12:26:33+00:00,success,1284
workflow_006991,pipeline_001083,project_00124,org_0032,integration-tests,2026-07-29T23:23:24+00:00,success,3185
workflow_006992,pipeline_002458,project_00109,org_0079,test,2026-08-01T07:51:29+00:00,success,1506
workflow_006993,pipeline_000190,project_00119,org_0033,build-and-test,2026-07-14T14:48:23+00:00,canceled,2500
workflow_006994,pipeline_001631,project_00018,org_0047,build-and-test,2026-05-17T02:27:24+00:00,success,947
workflow_006995,pipeline_001959,project_00154,org_0012,lint,2026-05-26T07:30:04+00:00,failed,1942
workflow_006996,pipeline_002789,project_00137,org_0014,integration-tests,2026-06-05T09:29:13+00:00,success,1169
workflow_006997,pipeline_002012,project_00066,org_0081,build-and-test,2026-03-04T06:15:34+00:00,success,1209
workflow_006998,pipeline_002312,project_00097,org_0073,build-and-test,2026-02-02T04:28:56+00:00,success,1625
workflow_006999,pipeline_000791,project_00012,org_0052,lint,2026-07-19T09:22:12+00:00,success,118
workflow_007000,pipeline_002813,project_00059,org_0059,lint,2026-08-20T11:11:00+00:00,failed,1435
